active_sample_index,active_split,all_issue_flags,byte_sequence_dtype,byte_sequence_shape,cache_label,cache_path_exists,cache_source_sha256,conflict_bucket,label,lightweight_features_dtype,lightweight_features_shape,loop28_error_type,loop28_score,manifest_source_sha256_group_size,manual_label_verdict,objective_issue_count,objective_issue_flags,pe_features_dtype,pe_features_shape,pe_has_exports,pe_has_imports,pe_has_resources,pe_has_security_directory,pe_is_dll,pe_machine,pe_overlay_size,pe_sections,queue_source_sha256_group_size,recommended_action,review_lane,review_priority_rank,source_file_sha256,source_path,source_sha256,stat_features_dtype,stat_features_shape,strict_pe_parse_ok
65033,test,,uint8,8192,0,True,37acd8bca76578edb281ac23a31f1415fe94d2b3981e43488051aa82bccb7c12,severe_fp_conflict_prob_ge_0.99,0,float32,256,FP,0.9999155998,1,,0,,float32,256,False,True,True,False,False,332,0,4,1,,A_unfixed_severe_conflict,1,37acd8bca76578edb281ac23a31f1415fe94d2b3981e43488051aa82bccb7c12,E:\Project\python\Axon_v2.6Exp\data\待加入白名单\37acd8bca76578edb281ac23a31f1415fe94d2b3981e43488051aa82bccb7c12,37acd8bca76578edb281ac23a31f1415fe94d2b3981e43488051aa82bccb7c12,float32,49,True
73824,test,,uint8,8192,0,True,7476e0919e0013b2208ecbebe20dd29fc58f4555e93c0992abf12f49a94a5618,severe_fp_conflict_prob_ge_0.99,0,float32,256,FP,0.9998964071,1,,0,,float32,256,True,True,True,False,False,332,22600130,11,1,,A_unfixed_severe_conflict,2,7476e0919e0013b2208ecbebe20dd29fc58f4555e93c0992abf12f49a94a5618,E:\Project\python\Axon_v2.6Exp\data\待加入白名单\7476e0919e0013b2208ecbebe20dd29fc58f4555e93c0992abf12f49a94a5618,7476e0919e0013b2208ecbebe20dd29fc58f4555e93c0992abf12f49a94a5618,float32,49,True
152963,test,,uint8,8192,0,True,76359cd4b0349a83337b941332ad042c90351c2bb0a4628307740324c97984cc,severe_fp_conflict_prob_ge_0.99,0,float32,256,FP,0.9998275638,1,,0,,float32,256,False,True,True,False,False,332,0,3,1,,A_unfixed_severe_conflict,3,76359cd4b0349a83337b941332ad042c90351c2bb0a4628307740324c97984cc,E:\Project\python\Axon_v2.6Exp\data\待加入白名单\76359CD4B0349A83337B941332AD042C90351C2BB0A4628307740324C97984CC,76359cd4b0349a83337b941332ad042c90351c2bb0a4628307740324c97984cc,float32,49,True
64067,test,,uint8,8192,0,True,ef296e133fb1e675afe893d40e20cc528adaa383cc0831c8c0deb8db83e1d233,severe_fp_conflict_prob_ge_0.99,0,float32,256,FP,0.9998223186,1,,0,,float32,256,False,True,True,False,False,332,8418144,5,1,,A_unfixed_severe_conflict,4,ef296e133fb1e675afe893d40e20cc528adaa383cc0831c8c0deb8db83e1d233,E:\Project\python\Axon_v2.6Exp\data\待加入白名单\ef296e133fb1e675afe893d40e20cc528adaa383cc0831c8c0deb8db83e1d233,ef296e133fb1e675afe893d40e20cc528adaa383cc0831c8c0deb8db83e1d233,float32,49,True
50332,test,,uint8,8192,0,True,4e7caced7dc31493fb6b5f4917da163c6e9e61f0b16906a6e70b2a242fdcea8d,severe_fp_conflict_prob_ge_0.99,0,float32,256,FP,0.9998005033,1,,0,,float32,256,False,True,True,False,False,332,0,3,1,,A_unfixed_severe_conflict,5,4e7caced7dc31493fb6b5f4917da163c6e9e61f0b16906a6e70b2a242fdcea8d,E:\Project\python\Axon_v2.6Exp\data\待加入白名单\4E7CACED7DC31493FB6B5F4917DA163C6E9E61F0B16906A6E70B2A242FDCEA8D,4e7caced7dc31493fb6b5f4917da163c6e9e61f0b16906a6e70b2a242fdcea8d,float32,49,True
182380,test,,uint8,8192,0,True,5f99d29063806fc37a746512333e2cb7aaddb28b0510ba72d747bf22ea7ea3c7,severe_fp_conflict_prob_ge_0.99,0,float32,256,FP,0.9997823834,1,,0,,float32,256,False,True,True,False,False,332,100861020,6,1,,A_unfixed_severe_conflict,6,5f99d29063806fc37a746512333e2cb7aaddb28b0510ba72d747bf22ea7ea3c7,E:\Project\python\Axon_v2.6Exp\data\待加入白名单\5f99d29063806fc37a746512333e2cb7aaddb28b0510ba72d747bf22ea7ea3c7.exe,5f99d29063806fc37a746512333e2cb7aaddb28b0510ba72d747bf22ea7ea3c7,float32,49,True
47094,test,,uint8,8192,0,True,9592d51ff4b3054c18c37790a4487d77f972a2c686eb2236e3ce91f095f459f5,severe_fp_conflict_prob_ge_0.99,0,float32,256,FP,0.9997733235,1,,0,,float32,256,False,True,True,False,False,332,497794,4,1,,A_unfixed_severe_conflict,7,9592d51ff4b3054c18c37790a4487d77f972a2c686eb2236e3ce91f095f459f5,E:\Project\python\Axon_v2.6Exp\data\待加入白名单\9592d51ff4b3054c18c37790a4487d77f972a2c686eb2236e3ce91f095f459f5,9592d51ff4b3054c18c37790a4487d77f972a2c686eb2236e3ce91f095f459f5,float32,49,True
69588,test,,uint8,8192,0,True,da4a852113f28ea6d86540f27130b0013041a24680cb3d2d1fdc599b69ba7932,severe_fp_conflict_prob_ge_0.99,0,float32,256,FP,0.9997724295,1,,0,,float32,256,True,True,True,False,False,332,9179,10,1,,A_unfixed_severe_conflict,8,da4a852113f28ea6d86540f27130b0013041a24680cb3d2d1fdc599b69ba7932,E:\Project\python\Axon_v2.6Exp\data\待加入白名单\DA4A852113F28EA6D86540F27130B0013041A24680CB3D2D1FDC599B69BA7932,da4a852113f28ea6d86540f27130b0013041a24680cb3d2d1fdc599b69ba7932,float32,49,True
69211,test,,uint8,8192,0,True,ba8d38e7ee9248cdaab7c2a2ebadb940050604854a33f277805aedaad81b3619,severe_fp_conflict_prob_ge_0.99,0,float32,256,FP,0.9997559786,1,,0,,float32,256,False,True,True,False,False,332,471403,5,1,,A_unfixed_severe_conflict,9,ba8d38e7ee9248cdaab7c2a2ebadb940050604854a33f277805aedaad81b3619,E:\Project\python\Axon_v2.6Exp\data\待加入白名单\ba8d38e7ee9248cdaab7c2a2ebadb940050604854a33f277805aedaad81b3619,ba8d38e7ee9248cdaab7c2a2ebadb940050604854a33f277805aedaad81b3619,float32,49,True
128509,test,,uint8,8192,0,True,9ee3dbdd42280459bc8e0f85fbec75aa537ff29f776756c63c3f9b3b5901c0dd,severe_fp_conflict_prob_ge_0.99,0,float32,256,FP,0.9997557998,1,,0,,float32,256,True,True,True,False,False,332,9627,11,1,,A_unfixed_severe_conflict,10,9ee3dbdd42280459bc8e0f85fbec75aa537ff29f776756c63c3f9b3b5901c0dd,E:\Project\python\Axon_v2.6Exp\data\待加入白名单\9ee3dbdd42280459bc8e0f85fbec75aa537ff29f776756c63c3f9b3b5901c0dd,9ee3dbdd42280459bc8e0f85fbec75aa537ff29f776756c63c3f9b3b5901c0dd,float32,49,True
82765,test,,uint8,8192,0,True,011d62a6610847c609ce461f03e6ea53157f052c77a98c64aa84af2427ada9d0,severe_fp_conflict_prob_ge_0.99,0,float32,256,FP,0.9997353554,1,,0,,float32,256,False,True,True,False,False,332,0,3,1,,A_unfixed_severe_conflict,11,011d62a6610847c609ce461f03e6ea53157f052c77a98c64aa84af2427ada9d0,E:\Project\python\Axon_v2.6Exp\data\待加入白名单\011D62A6610847C609CE461F03E6EA53157F052C77A98C64AA84AF2427ADA9D0,011d62a6610847c609ce461f03e6ea53157f052c77a98c64aa84af2427ada9d0,float32,49,True
144967,test,,uint8,8192,0,True,abf9baaf6083ac890c91b9c3bb875634fb08798eae24c568c5aff121a9300bbc,severe_fp_conflict_prob_ge_0.99,0,float32,256,FP,0.9997315407,1,,0,,float32,256,True,True,True,False,False,332,9179,10,1,,A_unfixed_severe_conflict,12,abf9baaf6083ac890c91b9c3bb875634fb08798eae24c568c5aff121a9300bbc,E:\Project\python\Axon_v2.6Exp\data\待加入白名单\abf9baaf6083ac890c91b9c3bb875634fb08798eae24c568c5aff121a9300bbc,abf9baaf6083ac890c91b9c3bb875634fb08798eae24c568c5aff121a9300bbc,float32,49,True
78528,test,,uint8,8192,0,True,a32f45ea30248c87331f5282a4430a4f98c0f2ee0820454a2e923964a8bc58ef,severe_fp_conflict_prob_ge_0.99,0,float32,256,FP,0.999720633,1,,0,,float32,256,False,True,True,False,False,332,0,3,1,,A_unfixed_severe_conflict,13,a32f45ea30248c87331f5282a4430a4f98c0f2ee0820454a2e923964a8bc58ef,E:\Project\python\Axon_v2.6Exp\data\待加入白名单\a32f45ea30248c87331f5282a4430a4f98c0f2ee0820454a2e923964a8bc58ef,a32f45ea30248c87331f5282a4430a4f98c0f2ee0820454a2e923964a8bc58ef,float32,49,True
123851,test,,uint8,8192,0,True,cc191ad151988e6338abf30a4cb9b69e9c939a8457e9986393a9fed419267d84,severe_fp_conflict_prob_ge_0.99,0,float32,256,FP,0.9996902347,1,,0,,float32,256,True,True,True,False,False,332,821900,5,1,,A_unfixed_severe_conflict,14,cc191ad151988e6338abf30a4cb9b69e9c939a8457e9986393a9fed419267d84,E:\Project\python\Axon_v2.6Exp\data\待加入白名单\cc191ad151988e6338abf30a4cb9b69e9c939a8457e9986393a9fed419267d84,cc191ad151988e6338abf30a4cb9b69e9c939a8457e9986393a9fed419267d84,float32,49,True
147837,test,,uint8,8192,0,True,10db69981e67a1c960835ebe89bb42153a6091537a721a859b3c6300baf0c9d9,severe_fp_conflict_prob_ge_0.99,0,float32,256,FP,0.9996846318,1,,0,,float32,256,False,True,True,False,False,332,0,3,1,,A_unfixed_severe_conflict,15,10db69981e67a1c960835ebe89bb42153a6091537a721a859b3c6300baf0c9d9,E:\Project\python\Axon_v2.6Exp\data\待加入白名单\10DB69981E67A1C960835EBE89BB42153A6091537A721A859B3C6300BAF0C9D9,10db69981e67a1c960835ebe89bb42153a6091537a721a859b3c6300baf0c9d9,float32,49,True
186254,test,,uint8,8192,0,True,fd6277b107e46cf0d989257a42532e661e6cbe42349378da14bc3006228b3e31,severe_fp_conflict_prob_ge_0.99,0,float32,256,FP,0.9996839166,1,,0,,float32,256,False,True,True,False,False,332,8219,8,1,,A_unfixed_severe_conflict,16,fd6277b107e46cf0d989257a42532e661e6cbe42349378da14bc3006228b3e31,E:\Project\python\Axon_v2.6Exp\data\待加入白名单\fd6277b107e46cf0d989257a42532e661e6cbe42349378da14bc3006228b3e31,fd6277b107e46cf0d989257a42532e661e6cbe42349378da14bc3006228b3e31,float32,49,True
64391,test,,uint8,8192,0,True,cca2fdf659d89106ce472ee611e0425100ba5058730e4e4d1dc2abab8377d247,severe_fp_conflict_prob_ge_0.99,0,float32,256,FP,0.9996835589,1,,0,,float32,256,False,True,True,False,False,332,0,3,1,,A_unfixed_severe_conflict,17,cca2fdf659d89106ce472ee611e0425100ba5058730e4e4d1dc2abab8377d247,E:\Project\python\Axon_v2.6Exp\data\待加入白名单\cca2fdf659d89106ce472ee611e0425100ba5058730e4e4d1dc2abab8377d247,cca2fdf659d89106ce472ee611e0425100ba5058730e4e4d1dc2abab8377d247,float32,49,True
195656,test,,uint8,8192,0,True,fbf4bcc26b20247378a95a4e0b2ecb65e40317567aaf1882434a04dbb1a406d0,severe_fp_conflict_prob_ge_0.99,0,float32,256,FP,0.9996471405,1,,0,,float32,256,False,True,True,False,False,332,0,3,1,,A_unfixed_severe_conflict,18,fbf4bcc26b20247378a95a4e0b2ecb65e40317567aaf1882434a04dbb1a406d0,E:\Project\python\Axon_v2.6Exp\data\待加入白名单\FBF4BCC26B20247378A95A4E0B2ECB65E40317567AAF1882434A04DBB1A406D0,fbf4bcc26b20247378a95a4e0b2ecb65e40317567aaf1882434a04dbb1a406d0,float32,49,True
142800,test,,uint8,8192,0,True,d1f9a5ce9a54b46dbd4b686cade8d48deb7aff049cba8188429223188c1235a9,severe_fp_conflict_prob_ge_0.99,0,float32,256,FP,0.9996410608,1,,0,,float32,256,False,True,True,False,False,332,0,3,1,,A_unfixed_severe_conflict,19,d1f9a5ce9a54b46dbd4b686cade8d48deb7aff049cba8188429223188c1235a9,E:\Project\python\Axon_v2.6Exp\data\待加入白名单\D1F9A5CE9A54B46DBD4B686CADE8D48DEB7AFF049CBA8188429223188C1235A9,d1f9a5ce9a54b46dbd4b686cade8d48deb7aff049cba8188429223188c1235a9,float32,49,True
152898,test,,uint8,8192,0,True,02fa6e1abef1d31caea41eeb3bd10996ceb7f30932eaf5d7f696daf0cb53869e,severe_fp_conflict_prob_ge_0.99,0,float32,256,FP,0.999638021,1,,0,,float32,256,False,True,True,False,False,332,0,4,1,,A_unfixed_severe_conflict,20,02fa6e1abef1d31caea41eeb3bd10996ceb7f30932eaf5d7f696daf0cb53869e,E:\Project\python\Axon_v2.6Exp\data\待加入白名单\02FA6E1ABEF1D31CAEA41EEB3BD10996CEB7F30932EAF5D7F696DAF0CB53869E,02fa6e1abef1d31caea41eeb3bd10996ceb7f30932eaf5d7f696daf0cb53869e,float32,49,True
47874,test,,uint8,8192,0,True,3b936db9c7cf5b547a1a074cf098a2463f2be257529f1baf348816506690bec7,severe_fp_conflict_prob_ge_0.99,0,float32,256,FP,0.9996285439,1,,0,,float32,256,False,True,True,False,False,332,14564661,5,1,,A_unfixed_severe_conflict,21,3b936db9c7cf5b547a1a074cf098a2463f2be257529f1baf348816506690bec7,E:\Project\python\Axon_v2.6Exp\data\待加入白名单\3b936db9c7cf5b547a1a074cf098a2463f2be257529f1baf348816506690bec7.exe,3b936db9c7cf5b547a1a074cf098a2463f2be257529f1baf348816506690bec7,float32,49,True
144346,test,,uint8,8192,0,True,36d80ea76b3686c5b4212d68b1840b347759dd99f58d25336cfe1b3bd0793987,severe_fp_conflict_prob_ge_0.99,0,float32,256,FP,0.9996231198,1,,0,,float32,256,False,True,True,False,False,332,0,3,1,,A_unfixed_severe_conflict,22,36d80ea76b3686c5b4212d68b1840b347759dd99f58d25336cfe1b3bd0793987,E:\Project\python\Axon_v2.6Exp\data\待加入白名单\36D80EA76B3686C5B4212D68B1840B347759DD99F58D25336CFE1B3BD0793987,36d80ea76b3686c5b4212d68b1840b347759dd99f58d25336cfe1b3bd0793987,float32,49,True
90459,test,,uint8,8192,0,True,2f7056d1ff165fbcd592bdc14b63b7661ee8af30da5b9d9c75c410092f180e53,severe_fp_conflict_prob_ge_0.99,0,float32,256,FP,0.99962008,1,,0,,float32,256,False,False,True,False,False,332,0,5,1,,A_unfixed_severe_conflict,23,2f7056d1ff165fbcd592bdc14b63b7661ee8af30da5b9d9c75c410092f180e53,E:\Project\python\Axon_v2.6Exp\data\待加入白名单\2f7056d1ff165fbcd592bdc14b63b7661ee8af30da5b9d9c75c410092f180e53.exe,2f7056d1ff165fbcd592bdc14b63b7661ee8af30da5b9d9c75c410092f180e53,float32,49,True
158020,test,,uint8,8192,0,True,d6640edb56e4052c3f2de0f396c7b71fe0b478419ae54de7bfcfb72198bf8929,severe_fp_conflict_prob_ge_0.99,0,float32,256,FP,0.9996058941,1,,0,,float32,256,False,True,True,False,False,332,0,8,1,,A_unfixed_severe_conflict,24,d6640edb56e4052c3f2de0f396c7b71fe0b478419ae54de7bfcfb72198bf8929,E:\Project\python\Axon_v2.6Exp\data\待加入白名单\d6640edb56e4052c3f2de0f396c7b71fe0b478419ae54de7bfcfb72198bf8929,d6640edb56e4052c3f2de0f396c7b71fe0b478419ae54de7bfcfb72198bf8929,float32,49,True
99709,test,,uint8,8192,0,True,e41b33878dc865064a08a46b2d3155268c1086abf8a487dde35d37633f10f29f,severe_fp_conflict_prob_ge_0.99,0,float32,256,FP,0.9995850325,1,,0,,float32,256,False,True,True,False,False,332,0,10,1,,A_unfixed_severe_conflict,25,e41b33878dc865064a08a46b2d3155268c1086abf8a487dde35d37633f10f29f,E:\Project\python\Axon_v2.6Exp\data\待加入白名单\e41b33878dc865064a08a46b2d3155268c1086abf8a487dde35d37633f10f29f,e41b33878dc865064a08a46b2d3155268c1086abf8a487dde35d37633f10f29f,float32,49,True
176030,test,,uint8,8192,0,True,5fcb1008eb9e232dd53bced88dc1cd9448282309dcdc22fc7a19464c35b11421,severe_fp_conflict_prob_ge_0.99,0,float32,256,FP,0.9995800853,1,,0,,float32,256,False,True,True,False,False,332,0,4,1,,A_unfixed_severe_conflict,26,5fcb1008eb9e232dd53bced88dc1cd9448282309dcdc22fc7a19464c35b11421,E:\Project\python\Axon_v2.6Exp\data\待加入白名单\5fcb1008eb9e232dd53bced88dc1cd9448282309dcdc22fc7a19464c35b11421.exe,5fcb1008eb9e232dd53bced88dc1cd9448282309dcdc22fc7a19464c35b11421,float32,49,True
137164,test,,uint8,8192,0,True,9e3c72ae7586c6583a89c64e2290360a265f11ce4112a24f014b070dc7f2359b,severe_fp_conflict_prob_ge_0.99,0,float32,256,FP,0.9995782971,1,,0,,float32,256,False,True,True,False,False,332,6984,8,1,,A_unfixed_severe_conflict,27,9e3c72ae7586c6583a89c64e2290360a265f11ce4112a24f014b070dc7f2359b,E:\Project\python\Axon_v2.6Exp\data\待加入白名单\9e3c72ae7586c6583a89c64e2290360a265f11ce4112a24f014b070dc7f2359b,9e3c72ae7586c6583a89c64e2290360a265f11ce4112a24f014b070dc7f2359b,float32,49,True
125773,test,,uint8,8192,0,True,bdcee160a2ee7dcc8309b8db79f5eca7669ace1c06eef7f692a1037bcac1b77a,severe_fp_conflict_prob_ge_0.99,0,float32,256,FP,0.9995730519,1,,0,,float32,256,False,True,True,False,False,332,0,5,1,,A_unfixed_severe_conflict,28,bdcee160a2ee7dcc8309b8db79f5eca7669ace1c06eef7f692a1037bcac1b77a,E:\Project\python\Axon_v2.6Exp\data\待加入白名单\bdcee160a2ee7dcc8309b8db79f5eca7669ace1c06eef7f692a1037bcac1b77a,bdcee160a2ee7dcc8309b8db79f5eca7669ace1c06eef7f692a1037bcac1b77a,float32,49,True
160859,test,,uint8,8192,0,True,8db506d2e60ecb73936c9a8759c442ca89db668f3895f877f6c180d78d871d48,severe_fp_conflict_prob_ge_0.99,0,float32,256,FP,0.9995150566,1,,0,,float32,256,False,True,True,False,False,332,6459,8,1,,A_unfixed_severe_conflict,29,8db506d2e60ecb73936c9a8759c442ca89db668f3895f877f6c180d78d871d48,E:\Project\python\Axon_v2.6Exp\data\待加入白名单\8db506d2e60ecb73936c9a8759c442ca89db668f3895f877f6c180d78d871d48,8db506d2e60ecb73936c9a8759c442ca89db668f3895f877f6c180d78d871d48,float32,49,True
42593,test,,uint8,8192,0,True,c451d19c8bbb8c7a58db42b8b3bdae16a18deda91f2c519b8b5c2fa31a8fe871,severe_fp_conflict_prob_ge_0.99,0,float32,256,FP,0.9994946718,1,,0,,float32,256,False,True,True,False,False,332,0,10,1,,A_unfixed_severe_conflict,30,c451d19c8bbb8c7a58db42b8b3bdae16a18deda91f2c519b8b5c2fa31a8fe871,E:\Project\python\Axon_v2.6Exp\data\待加入白名单\c451d19c8bbb8c7a58db42b8b3bdae16a18deda91f2c519b8b5c2fa31a8fe871,c451d19c8bbb8c7a58db42b8b3bdae16a18deda91f2c519b8b5c2fa31a8fe871,float32,49,True
191258,test,,uint8,8192,0,True,9f2adaec494685c32999e4d9a7637cc0612c01431af3352c4db03570cbcf3d33,severe_fp_conflict_prob_ge_0.99,0,float32,256,FP,0.9994715452,1,,0,,float32,256,False,True,True,False,False,332,6719,8,1,,A_unfixed_severe_conflict,31,9f2adaec494685c32999e4d9a7637cc0612c01431af3352c4db03570cbcf3d33,E:\Project\python\Axon_v2.6Exp\data\待加入白名单\9f2adaec494685c32999e4d9a7637cc0612c01431af3352c4db03570cbcf3d33,9f2adaec494685c32999e4d9a7637cc0612c01431af3352c4db03570cbcf3d33,float32,49,True
163406,test,,uint8,8192,0,True,f5a2b073c17dd23fdf6eb9820f43af55c5d5de93bb2dc21320318e9c9e577733,severe_fp_conflict_prob_ge_0.99,0,float32,256,FP,0.9994578958,1,,0,,float32,256,False,True,True,False,False,332,185415756,5,1,,A_unfixed_severe_conflict,32,f5a2b073c17dd23fdf6eb9820f43af55c5d5de93bb2dc21320318e9c9e577733,E:\Project\python\Axon_v2.6Exp\data\待加入白名单\f5a2b073c17dd23fdf6eb9820f43af55c5d5de93bb2dc21320318e9c9e577733,f5a2b073c17dd23fdf6eb9820f43af55c5d5de93bb2dc21320318e9c9e577733,float32,49,True
128649,test,,uint8,8192,0,True,2a7cbd5dc9c25ade4503ef8a6783a5f1ef7254425aa1986301f224ab070d637a,severe_fp_conflict_prob_ge_0.99,0,float32,256,FP,0.9994447827,1,,0,,float32,256,False,True,True,False,False,332,0,4,1,,A_unfixed_severe_conflict,33,2a7cbd5dc9c25ade4503ef8a6783a5f1ef7254425aa1986301f224ab070d637a,E:\Project\python\Axon_v2.6Exp\data\待加入白名单\2A7CBD5DC9C25ADE4503EF8A6783A5F1EF7254425AA1986301F224AB070D637A,2a7cbd5dc9c25ade4503ef8a6783a5f1ef7254425aa1986301f224ab070d637a,float32,49,True
139534,test,,uint8,8192,0,True,af6ec49d1e9eab28aa64df33a824413de71f5cfc5f81362bf07d5302d0b75ae2,severe_fp_conflict_prob_ge_0.99,0,float32,256,FP,0.9994386435,1,,0,,float32,256,False,True,True,False,False,332,0,3,1,,A_unfixed_severe_conflict,34,af6ec49d1e9eab28aa64df33a824413de71f5cfc5f81362bf07d5302d0b75ae2,E:\Project\python\Axon_v2.6Exp\data\待加入白名单\af6ec49d1e9eab28aa64df33a824413de71f5cfc5f81362bf07d5302d0b75ae2,af6ec49d1e9eab28aa64df33a824413de71f5cfc5f81362bf07d5302d0b75ae2,float32,49,True
192398,test,,uint8,8192,0,True,50d30898f49b9950e07fc7c50163629393b470b9c9ecb84d59036dbb64f26d32,severe_fp_conflict_prob_ge_0.99,0,float32,256,FP,0.9994371533,1,,0,,float32,256,False,True,True,False,False,332,0,3,1,,A_unfixed_severe_conflict,35,50d30898f49b9950e07fc7c50163629393b470b9c9ecb84d59036dbb64f26d32,E:\Project\python\Axon_v2.6Exp\data\待加入白名单\50D30898F49B9950E07FC7C50163629393B470B9C9ECB84D59036DBB64F26D32,50d30898f49b9950e07fc7c50163629393b470b9c9ecb84d59036dbb64f26d32,float32,49,True
53512,test,,uint8,8192,0,True,62bf2734402d61355e802143ee7cd2907a8b44f888e586db154f5745f883d12c,severe_fp_conflict_prob_ge_0.99,0,float32,256,FP,0.9994226694,1,,0,,float32,256,False,True,True,False,False,332,332010,5,1,,A_unfixed_severe_conflict,36,62bf2734402d61355e802143ee7cd2907a8b44f888e586db154f5745f883d12c,E:\Project\python\Axon_v2.6Exp\data\待加入白名单\62BF2734402D61355E802143EE7CD2907A8B44F888E586DB154F5745F883D12C,62bf2734402d61355e802143ee7cd2907a8b44f888e586db154f5745f883d12c,float32,49,True
56779,test,,uint8,8192,0,True,a5e18aa27305328549d9606ba47417285527758f61ec9db494473cc8b1ac0bf7,severe_fp_conflict_prob_ge_0.99,0,float32,256,FP,0.9994224906,1,,0,,float32,256,False,True,True,False,False,332,6934,8,1,,A_unfixed_severe_conflict,37,a5e18aa27305328549d9606ba47417285527758f61ec9db494473cc8b1ac0bf7,E:\Project\python\Axon_v2.6Exp\data\待加入白名单\a5e18aa27305328549d9606ba47417285527758f61ec9db494473cc8b1ac0bf7,a5e18aa27305328549d9606ba47417285527758f61ec9db494473cc8b1ac0bf7,float32,49,True
173451,test,,uint8,8192,0,True,f592a5ed1882a7df9bee018c11cfef5b8939897d65fd143a3e1ecd286815b847,severe_fp_conflict_prob_ge_0.99,0,float32,256,FP,0.9994049668,1,,0,,float32,256,False,True,True,False,False,332,0,3,1,,A_unfixed_severe_conflict,38,f592a5ed1882a7df9bee018c11cfef5b8939897d65fd143a3e1ecd286815b847,E:\Project\python\Axon_v2.6Exp\data\待加入白名单\f592a5ed1882a7df9bee018c11cfef5b8939897d65fd143a3e1ecd286815b847,f592a5ed1882a7df9bee018c11cfef5b8939897d65fd143a3e1ecd286815b847,float32,49,True
156365,test,,uint8,8192,0,True,9db34f80151898513d523b4f83e00463cc2b0c0d3703583abf124bb7f05d79d6,severe_fp_conflict_prob_ge_0.99,0,float32,256,FP,0.9993896484,1,,0,,float32,256,False,True,True,False,False,332,477799,5,1,,A_unfixed_severe_conflict,39,9db34f80151898513d523b4f83e00463cc2b0c0d3703583abf124bb7f05d79d6,E:\Project\python\Axon_v2.6Exp\data\待加入白名单\9db34f80151898513d523b4f83e00463cc2b0c0d3703583abf124bb7f05d79d6,9db34f80151898513d523b4f83e00463cc2b0c0d3703583abf124bb7f05d79d6,float32,49,True
80417,test,,uint8,8192,0,True,a2e0fbc5e7eeb7147d6e3a01f99b5afb341dc4a78254f4b13107c8023240e9b5,severe_fp_conflict_prob_ge_0.99,0,float32,256,FP,0.999378264,1,,0,,float32,256,True,True,True,True,False,332,9240,8,1,,A_unfixed_severe_conflict,40,a2e0fbc5e7eeb7147d6e3a01f99b5afb341dc4a78254f4b13107c8023240e9b5,E:\Project\python\Axon_v2.6Exp\data\待加入白名单\A2E0FBC5E7EEB7147D6E3A01F99B5AFB341DC4A78254F4B13107C8023240E9B5,a2e0fbc5e7eeb7147d6e3a01f99b5afb341dc4a78254f4b13107c8023240e9b5,float32,49,True
67827,test,,uint8,8192,0,True,9d3c2c37d74adb47fd653be8e799c5400d0f3020907b1b21cab57f6c88a69bc1,severe_fp_conflict_prob_ge_0.99,0,float32,256,FP,0.9993779063,1,,0,,float32,256,True,True,True,False,True,332,585728,7,1,,A_unfixed_severe_conflict,41,9d3c2c37d74adb47fd653be8e799c5400d0f3020907b1b21cab57f6c88a69bc1,E:\Project\python\Axon_v2.6Exp\data\待加入白名单\9d3c2c37d74adb47fd653be8e799c5400d0f3020907b1b21cab57f6c88a69bc1,9d3c2c37d74adb47fd653be8e799c5400d0f3020907b1b21cab57f6c88a69bc1,float32,49,True
146283,test,,uint8,8192,0,True,0f82d7a6caacca6c59cd5500f4b1fa4c624a90855e35f8a75ebee7455bbd18fc,severe_fp_conflict_prob_ge_0.99,0,float32,256,FP,0.999360323,1,,0,,float32,256,False,True,True,False,False,332,0,3,1,,A_unfixed_severe_conflict,42,0f82d7a6caacca6c59cd5500f4b1fa4c624a90855e35f8a75ebee7455bbd18fc,E:\Project\python\Axon_v2.6Exp\data\待加入白名单\0F82D7A6CAACCA6C59CD5500F4B1FA4C624A90855E35F8A75EBEE7455BBD18FC,0f82d7a6caacca6c59cd5500f4b1fa4c624a90855e35f8a75ebee7455bbd18fc,float32,49,True
91153,test,,uint8,8192,0,True,892f289b39eb2dd71da0eaadab424b3f94ed80ce21ac11c83602fa7e95564c42,severe_fp_conflict_prob_ge_0.99,0,float32,256,FP,0.9993581176,1,,0,,float32,256,True,True,True,False,False,332,0,5,1,,A_unfixed_severe_conflict,43,892f289b39eb2dd71da0eaadab424b3f94ed80ce21ac11c83602fa7e95564c42,E:\Project\python\Axon_v2.6Exp\data\待加入白名单\892f289b39eb2dd71da0eaadab424b3f94ed80ce21ac11c83602fa7e95564c42.exe,892f289b39eb2dd71da0eaadab424b3f94ed80ce21ac11c83602fa7e95564c42,float32,49,True
147200,test,,uint8,8192,0,True,5121dcd679217e0e0abd116ed1573537bc8aa1ce9162f31bdcfa2d5b4f224a78,severe_fp_conflict_prob_ge_0.99,0,float32,256,FP,0.9993458986,1,,0,,float32,256,False,True,True,False,False,332,55534914,5,1,,A_unfixed_severe_conflict,44,5121dcd679217e0e0abd116ed1573537bc8aa1ce9162f31bdcfa2d5b4f224a78,E:\Project\python\Axon_v2.6Exp\data\待加入白名单\5121DCD679217E0E0ABD116ED1573537BC8AA1CE9162F31BDCFA2D5B4F224A78,5121dcd679217e0e0abd116ed1573537bc8aa1ce9162f31bdcfa2d5b4f224a78,float32,49,True
196752,test,,uint8,8192,0,True,c030380f61f12f62a432188bebb937e8966fcd60f0f508e8645e24a30c9dd54b,severe_fp_conflict_prob_ge_0.99,0,float32,256,FP,0.9993280172,1,,0,,float32,256,False,True,True,False,False,332,1607286,5,1,,A_unfixed_severe_conflict,45,c030380f61f12f62a432188bebb937e8966fcd60f0f508e8645e24a30c9dd54b,E:\Project\python\Axon_v2.6Exp\data\待加入白名单\c030380f61f12f62a432188bebb937e8966fcd60f0f508e8645e24a30c9dd54b,c030380f61f12f62a432188bebb937e8966fcd60f0f508e8645e24a30c9dd54b,float32,49,True
185799,test,,uint8,8192,0,True,24fb2c749729c59f859124a648a930775e69a7cfa8424ee01c749b06e84c2b96,severe_fp_conflict_prob_ge_0.99,0,float32,256,FP,0.9993223548,1,,0,,float32,256,True,True,True,False,False,332,0,5,1,,A_unfixed_severe_conflict,46,24fb2c749729c59f859124a648a930775e69a7cfa8424ee01c749b06e84c2b96,E:\Project\python\Axon_v2.6Exp\data\待加入白名单\24fb2c749729c59f859124a648a930775e69a7cfa8424ee01c749b06e84c2b96.exe,24fb2c749729c59f859124a648a930775e69a7cfa8424ee01c749b06e84c2b96,float32,49,True
106796,test,,uint8,8192,0,True,c8ccd26fe81df2104dda210b974773fe07ed33f3e485a695e3fb26ec3f86d795,severe_fp_conflict_prob_ge_0.99,0,float32,256,FP,0.9993138313,1,,0,,float32,256,False,True,True,False,False,332,7059,8,1,,A_unfixed_severe_conflict,47,c8ccd26fe81df2104dda210b974773fe07ed33f3e485a695e3fb26ec3f86d795,E:\Project\python\Axon_v2.6Exp\data\待加入白名单\c8ccd26fe81df2104dda210b974773fe07ed33f3e485a695e3fb26ec3f86d795,c8ccd26fe81df2104dda210b974773fe07ed33f3e485a695e3fb26ec3f86d795,float32,49,True
110738,test,,uint8,8192,0,True,f5ad9c93c3d769ae18cf9b35a1af553a152efb1f2a10477d106b1bc7c1b247ad,severe_fp_conflict_prob_ge_0.99,0,float32,256,FP,0.9993035793,1,,0,,float32,256,True,True,True,False,False,332,0,5,1,,A_unfixed_severe_conflict,48,f5ad9c93c3d769ae18cf9b35a1af553a152efb1f2a10477d106b1bc7c1b247ad,E:\Project\python\Axon_v2.6Exp\data\待加入白名单\f5ad9c93c3d769ae18cf9b35a1af553a152efb1f2a10477d106b1bc7c1b247ad.exe,f5ad9c93c3d769ae18cf9b35a1af553a152efb1f2a10477d106b1bc7c1b247ad,float32,49,True
164249,test,,uint8,8192,0,True,9d51ce1521fcec2e58614048350ff72dc027ee93bcb28d18cc57e2174fa01dbe,severe_fp_conflict_prob_ge_0.99,0,float32,256,FP,0.9992847443,1,,0,,float32,256,False,True,True,False,False,332,0,3,1,,A_unfixed_severe_conflict,49,9d51ce1521fcec2e58614048350ff72dc027ee93bcb28d18cc57e2174fa01dbe,E:\Project\python\Axon_v2.6Exp\data\待加入白名单\9d51ce1521fcec2e58614048350ff72dc027ee93bcb28d18cc57e2174fa01dbe,9d51ce1521fcec2e58614048350ff72dc027ee93bcb28d18cc57e2174fa01dbe,float32,49,True
193428,test,,uint8,8192,0,True,8f79e82c24ead9035f4010e6345fe98f72253e2de487d2db3c798381c8495c97,severe_fp_conflict_prob_ge_0.99,0,float32,256,FP,0.9992691875,1,,0,,float32,256,False,True,True,False,False,332,6994,8,1,,A_unfixed_severe_conflict,50,8f79e82c24ead9035f4010e6345fe98f72253e2de487d2db3c798381c8495c97,E:\Project\python\Axon_v2.6Exp\data\待加入白名单\8f79e82c24ead9035f4010e6345fe98f72253e2de487d2db3c798381c8495c97,8f79e82c24ead9035f4010e6345fe98f72253e2de487d2db3c798381c8495c97,float32,49,True
118092,test,,uint8,8192,0,True,0eb69e6cc3fb64db5becbb7ee0774593bef30b0789b0361b86a7f104063273cb,severe_fp_conflict_prob_ge_0.99,0,float32,256,FP,0.9992666841,1,,0,,float32,256,True,True,True,False,False,332,9196,10,1,,A_unfixed_severe_conflict,51,0eb69e6cc3fb64db5becbb7ee0774593bef30b0789b0361b86a7f104063273cb,E:\Project\python\Axon_v2.6Exp\data\待加入白名单\0EB69E6CC3FB64DB5BECBB7EE0774593BEF30B0789B0361B86A7F104063273CB,0eb69e6cc3fb64db5becbb7ee0774593bef30b0789b0361b86a7f104063273cb,float32,49,True
64010,test,,uint8,8192,0,True,a54bd9f3c7a97894cd29fd29a5ff9029c309b9de160ae5fc70070d34af8b96f7,severe_fp_conflict_prob_ge_0.99,0,float32,256,FP,0.9992057681,1,,0,,float32,256,False,True,True,False,False,332,0,3,1,,A_unfixed_severe_conflict,52,a54bd9f3c7a97894cd29fd29a5ff9029c309b9de160ae5fc70070d34af8b96f7,E:\Project\python\Axon_v2.6Exp\data\待加入白名单\A54BD9F3C7A97894CD29FD29A5FF9029C309B9DE160AE5FC70070D34AF8B96F7,a54bd9f3c7a97894cd29fd29a5ff9029c309b9de160ae5fc70070d34af8b96f7,float32,49,True
64645,test,,uint8,8192,0,True,db5891307c325c643f863321b61a6a3e8d8afe84ba65e65dcefe8ab6bf762183,severe_fp_conflict_prob_ge_0.99,0,float32,256,FP,0.9991914034,1,,0,,float32,256,False,True,True,False,False,332,6759207,4,1,,A_unfixed_severe_conflict,53,db5891307c325c643f863321b61a6a3e8d8afe84ba65e65dcefe8ab6bf762183,E:\Project\python\Axon_v2.6Exp\data\待加入白名单\db5891307c325c643f863321b61a6a3e8d8afe84ba65e65dcefe8ab6bf762183.exe,db5891307c325c643f863321b61a6a3e8d8afe84ba65e65dcefe8ab6bf762183,float32,49,True
158040,test,,uint8,8192,0,True,dec22b32177ca8b673ebba52ec92c0e6769a6aa1c89911cdcb8a9854681d557d,severe_fp_conflict_prob_ge_0.99,0,float32,256,FP,0.9991726279,1,,0,,float32,256,False,True,True,False,False,332,0,3,1,,A_unfixed_severe_conflict,54,dec22b32177ca8b673ebba52ec92c0e6769a6aa1c89911cdcb8a9854681d557d,E:\Project\python\Axon_v2.6Exp\data\待加入白名单\dec22b32177ca8b673ebba52ec92c0e6769a6aa1c89911cdcb8a9854681d557d,dec22b32177ca8b673ebba52ec92c0e6769a6aa1c89911cdcb8a9854681d557d,float32,49,True
76355,test,,uint8,8192,0,True,bf2fcfcd27362fc9f9137e9acd2cb0117347e4695a19a7ec2509f9ed4859ac26,severe_fp_conflict_prob_ge_0.99,0,float32,256,FP,0.9991634488,1,,0,,float32,256,False,True,True,False,False,332,0,3,1,,A_unfixed_severe_conflict,55,bf2fcfcd27362fc9f9137e9acd2cb0117347e4695a19a7ec2509f9ed4859ac26,E:\Project\python\Axon_v2.6Exp\data\待加入白名单\bf2fcfcd27362fc9f9137e9acd2cb0117347e4695a19a7ec2509f9ed4859ac26,bf2fcfcd27362fc9f9137e9acd2cb0117347e4695a19a7ec2509f9ed4859ac26,float32,49,True
149720,test,,uint8,8192,0,True,d860623f7cd1bdfe17c5664587ef1273c692b930f23c9c21f56d26bd8eaa17a9,severe_fp_conflict_prob_ge_0.99,0,float32,256,FP,0.999155283,1,,0,,float32,256,False,True,True,False,False,332,0,4,1,,A_unfixed_severe_conflict,56,d860623f7cd1bdfe17c5664587ef1273c692b930f23c9c21f56d26bd8eaa17a9,E:\Project\python\Axon_v2.6Exp\data\待加入白名单\D860623F7CD1BDFE17C5664587EF1273C692B930F23C9C21F56D26BD8EAA17A9,d860623f7cd1bdfe17c5664587ef1273c692b930f23c9c21f56d26bd8eaa17a9,float32,49,True
58700,test,,uint8,8192,0,True,92c37098909f035fa6fb4be4a014423a1520f082f07df0e68c2f880799576f15,severe_fp_conflict_prob_ge_0.99,0,float32,256,FP,0.9990885258,1,,0,,float32,256,True,True,True,False,False,332,0,11,1,,A_unfixed_severe_conflict,57,92c37098909f035fa6fb4be4a014423a1520f082f07df0e68c2f880799576f15,E:\Project\python\Axon_v2.6Exp\data\待加入白名单\92C37098909F035FA6FB4BE4A014423A1520F082F07DF0E68C2F880799576F15,92c37098909f035fa6fb4be4a014423a1520f082f07df0e68c2f880799576f15,float32,49,True
45087,test,,uint8,8192,0,True,f5f54bf31d7f5b80e6328b92bcc7705fa774ca18027be2413dc614e217c74120,severe_fp_conflict_prob_ge_0.99,0,float32,256,FP,0.9990110397,1,,0,,float32,256,False,True,True,False,False,332,0,5,1,,A_unfixed_severe_conflict,58,f5f54bf31d7f5b80e6328b92bcc7705fa774ca18027be2413dc614e217c74120,E:\Project\python\Axon_v2.6Exp\data\待加入白名单\f5f54bf31d7f5b80e6328b92bcc7705fa774ca18027be2413dc614e217c74120.exe,f5f54bf31d7f5b80e6328b92bcc7705fa774ca18027be2413dc614e217c74120,float32,49,True
166883,test,,uint8,8192,0,True,a84786f6fb84bf7040c5bc10ba006a34e567de8b0dad404f6dc63dc7d368faf6,severe_fp_conflict_prob_ge_0.99,0,float32,256,FP,0.9989483953,1,,0,,float32,256,False,True,True,True,False,332,6864,4,1,,A_unfixed_severe_conflict,59,a84786f6fb84bf7040c5bc10ba006a34e567de8b0dad404f6dc63dc7d368faf6,E:\Project\python\Axon_v2.6Exp\data\待加入白名单\a84786f6fb84bf7040c5bc10ba006a34e567de8b0dad404f6dc63dc7d368faf6,a84786f6fb84bf7040c5bc10ba006a34e567de8b0dad404f6dc63dc7d368faf6,float32,49,True
76166,test,,uint8,8192,0,True,06a2ee9d74c3e117bfa4ad8f0ca4e4f38be7805bd2efc14a59ff1fbbac46ecc2,severe_fp_conflict_prob_ge_0.99,0,float32,256,FP,0.9989371896,1,,0,,float32,256,True,True,True,False,True,332,0,7,1,,A_unfixed_severe_conflict,60,06a2ee9d74c3e117bfa4ad8f0ca4e4f38be7805bd2efc14a59ff1fbbac46ecc2,E:\Project\python\Axon_v2.6Exp\data\待加入白名单\06A2EE9D74C3E117BFA4AD8F0CA4E4F38BE7805BD2EFC14A59FF1FBBAC46ECC2,06a2ee9d74c3e117bfa4ad8f0ca4e4f38be7805bd2efc14a59ff1fbbac46ecc2,float32,49,True
66337,test,,uint8,8192,0,True,0a2a35d4247696c0e988d5e06a740caa687a5f27488f6e6ab3ea6391697d49aa,severe_fp_conflict_prob_ge_0.99,0,float32,256,FP,0.9989275932,1,,0,,float32,256,True,True,True,False,False,332,10133,11,1,,A_unfixed_severe_conflict,61,0a2a35d4247696c0e988d5e06a740caa687a5f27488f6e6ab3ea6391697d49aa,E:\Project\python\Axon_v2.6Exp\data\待加入白名单\0A2A35D4247696C0E988D5E06A740CAA687A5F27488F6E6AB3EA6391697D49AA,0a2a35d4247696c0e988d5e06a740caa687a5f27488f6e6ab3ea6391697d49aa,float32,49,True
58521,test,,uint8,8192,0,True,316a52a24d014b96778a15130fa5c9f32fa806bf46a08bb9bda9b0de00187a0d,severe_fp_conflict_prob_ge_0.99,0,float32,256,FP,0.9989275932,1,,0,,float32,256,True,True,True,False,False,332,10133,11,1,,A_unfixed_severe_conflict,62,316a52a24d014b96778a15130fa5c9f32fa806bf46a08bb9bda9b0de00187a0d,E:\Project\python\Axon_v2.6Exp\data\待加入白名单\316a52a24d014b96778a15130fa5c9f32fa806bf46a08bb9bda9b0de00187a0d,316a52a24d014b96778a15130fa5c9f32fa806bf46a08bb9bda9b0de00187a0d,float32,49,True
53876,test,,uint8,8192,0,True,a6cc9b5547b27197443cca3a955d8a8dc8d58c240fcf53a73568501601acd067,severe_fp_conflict_prob_ge_0.99,0,float32,256,FP,0.9988801479,1,,0,,float32,256,False,True,True,False,False,34404,0,9,1,,A_unfixed_severe_conflict,63,a6cc9b5547b27197443cca3a955d8a8dc8d58c240fcf53a73568501601acd067,E:\Project\python\Axon_v2.6Exp\data\待加入白名单\a6cc9b5547b27197443cca3a955d8a8dc8d58c240fcf53a73568501601acd067.exe,a6cc9b5547b27197443cca3a955d8a8dc8d58c240fcf53a73568501601acd067,float32,49,True
152965,test,,uint8,8192,0,True,bb785a4d416ba2bdc5bcdb52423cdcc07953b7f7cb09c63ccb2c9bf2f5bf3709,severe_fp_conflict_prob_ge_0.99,0,float32,256,FP,0.9988157749,1,,0,,float32,256,False,True,True,False,False,332,0,8,1,,A_unfixed_severe_conflict,64,bb785a4d416ba2bdc5bcdb52423cdcc07953b7f7cb09c63ccb2c9bf2f5bf3709,E:\Project\python\Axon_v2.6Exp\data\待加入白名单\bb785a4d416ba2bdc5bcdb52423cdcc07953b7f7cb09c63ccb2c9bf2f5bf3709,bb785a4d416ba2bdc5bcdb52423cdcc07953b7f7cb09c63ccb2c9bf2f5bf3709,float32,49,True
171134,test,,uint8,8192,0,True,24fb65490588371a48bb2250553d7ab61eff0781a9924dcc533aca6b2d955b70,severe_fp_conflict_prob_ge_0.99,0,float32,256,FP,0.9987604022,1,,0,,float32,256,False,True,True,False,False,332,0,4,1,,A_unfixed_severe_conflict,65,24fb65490588371a48bb2250553d7ab61eff0781a9924dcc533aca6b2d955b70,E:\Project\python\Axon_v2.6Exp\data\待加入白名单\24FB65490588371A48BB2250553D7AB61EFF0781A9924DCC533ACA6B2D955B70,24fb65490588371a48bb2250553d7ab61eff0781a9924dcc533aca6b2d955b70,float32,49,True
195323,test,,uint8,8192,0,True,ca1ed62b3301fa6b53d271cac699181eea91378dfdfabbba229fcd97537a0d42,severe_fp_conflict_prob_ge_0.99,0,float32,256,FP,0.9987022281,1,,0,,float32,256,True,True,True,False,True,332,0,7,1,,A_unfixed_severe_conflict,66,ca1ed62b3301fa6b53d271cac699181eea91378dfdfabbba229fcd97537a0d42,E:\Project\python\Axon_v2.6Exp\data\待加入白名单\ca1ed62b3301fa6b53d271cac699181eea91378dfdfabbba229fcd97537a0d42,ca1ed62b3301fa6b53d271cac699181eea91378dfdfabbba229fcd97537a0d42,float32,49,True
94188,test,,uint8,8192,0,True,253ba25666076d77aaf9d599e9784caaf9894be37ad7a2f10556f2b814272698,severe_fp_conflict_prob_ge_0.99,0,float32,256,FP,0.9986957312,1,,0,,float32,256,False,True,True,False,False,332,0,8,1,,A_unfixed_severe_conflict,67,253ba25666076d77aaf9d599e9784caaf9894be37ad7a2f10556f2b814272698,E:\Project\python\Axon_v2.6Exp\data\待加入白名单\253ba25666076d77aaf9d599e9784caaf9894be37ad7a2f10556f2b814272698.exe,253ba25666076d77aaf9d599e9784caaf9894be37ad7a2f10556f2b814272698,float32,49,True
41701,test,,uint8,8192,0,True,cfab865b652ba9678cb6ea39b3b1fae392d2df5c1c122c1e25450246cc14b1f4,severe_fp_conflict_prob_ge_0.99,0,float32,256,FP,0.9986949563,1,,0,,float32,256,False,True,True,False,False,332,0,3,1,,A_unfixed_severe_conflict,68,cfab865b652ba9678cb6ea39b3b1fae392d2df5c1c122c1e25450246cc14b1f4,E:\Project\python\Axon_v2.6Exp\data\待加入白名单\CFAB865B652BA9678CB6EA39B3B1FAE392D2DF5C1C122C1E25450246CC14B1F4,cfab865b652ba9678cb6ea39b3b1fae392d2df5c1c122c1e25450246cc14b1f4,float32,49,True
137198,test,,uint8,8192,0,True,14bb692bac9b9f41396fc0c080ece6b0c04d1f00bfafb54c4084411c8e7d909c,severe_fp_conflict_prob_ge_0.99,0,float32,256,FP,0.9986769557,1,,0,,float32,256,False,True,True,False,False,332,0,14,1,,A_unfixed_severe_conflict,69,14bb692bac9b9f41396fc0c080ece6b0c04d1f00bfafb54c4084411c8e7d909c,E:\Project\python\Axon_v2.6Exp\data\待加入白名单\14bb692bac9b9f41396fc0c080ece6b0c04d1f00bfafb54c4084411c8e7d909c.exe,14bb692bac9b9f41396fc0c080ece6b0c04d1f00bfafb54c4084411c8e7d909c,float32,49,True
79112,test,,uint8,8192,0,True,8e8e3b02e01fa989c6f00a033b5f2d9d90aed807e7c943e7ee07bbd5d9f396c9,severe_fp_conflict_prob_ge_0.99,0,float32,256,FP,0.9986025095,1,,0,,float32,256,False,True,True,True,False,332,9160,3,1,,A_unfixed_severe_conflict,70,8e8e3b02e01fa989c6f00a033b5f2d9d90aed807e7c943e7ee07bbd5d9f396c9,E:\Project\python\Axon_v2.6Exp\data\待加入白名单\8e8e3b02e01fa989c6f00a033b5f2d9d90aed807e7c943e7ee07bbd5d9f396c9,8e8e3b02e01fa989c6f00a033b5f2d9d90aed807e7c943e7ee07bbd5d9f396c9,float32,49,True
186210,test,,uint8,8192,0,True,8ef18b3d1231940fd5d3ecc78dfb4002650f44180f0fd2500a42bdcb446114fb,severe_fp_conflict_prob_ge_0.99,0,float32,256,FP,0.9985929728,1,,0,,float32,256,False,True,False,False,False,332,0,3,1,,A_unfixed_severe_conflict,71,8ef18b3d1231940fd5d3ecc78dfb4002650f44180f0fd2500a42bdcb446114fb,E:\Project\python\Axon_v2.6Exp\data\待加入白名单\8ef18b3d1231940fd5d3ecc78dfb4002650f44180f0fd2500a42bdcb446114fb,8ef18b3d1231940fd5d3ecc78dfb4002650f44180f0fd2500a42bdcb446114fb,float32,49,True
73660,test,,uint8,8192,0,True,e07cdec0d080685375ad82383cbc7adb0288fe76856b8b08fe9f7f0c002395ea,severe_fp_conflict_prob_ge_0.99,0,float32,256,FP,0.9985890388,1,,0,,float32,256,False,True,True,False,False,332,0,3,1,,A_unfixed_severe_conflict,72,e07cdec0d080685375ad82383cbc7adb0288fe76856b8b08fe9f7f0c002395ea,E:\Project\python\Axon_v2.6Exp\data\待加入白名单\e07cdec0d080685375ad82383cbc7adb0288fe76856b8b08fe9f7f0c002395ea,e07cdec0d080685375ad82383cbc7adb0288fe76856b8b08fe9f7f0c002395ea,float32,49,True
144091,test,,uint8,8192,0,True,2daddd1b832b6c10a8d2be3aa24ae2f4b0fcaa5a21311725efaaea3616a2baf8,severe_fp_conflict_prob_ge_0.99,0,float32,256,FP,0.9985524416,1,,0,,float32,256,False,True,True,False,False,332,0,3,1,,A_unfixed_severe_conflict,73,2daddd1b832b6c10a8d2be3aa24ae2f4b0fcaa5a21311725efaaea3616a2baf8,E:\Project\python\Axon_v2.6Exp\data\待加入白名单\2daddd1b832b6c10a8d2be3aa24ae2f4b0fcaa5a21311725efaaea3616a2baf8.exe,2daddd1b832b6c10a8d2be3aa24ae2f4b0fcaa5a21311725efaaea3616a2baf8,float32,49,True
41909,test,,uint8,8192,0,True,c8eeea1d9e57e60ab24e7282f6737c1de99620938afdbaf70e417b9aa410a77f,severe_fp_conflict_prob_ge_0.99,0,float32,256,FP,0.9984313846,1,,0,,float32,256,False,True,True,False,False,332,0,4,1,,A_unfixed_severe_conflict,74,c8eeea1d9e57e60ab24e7282f6737c1de99620938afdbaf70e417b9aa410a77f,E:\Project\python\Axon_v2.6Exp\data\待加入白名单\C8EEEA1D9E57E60AB24E7282F6737C1DE99620938AFDBAF70E417B9AA410A77F,c8eeea1d9e57e60ab24e7282f6737c1de99620938afdbaf70e417b9aa410a77f,float32,49,True
75200,test,,uint8,8192,0,True,efa114b20a8cda39c34316cd1a9b5ed25ac0581891aa3e485c830ff7cc2dbdd9,severe_fp_conflict_prob_ge_0.99,0,float32,256,FP,0.9984132648,1,,0,,float32,256,False,True,True,False,False,332,11559764,5,1,,A_unfixed_severe_conflict,75,efa114b20a8cda39c34316cd1a9b5ed25ac0581891aa3e485c830ff7cc2dbdd9,E:\Project\python\Axon_v2.6Exp\data\待加入白名单\efa114b20a8cda39c34316cd1a9b5ed25ac0581891aa3e485c830ff7cc2dbdd9,efa114b20a8cda39c34316cd1a9b5ed25ac0581891aa3e485c830ff7cc2dbdd9,float32,49,True
189561,test,,uint8,8192,0,True,a675719b51d5295c4984187ecf9e956d3812928db77c7e2a0e5d8fc6ec34a308,severe_fp_conflict_prob_ge_0.99,0,float32,256,FP,0.9983434677,1,,0,,float32,256,True,True,True,False,False,332,0,6,1,,A_unfixed_severe_conflict,76,a675719b51d5295c4984187ecf9e956d3812928db77c7e2a0e5d8fc6ec34a308,E:\Project\python\Axon_v2.6Exp\data\待加入白名单\A675719B51D5295C4984187ECF9E956D3812928DB77C7E2A0E5D8FC6EC34A308,a675719b51d5295c4984187ecf9e956d3812928db77c7e2a0e5d8fc6ec34a308,float32,49,True
145617,test,,uint8,8192,0,True,731d2116896c2b7bbd20eb035fef3a3f77599efffac7a4a09cdbe674da3b419d,severe_fp_conflict_prob_ge_0.99,0,float32,256,FP,0.9983432293,1,,0,,float32,256,False,True,True,False,False,332,0,4,1,,A_unfixed_severe_conflict,77,731d2116896c2b7bbd20eb035fef3a3f77599efffac7a4a09cdbe674da3b419d,E:\Project\python\Axon_v2.6Exp\data\待加入白名单\731D2116896C2B7BBD20EB035FEF3A3F77599EFFFAC7A4A09CDBE674DA3B419D,731d2116896c2b7bbd20eb035fef3a3f77599efffac7a4a09cdbe674da3b419d,float32,49,True
137308,test,,uint8,8192,0,True,e20db42c0f6855bc68e30399c8f25cd4ef0a430bf540dbca04bc81db3a34ae02,severe_fp_conflict_prob_ge_0.99,0,float32,256,FP,0.9983374476,1,,0,,float32,256,False,True,True,False,False,332,0,10,1,,A_unfixed_severe_conflict,78,e20db42c0f6855bc68e30399c8f25cd4ef0a430bf540dbca04bc81db3a34ae02,E:\Project\python\Axon_v2.6Exp\data\待加入白名单\e20db42c0f6855bc68e30399c8f25cd4ef0a430bf540dbca04bc81db3a34ae02,e20db42c0f6855bc68e30399c8f25cd4ef0a430bf540dbca04bc81db3a34ae02,float32,49,True
95789,test,,uint8,8192,0,True,be29acf1a7e43ddb08aeea5a1993a4313d27c7fd8909c4a784467387cc1babb4,severe_fp_conflict_prob_ge_0.99,0,float32,256,FP,0.9983261228,1,,0,,float32,256,False,True,True,True,False,332,5176,8,1,,A_unfixed_severe_conflict,79,be29acf1a7e43ddb08aeea5a1993a4313d27c7fd8909c4a784467387cc1babb4,E:\Project\python\Axon_v2.6Exp\data\待加入白名单\be29acf1a7e43ddb08aeea5a1993a4313d27c7fd8909c4a784467387cc1babb4,be29acf1a7e43ddb08aeea5a1993a4313d27c7fd8909c4a784467387cc1babb4,float32,49,True
143992,test,,uint8,8192,0,True,f313dd819d8483f6c7b65933c4e1de5aef3dd5c85e253542dee5d1efcd6edc2f,severe_fp_conflict_prob_ge_0.99,0,float32,256,FP,0.9982757568,1,,0,,float32,256,False,True,True,False,False,332,0,3,1,,A_unfixed_severe_conflict,80,f313dd819d8483f6c7b65933c4e1de5aef3dd5c85e253542dee5d1efcd6edc2f,E:\Project\python\Axon_v2.6Exp\data\待加入白名单\f313dd819d8483f6c7b65933c4e1de5aef3dd5c85e253542dee5d1efcd6edc2f,f313dd819d8483f6c7b65933c4e1de5aef3dd5c85e253542dee5d1efcd6edc2f,float32,49,True
117056,test,,uint8,8192,0,True,717feae04bf55cc1e1877b650ced41a989fec1a927171f86e2d5f3a7f02040bb,severe_fp_conflict_prob_ge_0.99,0,float32,256,FP,0.99827075,1,,0,,float32,256,False,True,True,False,False,332,0,3,1,,A_unfixed_severe_conflict,81,717feae04bf55cc1e1877b650ced41a989fec1a927171f86e2d5f3a7f02040bb,E:\Project\python\Axon_v2.6Exp\data\待加入白名单\717FEAE04BF55CC1E1877B650CED41A989FEC1A927171F86E2D5F3A7F02040BB,717feae04bf55cc1e1877b650ced41a989fec1a927171f86e2d5f3a7f02040bb,float32,49,True
98495,test,,uint8,8192,0,True,fc6f7befdd834ccf59aa660497f197d85776f3d95736337d1b9f4417e1db8d6e,severe_fp_conflict_prob_ge_0.99,0,float32,256,FP,0.9982235432,1,,0,,float32,256,False,True,False,False,False,332,0,3,1,,A_unfixed_severe_conflict,82,fc6f7befdd834ccf59aa660497f197d85776f3d95736337d1b9f4417e1db8d6e,E:\Project\python\Axon_v2.6Exp\data\待加入白名单\fc6f7befdd834ccf59aa660497f197d85776f3d95736337d1b9f4417e1db8d6e,fc6f7befdd834ccf59aa660497f197d85776f3d95736337d1b9f4417e1db8d6e,float32,49,True
78765,test,,uint8,8192,0,True,a34e32d4bea0cefbd168e87f30b31213217669ef3dee3692ca826120123508a7,severe_fp_conflict_prob_ge_0.99,0,float32,256,FP,0.9981955886,1,,0,,float32,256,False,False,True,False,False,34404,0,2,1,,A_unfixed_severe_conflict,83,a34e32d4bea0cefbd168e87f30b31213217669ef3dee3692ca826120123508a7,E:\Project\python\Axon_v2.6Exp\data\待加入白名单\a34e32d4bea0cefbd168e87f30b31213217669ef3dee3692ca826120123508a7,a34e32d4bea0cefbd168e87f30b31213217669ef3dee3692ca826120123508a7,float32,49,True
142319,test,,uint8,8192,0,True,8e1902effca61a1acf2b310b8a7381b4fbf08f588d7d255a3bc0a4683adc45b0,severe_fp_conflict_prob_ge_0.99,0,float32,256,FP,0.9981882572,1,,0,,float32,256,False,True,True,False,False,332,6772406,4,1,,A_unfixed_severe_conflict,84,8e1902effca61a1acf2b310b8a7381b4fbf08f588d7d255a3bc0a4683adc45b0,E:\Project\python\Axon_v2.6Exp\data\待加入白名单\8e1902effca61a1acf2b310b8a7381b4fbf08f588d7d255a3bc0a4683adc45b0,8e1902effca61a1acf2b310b8a7381b4fbf08f588d7d255a3bc0a4683adc45b0,float32,49,True
115710,test,,uint8,8192,0,True,1233487ea4db928ee062f12b00a6eda01445d001ab55566107234dea4dc65872,severe_fp_conflict_prob_ge_0.99,0,float32,256,FP,0.9981847405,1,,0,,float32,256,False,True,True,False,False,332,0,3,1,,A_unfixed_severe_conflict,85,1233487ea4db928ee062f12b00a6eda01445d001ab55566107234dea4dc65872,E:\Project\python\Axon_v2.6Exp\data\待加入白名单\1233487EA4DB928EE062F12B00A6EDA01445D001AB55566107234DEA4DC65872,1233487ea4db928ee062f12b00a6eda01445d001ab55566107234dea4dc65872,float32,49,True
109241,test,,uint8,8192,0,True,b404a3eb10e125c3409e6914082cbc1b3d2d8e253edda68d1fb8b2e645448108,severe_fp_conflict_prob_ge_0.99,0,float32,256,FP,0.9980658889,1,,0,,float32,256,False,True,True,False,False,332,0,3,1,,A_unfixed_severe_conflict,86,b404a3eb10e125c3409e6914082cbc1b3d2d8e253edda68d1fb8b2e645448108,E:\Project\python\Axon_v2.6Exp\data\待加入白名单\b404a3eb10e125c3409e6914082cbc1b3d2d8e253edda68d1fb8b2e645448108,b404a3eb10e125c3409e6914082cbc1b3d2d8e253edda68d1fb8b2e645448108,float32,49,True
111395,test,,uint8,8192,0,True,58f2739f187bad1c9b47aa5577fd66f2e282d76cdee2901b34ab6740dd531f80,severe_fp_conflict_prob_ge_0.99,0,float32,256,FP,0.9980583787,1,,0,,float32,256,False,True,True,False,False,332,37139630,5,1,,A_unfixed_severe_conflict,87,58f2739f187bad1c9b47aa5577fd66f2e282d76cdee2901b34ab6740dd531f80,E:\Project\python\Axon_v2.6Exp\data\待加入白名单\58f2739f187bad1c9b47aa5577fd66f2e282d76cdee2901b34ab6740dd531f80,58f2739f187bad1c9b47aa5577fd66f2e282d76cdee2901b34ab6740dd531f80,float32,49,True
90394,test,,uint8,8192,0,True,5c1af46c7300e87a73dacf6cf41ce397e3f05df6bd9c7e227b4ac59f85769160,severe_fp_conflict_prob_ge_0.99,0,float32,256,FP,0.9980518222,1,,0,,float32,256,False,True,False,False,False,332,0,3,1,,A_unfixed_severe_conflict,88,5c1af46c7300e87a73dacf6cf41ce397e3f05df6bd9c7e227b4ac59f85769160,E:\Project\python\Axon_v2.6Exp\data\待加入白名单\5c1af46c7300e87a73dacf6cf41ce397e3f05df6bd9c7e227b4ac59f85769160.exe,5c1af46c7300e87a73dacf6cf41ce397e3f05df6bd9c7e227b4ac59f85769160,float32,49,True
99462,test,,uint8,8192,0,True,b2b4d88ec897048ec67209eb1391c1f556d44f5b75e5073315539f0c669c6a19,severe_fp_conflict_prob_ge_0.99,0,float32,256,FP,0.9980475307,1,,0,,float32,256,False,True,True,False,False,332,0,4,1,,A_unfixed_severe_conflict,89,b2b4d88ec897048ec67209eb1391c1f556d44f5b75e5073315539f0c669c6a19,E:\Project\python\Axon_v2.6Exp\data\待加入白名单\B2B4D88EC897048EC67209EB1391C1F556D44F5B75E5073315539F0C669C6A19,b2b4d88ec897048ec67209eb1391c1f556d44f5b75e5073315539f0c669c6a19,float32,49,True
103595,test,,uint8,8192,0,True,ae40e285e70633f33d77ab3be3dd32a03dd272b3a4298e4fff5de5a3a598d831,severe_fp_conflict_prob_ge_0.99,0,float32,256,FP,0.9979777932,1,,0,,float32,256,False,True,True,False,False,332,0,5,1,,A_unfixed_severe_conflict,90,ae40e285e70633f33d77ab3be3dd32a03dd272b3a4298e4fff5de5a3a598d831,E:\Project\python\Axon_v2.6Exp\data\待加入白名单\ae40e285e70633f33d77ab3be3dd32a03dd272b3a4298e4fff5de5a3a598d831.exe,ae40e285e70633f33d77ab3be3dd32a03dd272b3a4298e4fff5de5a3a598d831,float32,49,True
116615,test,,uint8,8192,0,True,ab4c42f5dc78eec41072b49d16f20dec327434a6687561fb5bbf8197ac020a53,severe_fp_conflict_prob_ge_0.99,0,float32,256,FP,0.9979541898,1,,0,,float32,256,False,True,True,False,False,332,0,4,1,,A_unfixed_severe_conflict,91,ab4c42f5dc78eec41072b49d16f20dec327434a6687561fb5bbf8197ac020a53,E:\Project\python\Axon_v2.6Exp\data\待加入白名单\ab4c42f5dc78eec41072b49d16f20dec327434a6687561fb5bbf8197ac020a53,ab4c42f5dc78eec41072b49d16f20dec327434a6687561fb5bbf8197ac020a53,float32,49,True
198374,test,,uint8,8192,0,True,704543f7ecd0fef43dc0e0153fffec963fc6a8a90fe1919dcca6881fc0bc6a1d,severe_fp_conflict_prob_ge_0.99,0,float32,256,FP,0.9979411364,1,,0,,float32,256,False,True,True,True,False,332,120656,8,1,,A_unfixed_severe_conflict,92,704543f7ecd0fef43dc0e0153fffec963fc6a8a90fe1919dcca6881fc0bc6a1d,E:\Project\python\Axon_v2.6Exp\data\待加入白名单\704543F7ECD0FEF43DC0E0153FFFEC963FC6A8A90FE1919DCCA6881FC0BC6A1D,704543f7ecd0fef43dc0e0153fffec963fc6a8a90fe1919dcca6881fc0bc6a1d,float32,49,True
75206,test,,uint8,8192,0,True,d8594fe67b0917f93fa929c2b447d6ed74ab410b94c1e6955d180ad806e5161d,severe_fp_conflict_prob_ge_0.99,0,float32,256,FP,0.9979050159,1,,0,,float32,256,False,True,True,False,False,332,25512394,4,1,,A_unfixed_severe_conflict,93,d8594fe67b0917f93fa929c2b447d6ed74ab410b94c1e6955d180ad806e5161d,E:\Project\python\Axon_v2.6Exp\data\待加入白名单\d8594fe67b0917f93fa929c2b447d6ed74ab410b94c1e6955d180ad806e5161d,d8594fe67b0917f93fa929c2b447d6ed74ab410b94c1e6955d180ad806e5161d,float32,49,True
152077,test,,uint8,8192,0,True,9db5be23d910f67c03f643cdd00c3385bcbdc2cbbd222f16160a1fb94f5b0af6,severe_fp_conflict_prob_ge_0.99,0,float32,256,FP,0.9978905916,1,,0,,float32,256,True,True,True,True,True,332,5496,9,1,,A_unfixed_severe_conflict,94,9db5be23d910f67c03f643cdd00c3385bcbdc2cbbd222f16160a1fb94f5b0af6,E:\Project\python\Axon_v2.6Exp\data\待加入白名单\9db5be23d910f67c03f643cdd00c3385bcbdc2cbbd222f16160a1fb94f5b0af6,9db5be23d910f67c03f643cdd00c3385bcbdc2cbbd222f16160a1fb94f5b0af6,float32,49,True
53372,test,,uint8,8192,0,True,368cbbd323d2c5bc00f0c072b116333f75339fc0742e238d3e5e6ff17abe1409,severe_fp_conflict_prob_ge_0.99,0,float32,256,FP,0.9978482723,1,,0,,float32,256,False,True,True,False,False,332,0,4,1,,A_unfixed_severe_conflict,95,368cbbd323d2c5bc00f0c072b116333f75339fc0742e238d3e5e6ff17abe1409,E:\Project\python\Axon_v2.6Exp\data\待加入白名单\368CBBD323D2C5BC00F0C072B116333F75339FC0742E238D3E5E6FF17ABE1409,368cbbd323d2c5bc00f0c072b116333f75339fc0742e238d3e5e6ff17abe1409,float32,49,True
184043,test,,uint8,8192,0,True,a5ac7ee2add434af74fb3e1ab6ce51b54859e34bbf169826b05813f1e96ab0c6,severe_fp_conflict_prob_ge_0.99,0,float32,256,FP,0.9978294969,1,,0,,float32,256,False,True,True,True,False,332,8584,8,1,,A_unfixed_severe_conflict,96,a5ac7ee2add434af74fb3e1ab6ce51b54859e34bbf169826b05813f1e96ab0c6,E:\Project\python\Axon_v2.6Exp\data\待加入白名单\a5ac7ee2add434af74fb3e1ab6ce51b54859e34bbf169826b05813f1e96ab0c6,a5ac7ee2add434af74fb3e1ab6ce51b54859e34bbf169826b05813f1e96ab0c6,float32,49,True
185420,test,duplicate_source_sha256_group,uint8,8192,0,True,db3d26383c692daa7d409920dc4bbe9dc310ae3fdc085e41145a0e981fc014ad,severe_fp_conflict_prob_ge_0.99,0,float32,256,FP,0.9977688193,2,,0,,float32,256,False,True,True,False,False,332,122804,5,1,,A_unfixed_severe_conflict,97,db3d26383c692daa7d409920dc4bbe9dc310ae3fdc085e41145a0e981fc014ad,E:\Project\python\Axon_v2.6Exp\data\待加入白名单\DB3D26383C692DAA7D409920DC4BBE9DC310AE3FDC085E41145A0E981FC014AD,db3d26383c692daa7d409920dc4bbe9dc310ae3fdc085e41145a0e981fc014ad,float32,49,True
173984,test,,uint8,8192,0,True,9d414b23192ed50ba8eea5ea7d24488fd9b50e239969368cd67d54b3b4c987f9,severe_fp_conflict_prob_ge_0.99,0,float32,256,FP,0.997707665,1,,0,,float32,256,True,True,True,False,True,332,0,5,1,,A_unfixed_severe_conflict,98,9d414b23192ed50ba8eea5ea7d24488fd9b50e239969368cd67d54b3b4c987f9,E:\Project\python\Axon_v2.6Exp\data\待加入白名单\9d414b23192ed50ba8eea5ea7d24488fd9b50e239969368cd67d54b3b4c987f9,9d414b23192ed50ba8eea5ea7d24488fd9b50e239969368cd67d54b3b4c987f9,float32,49,True
64090,test,,uint8,8192,0,True,fe39bb4b34224b0439ca553c67f6b66dbbc7f5e83cb1e176c346d00a88450e45,severe_fp_conflict_prob_ge_0.99,0,float32,256,FP,0.9976512194,1,,0,,float32,256,True,True,True,True,False,332,3576,10,1,,A_unfixed_severe_conflict,99,fe39bb4b34224b0439ca553c67f6b66dbbc7f5e83cb1e176c346d00a88450e45,E:\Project\python\Axon_v2.6Exp\data\待加入白名单\fe39bb4b34224b0439ca553c67f6b66dbbc7f5e83cb1e176c346d00a88450e45,fe39bb4b34224b0439ca553c67f6b66dbbc7f5e83cb1e176c346d00a88450e45,float32,49,True
159033,test,,uint8,8192,0,True,c2aeef743ca15cce234fc83a5515357d644a3d337dc7130fd591b39b71d80c82,severe_fp_conflict_prob_ge_0.99,0,float32,256,FP,0.9976418018,1,,0,,float32,256,False,True,True,False,False,332,0,5,1,,A_unfixed_severe_conflict,100,c2aeef743ca15cce234fc83a5515357d644a3d337dc7130fd591b39b71d80c82,E:\Project\python\Axon_v2.6Exp\data\待加入白名单\C2AEEF743CA15CCE234FC83A5515357D644A3D337DC7130FD591B39B71D80C82,c2aeef743ca15cce234fc83a5515357d644a3d337dc7130fd591b39b71d80c82,float32,49,True
194753,test,,uint8,8192,0,True,c5e26b88085ad4aa60a434d2554eaaa4f3c4a37aa26b12f40b70fb0c7f6d6a3f,severe_fp_conflict_prob_ge_0.99,0,float32,256,FP,0.9976408482,1,,0,,float32,256,False,True,True,False,False,332,0,3,1,,A_unfixed_severe_conflict,101,c5e26b88085ad4aa60a434d2554eaaa4f3c4a37aa26b12f40b70fb0c7f6d6a3f,E:\Project\python\Axon_v2.6Exp\data\待加入白名单\c5e26b88085ad4aa60a434d2554eaaa4f3c4a37aa26b12f40b70fb0c7f6d6a3f,c5e26b88085ad4aa60a434d2554eaaa4f3c4a37aa26b12f40b70fb0c7f6d6a3f,float32,49,True
158704,test,,uint8,8192,0,True,2dea66eaaa927b9241da5d188775a34edddb39b9c4bdb8fbba26b19d7cf9004b,severe_fp_conflict_prob_ge_0.99,0,float32,256,FP,0.9976152778,1,,0,,float32,256,True,True,True,True,False,332,12128,8,1,,A_unfixed_severe_conflict,102,2dea66eaaa927b9241da5d188775a34edddb39b9c4bdb8fbba26b19d7cf9004b,E:\Project\python\Axon_v2.6Exp\data\待加入白名单\2DEA66EAAA927B9241DA5D188775A34EDDDB39B9C4BDB8FBBA26B19D7CF9004B,2dea66eaaa927b9241da5d188775a34edddb39b9c4bdb8fbba26b19d7cf9004b,float32,49,True
106939,test,,uint8,8192,0,True,eb8a92c99c1c6630a3fb11d089f9b12ee4f46afca45ed352c7ed373148024522,severe_fp_conflict_prob_ge_0.99,0,float32,256,FP,0.9975552559,1,,0,,float32,256,False,True,True,False,False,332,3509,5,1,,A_unfixed_severe_conflict,103,eb8a92c99c1c6630a3fb11d089f9b12ee4f46afca45ed352c7ed373148024522,E:\Project\python\Axon_v2.6Exp\data\待加入白名单\eb8a92c99c1c6630a3fb11d089f9b12ee4f46afca45ed352c7ed373148024522,eb8a92c99c1c6630a3fb11d089f9b12ee4f46afca45ed352c7ed373148024522,float32,49,True
195238,test,,uint8,8192,0,True,6c9459d4e3aee49e2328456d5a0a1aa34c2e2937530587270e7c0548d5238e90,severe_fp_conflict_prob_ge_0.99,0,float32,256,FP,0.997541368,1,,0,,float32,256,False,True,True,False,False,332,0,5,1,,A_unfixed_severe_conflict,104,6c9459d4e3aee49e2328456d5a0a1aa34c2e2937530587270e7c0548d5238e90,E:\Project\python\Axon_v2.6Exp\data\待加入白名单\6c9459d4e3aee49e2328456d5a0a1aa34c2e2937530587270e7c0548d5238e90,6c9459d4e3aee49e2328456d5a0a1aa34c2e2937530587270e7c0548d5238e90,float32,49,True
140542,test,,uint8,8192,0,True,998d54fd14f8748232b466aabf7386103717162e62c50f472cf99c1336053bbc,severe_fp_conflict_prob_ge_0.99,0,float32,256,FP,0.9974693656,1,,0,,float32,256,False,False,True,False,False,34404,0,2,1,,A_unfixed_severe_conflict,105,998d54fd14f8748232b466aabf7386103717162e62c50f472cf99c1336053bbc,E:\Project\python\Axon_v2.6Exp\data\待加入白名单\998d54fd14f8748232b466aabf7386103717162e62c50f472cf99c1336053bbc.exe,998d54fd14f8748232b466aabf7386103717162e62c50f472cf99c1336053bbc,float32,49,True
119473,test,,uint8,8192,0,True,4724057d84bd4943901a8f426d992e21f6308301b8719469bdac2366eec04fa8,severe_fp_conflict_prob_ge_0.99,0,float32,256,FP,0.9974505901,1,,0,,float32,256,False,True,True,False,False,332,0,4,1,,A_unfixed_severe_conflict,106,4724057d84bd4943901a8f426d992e21f6308301b8719469bdac2366eec04fa8,E:\Project\python\Axon_v2.6Exp\data\待加入白名单\4724057D84BD4943901A8F426D992E21F6308301B8719469BDAC2366EEC04FA8,4724057d84bd4943901a8f426d992e21f6308301b8719469bdac2366eec04fa8,float32,49,True
96793,test,,uint8,8192,0,True,f86cd232611cd0f8fe7925c03220b99154646d2681af4d79a3b4db590db80259,severe_fp_conflict_prob_ge_0.99,0,float32,256,FP,0.9973888397,1,,0,,float32,256,False,True,True,False,False,332,0,3,1,,A_unfixed_severe_conflict,107,f86cd232611cd0f8fe7925c03220b99154646d2681af4d79a3b4db590db80259,E:\Project\python\Axon_v2.6Exp\data\待加入白名单\F86CD232611CD0F8FE7925C03220B99154646D2681AF4D79A3B4DB590DB80259,f86cd232611cd0f8fe7925c03220b99154646d2681af4d79a3b4db590db80259,float32,49,True
164137,test,,uint8,8192,0,True,9fec625063d4ef8f3aab92f0b28a746dd1261d3ff10a34b5450675b22351aef8,severe_fp_conflict_prob_ge_0.99,0,float32,256,FP,0.9973722696,1,,0,,float32,256,False,True,True,False,False,332,0,3,1,,A_unfixed_severe_conflict,108,9fec625063d4ef8f3aab92f0b28a746dd1261d3ff10a34b5450675b22351aef8,E:\Project\python\Axon_v2.6Exp\data\待加入白名单\9fec625063d4ef8f3aab92f0b28a746dd1261d3ff10a34b5450675b22351aef8,9fec625063d4ef8f3aab92f0b28a746dd1261d3ff10a34b5450675b22351aef8,float32,49,True
107459,test,,uint8,8192,0,True,98a6f833f1861a097fe66724d2fab8ddeff4e74c51f7d3e84375edaa6f537029,severe_fp_conflict_prob_ge_0.99,0,float32,256,FP,0.9972791076,1,,0,,float32,256,False,True,True,False,False,332,11984,4,1,,A_unfixed_severe_conflict,109,98a6f833f1861a097fe66724d2fab8ddeff4e74c51f7d3e84375edaa6f537029,E:\Project\python\Axon_v2.6Exp\data\待加入白名单\98a6f833f1861a097fe66724d2fab8ddeff4e74c51f7d3e84375edaa6f537029.exe,98a6f833f1861a097fe66724d2fab8ddeff4e74c51f7d3e84375edaa6f537029,float32,49,True
46536,test,,uint8,8192,0,True,c1007187e05ed681173b1c44c043980edf72dfcb2183ad90ec8e6d874d1b14e3,severe_fp_conflict_prob_ge_0.99,0,float32,256,FP,0.9972642064,1,,0,,float32,256,False,True,True,False,False,332,0,5,1,,A_unfixed_severe_conflict,110,c1007187e05ed681173b1c44c043980edf72dfcb2183ad90ec8e6d874d1b14e3,E:\Project\python\Axon_v2.6Exp\data\待加入白名单\C1007187E05ED681173B1C44C043980EDF72DFCB2183AD90EC8E6D874D1B14E3,c1007187e05ed681173b1c44c043980edf72dfcb2183ad90ec8e6d874d1b14e3,float32,49,True
83948,test,,uint8,8192,0,True,ce1069814ec1d4f6a3ed9742c000a40940e0e5777ea9b745e2b93b298298acf1,severe_fp_conflict_prob_ge_0.99,0,float32,256,FP,0.9972328544,1,,0,,float32,256,False,True,True,True,False,332,5608,5,1,,A_unfixed_severe_conflict,111,ce1069814ec1d4f6a3ed9742c000a40940e0e5777ea9b745e2b93b298298acf1,E:\Project\python\Axon_v2.6Exp\data\待加入白名单\CE1069814EC1D4F6A3ED9742C000A40940E0E5777EA9B745E2B93B298298ACF1,ce1069814ec1d4f6a3ed9742c000a40940e0e5777ea9b745e2b93b298298acf1,float32,49,True
126587,test,,uint8,8192,0,True,c12da54e7dc57b23075b3881dc557e48d035457ddd1bccea3d7ef6ca101b1c39,severe_fp_conflict_prob_ge_0.99,0,float32,256,FP,0.9971867204,1,,0,,float32,256,True,True,True,True,False,332,20335608,10,1,,A_unfixed_severe_conflict,112,c12da54e7dc57b23075b3881dc557e48d035457ddd1bccea3d7ef6ca101b1c39,E:\Project\python\Axon_v2.6Exp\data\待加入白名单\c12da54e7dc57b23075b3881dc557e48d035457ddd1bccea3d7ef6ca101b1c39,c12da54e7dc57b23075b3881dc557e48d035457ddd1bccea3d7ef6ca101b1c39,float32,49,True
172445,test,,uint8,8192,0,True,8e29d35da0f3963c2f0ccd9b4f61e20a660379256f80f00b0d7f1c1487e9c263,severe_fp_conflict_prob_ge_0.99,0,float32,256,FP,0.9969130754,1,,0,,float32,256,False,True,True,True,False,332,4640,5,1,,A_unfixed_severe_conflict,113,8e29d35da0f3963c2f0ccd9b4f61e20a660379256f80f00b0d7f1c1487e9c263,E:\Project\python\Axon_v2.6Exp\data\待加入白名单\8e29d35da0f3963c2f0ccd9b4f61e20a660379256f80f00b0d7f1c1487e9c263,8e29d35da0f3963c2f0ccd9b4f61e20a660379256f80f00b0d7f1c1487e9c263,float32,49,True
77270,test,,uint8,8192,0,True,579675f22cf105bb83f6273d77df3049a3b632a0ee4089bf765088f6b4de3a37,severe_fp_conflict_prob_ge_0.99,0,float32,256,FP,0.9968780875,1,,0,,float32,256,False,True,True,False,False,332,0,5,1,,A_unfixed_severe_conflict,114,579675f22cf105bb83f6273d77df3049a3b632a0ee4089bf765088f6b4de3a37,E:\Project\python\Axon_v2.6Exp\data\待加入白名单\579675F22CF105BB83F6273D77DF3049A3B632A0EE4089BF765088F6B4DE3A37,579675f22cf105bb83f6273d77df3049a3b632a0ee4089bf765088f6b4de3a37,float32,49,True
160393,test,,uint8,8192,0,True,d61ad0d317870fb4497faef30ea5323561dd4d67c637a41c5bf7aa5dc29714be,severe_fp_conflict_prob_ge_0.99,0,float32,256,FP,0.9968732595,1,,0,,float32,256,True,True,True,False,True,332,0,5,1,,A_unfixed_severe_conflict,115,d61ad0d317870fb4497faef30ea5323561dd4d67c637a41c5bf7aa5dc29714be,E:\Project\python\Axon_v2.6Exp\data\待加入白名单\d61ad0d317870fb4497faef30ea5323561dd4d67c637a41c5bf7aa5dc29714be,d61ad0d317870fb4497faef30ea5323561dd4d67c637a41c5bf7aa5dc29714be,float32,49,True
45591,test,,uint8,8192,0,True,a57c32044fa4b254d1221f34c0f7128e981ab287a0afbc04b621977f2cc7f893,severe_fp_conflict_prob_ge_0.99,0,float32,256,FP,0.9967890978,1,,0,,float32,256,False,True,True,False,False,332,0,3,1,,A_unfixed_severe_conflict,116,a57c32044fa4b254d1221f34c0f7128e981ab287a0afbc04b621977f2cc7f893,E:\Project\python\Axon_v2.6Exp\data\待加入白名单\a57c32044fa4b254d1221f34c0f7128e981ab287a0afbc04b621977f2cc7f893,a57c32044fa4b254d1221f34c0f7128e981ab287a0afbc04b621977f2cc7f893,float32,49,True
51990,test,,uint8,8192,0,True,f3a916ebae046aec1a97f983b8fc9f1c047e5a636ab3d92fbb80758220210b03,severe_fp_conflict_prob_ge_0.99,0,float32,256,FP,0.9966411591,1,,0,,float32,256,False,True,False,False,False,332,0,3,1,,A_unfixed_severe_conflict,117,f3a916ebae046aec1a97f983b8fc9f1c047e5a636ab3d92fbb80758220210b03,E:\Project\python\Axon_v2.6Exp\data\待加入白名单\f3a916ebae046aec1a97f983b8fc9f1c047e5a636ab3d92fbb80758220210b03,f3a916ebae046aec1a97f983b8fc9f1c047e5a636ab3d92fbb80758220210b03,float32,49,True
92552,test,,uint8,8192,0,True,0f9f3bcbb7ae511be4dc05124eb9c034009520b57b4e414c5070551ae7206526,severe_fp_conflict_prob_ge_0.99,0,float32,256,FP,0.9964812398,1,,0,,float32,256,False,True,True,False,False,332,0,5,1,,A_unfixed_severe_conflict,118,0f9f3bcbb7ae511be4dc05124eb9c034009520b57b4e414c5070551ae7206526,E:\Project\python\Axon_v2.6Exp\data\待加入白名单\0f9f3bcbb7ae511be4dc05124eb9c034009520b57b4e414c5070551ae7206526.exe,0f9f3bcbb7ae511be4dc05124eb9c034009520b57b4e414c5070551ae7206526,float32,49,True
87058,test,,uint8,8192,0,True,d624881357ad773ebeb617be6697e7bf3144d9484f6d8ee870a5d2aa9348e904,severe_fp_conflict_prob_ge_0.99,0,float32,256,FP,0.9964655638,1,,0,,float32,256,False,True,True,False,False,332,0,3,1,,A_unfixed_severe_conflict,119,d624881357ad773ebeb617be6697e7bf3144d9484f6d8ee870a5d2aa9348e904,E:\Project\python\Axon_v2.6Exp\data\待加入白名单\d624881357ad773ebeb617be6697e7bf3144d9484f6d8ee870a5d2aa9348e904,d624881357ad773ebeb617be6697e7bf3144d9484f6d8ee870a5d2aa9348e904,float32,49,True
106030,test,,uint8,8192,0,True,34500a9cd54784eb4792a311aee3e49ef6872e5beb34ad91860471d73e09e0eb,severe_fp_conflict_prob_ge_0.99,0,float32,256,FP,0.9963961244,1,,0,,float32,256,False,True,True,False,False,332,0,7,1,,A_unfixed_severe_conflict,120,34500a9cd54784eb4792a311aee3e49ef6872e5beb34ad91860471d73e09e0eb,E:\Project\python\Axon_v2.6Exp\data\待加入白名单\34500a9cd54784eb4792a311aee3e49ef6872e5beb34ad91860471d73e09e0eb.exe,34500a9cd54784eb4792a311aee3e49ef6872e5beb34ad91860471d73e09e0eb,float32,49,True
106790,test,,uint8,8192,0,True,312fb5169b355ff41f1f668c94a7664096f00e4dca463e8c60ca156cb0ca091b,severe_fp_conflict_prob_ge_0.99,0,float32,256,FP,0.9963515997,1,,0,,float32,256,False,True,True,True,False,332,8104,3,1,,A_unfixed_severe_conflict,121,312fb5169b355ff41f1f668c94a7664096f00e4dca463e8c60ca156cb0ca091b,E:\Project\python\Axon_v2.6Exp\data\待加入白名单\312FB5169B355FF41F1F668C94A7664096F00E4DCA463E8C60CA156CB0CA091B,312fb5169b355ff41f1f668c94a7664096f00e4dca463e8c60ca156cb0ca091b,float32,49,True
152147,test,,uint8,8192,0,True,f405696950506f339ee1d41c54f2ecef5cd44027dfef37786ae3be3890a4cfcf,severe_fp_conflict_prob_ge_0.99,0,float32,256,FP,0.9963508844,1,,0,,float32,256,False,True,True,False,False,332,1390606,4,1,,A_unfixed_severe_conflict,122,f405696950506f339ee1d41c54f2ecef5cd44027dfef37786ae3be3890a4cfcf,E:\Project\python\Axon_v2.6Exp\data\待加入白名单\f405696950506f339ee1d41c54f2ecef5cd44027dfef37786ae3be3890a4cfcf,f405696950506f339ee1d41c54f2ecef5cd44027dfef37786ae3be3890a4cfcf,float32,49,True
150706,test,,uint8,8192,0,True,f11181280a632bcc03d4ad8fbe44e543d1c693af4d2369f13f179bd7c7237c6b,severe_fp_conflict_prob_ge_0.99,0,float32,256,FP,0.9963032007,1,,0,,float32,256,False,True,False,False,False,332,0,3,1,,A_unfixed_severe_conflict,123,f11181280a632bcc03d4ad8fbe44e543d1c693af4d2369f13f179bd7c7237c6b,E:\Project\python\Axon_v2.6Exp\data\待加入白名单\f11181280a632bcc03d4ad8fbe44e543d1c693af4d2369f13f179bd7c7237c6b,f11181280a632bcc03d4ad8fbe44e543d1c693af4d2369f13f179bd7c7237c6b,float32,49,True
116841,test,,uint8,8192,0,True,f9a4457582922625ce8a6219b1a71d584023c6db2f10e4d33844df23c93d1475,severe_fp_conflict_prob_ge_0.99,0,float32,256,FP,0.9962989688,1,,0,,float32,256,False,True,True,True,False,332,4640,5,1,,A_unfixed_severe_conflict,124,f9a4457582922625ce8a6219b1a71d584023c6db2f10e4d33844df23c93d1475,E:\Project\python\Axon_v2.6Exp\data\待加入白名单\f9a4457582922625ce8a6219b1a71d584023c6db2f10e4d33844df23c93d1475,f9a4457582922625ce8a6219b1a71d584023c6db2f10e4d33844df23c93d1475,float32,49,True
165428,test,,uint8,8192,0,True,a7f89a828a17fd46ad608e878d3fd74ae0d255d81b6119787348efe78d1adf18,severe_fp_conflict_prob_ge_0.99,0,float32,256,FP,0.9962974787,1,,0,,float32,256,False,True,True,False,False,332,0,4,1,,A_unfixed_severe_conflict,125,a7f89a828a17fd46ad608e878d3fd74ae0d255d81b6119787348efe78d1adf18,E:\Project\python\Axon_v2.6Exp\data\待加入白名单\A7F89A828A17FD46AD608E878D3FD74AE0D255D81B6119787348EFE78D1ADF18,a7f89a828a17fd46ad608e878d3fd74ae0d255d81b6119787348efe78d1adf18,float32,49,True
101054,test,,uint8,8192,0,True,42e52111b758582a0d7929816e0711e6957d11681097e0d9fe880206a9c220d5,severe_fp_conflict_prob_ge_0.99,0,float32,256,FP,0.9962822199,1,,0,,float32,256,False,True,True,False,False,332,0,7,1,,A_unfixed_severe_conflict,126,42e52111b758582a0d7929816e0711e6957d11681097e0d9fe880206a9c220d5,E:\Project\python\Axon_v2.6Exp\data\待加入白名单\42e52111b758582a0d7929816e0711e6957d11681097e0d9fe880206a9c220d5,42e52111b758582a0d7929816e0711e6957d11681097e0d9fe880206a9c220d5,float32,49,True
57825,test,,uint8,8192,0,True,d40aaabbef180e05f11f8c128d10c798d17368514c3bf527077a88d4fbe6cfa0,severe_fp_conflict_prob_ge_0.99,0,float32,256,FP,0.996029973,1,,0,,float32,256,False,True,True,False,False,332,1421368,5,1,,A_unfixed_severe_conflict,127,d40aaabbef180e05f11f8c128d10c798d17368514c3bf527077a88d4fbe6cfa0,E:\Project\python\Axon_v2.6Exp\data\待加入白名单\d40aaabbef180e05f11f8c128d10c798d17368514c3bf527077a88d4fbe6cfa0,d40aaabbef180e05f11f8c128d10c798d17368514c3bf527077a88d4fbe6cfa0,float32,49,True
183086,test,,uint8,8192,0,True,3390dd07e98902776eb10dce4ac3b908766bcf4c7fa4ae79735aaac4b2270397,severe_fp_conflict_prob_ge_0.99,0,float32,256,FP,0.9959740639,1,,0,,float32,256,True,True,True,False,False,332,0,5,1,,A_unfixed_severe_conflict,128,3390dd07e98902776eb10dce4ac3b908766bcf4c7fa4ae79735aaac4b2270397,E:\Project\python\Axon_v2.6Exp\data\待加入白名单\3390DD07E98902776EB10DCE4AC3B908766BCF4C7FA4AE79735AAAC4B2270397,3390dd07e98902776eb10dce4ac3b908766bcf4c7fa4ae79735aaac4b2270397,float32,49,True
119086,test,,uint8,8192,0,True,49d6c3f463ad850b40fcc0530d02c4322fc0f74ddbb2761a8b3425056bc03e04,severe_fp_conflict_prob_ge_0.99,0,float32,256,FP,0.9959545135,1,,0,,float32,256,False,True,True,False,False,332,0,7,1,,A_unfixed_severe_conflict,129,49d6c3f463ad850b40fcc0530d02c4322fc0f74ddbb2761a8b3425056bc03e04,E:\Project\python\Axon_v2.6Exp\data\待加入白名单\49d6c3f463ad850b40fcc0530d02c4322fc0f74ddbb2761a8b3425056bc03e04.exe,49d6c3f463ad850b40fcc0530d02c4322fc0f74ddbb2761a8b3425056bc03e04,float32,49,True
90930,test,,uint8,8192,0,True,88bb94c3ce727db13b77abdbdb75a4c878e91d651692f3618178dec5bbb7080c,severe_fp_conflict_prob_ge_0.99,0,float32,256,FP,0.9958319068,1,,0,,float32,256,False,True,True,False,False,332,0,5,1,,A_unfixed_severe_conflict,130,88bb94c3ce727db13b77abdbdb75a4c878e91d651692f3618178dec5bbb7080c,E:\Project\python\Axon_v2.6Exp\data\待加入白名单\88bb94c3ce727db13b77abdbdb75a4c878e91d651692f3618178dec5bbb7080c,88bb94c3ce727db13b77abdbdb75a4c878e91d651692f3618178dec5bbb7080c,float32,49,True
175217,test,,uint8,8192,0,True,2902e87e667e8363a7cbded18a1437d883b5dcf43aba584d42edb4e6c8e09013,severe_fp_conflict_prob_ge_0.99,0,float32,256,FP,0.9956676364,1,,0,,float32,256,False,True,True,True,False,332,7864,4,1,,A_unfixed_severe_conflict,131,2902e87e667e8363a7cbded18a1437d883b5dcf43aba584d42edb4e6c8e09013,E:\Project\python\Axon_v2.6Exp\data\待加入白名单\2902E87E667E8363A7CBDED18A1437D883B5DCF43ABA584D42EDB4E6C8E09013,2902e87e667e8363a7cbded18a1437d883b5dcf43aba584d42edb4e6c8e09013,float32,49,True
49816,test,,uint8,8192,0,True,589c0dc8076ae39e3c40fa091c8b91f748e34f7099c94ba5ebb4e0eeefeb9019,severe_fp_conflict_prob_ge_0.99,0,float32,256,FP,0.9956506491,1,,0,,float32,256,False,True,True,False,False,332,0,5,1,,A_unfixed_severe_conflict,132,589c0dc8076ae39e3c40fa091c8b91f748e34f7099c94ba5ebb4e0eeefeb9019,E:\Project\python\Axon_v2.6Exp\data\待加入白名单\589C0DC8076AE39E3C40FA091C8B91F748E34F7099C94BA5EBB4E0EEEFEB9019,589c0dc8076ae39e3c40fa091c8b91f748e34f7099c94ba5ebb4e0eeefeb9019,float32,49,True
91226,test,,uint8,8192,0,True,5dcdf18e7d03125ab86cc045f0fe5cc1da67fdfe319008c69cb62109f175bf7b,severe_fp_conflict_prob_ge_0.99,0,float32,256,FP,0.9955106378,1,,0,,float32,256,False,True,True,False,False,332,0,4,1,,A_unfixed_severe_conflict,133,5dcdf18e7d03125ab86cc045f0fe5cc1da67fdfe319008c69cb62109f175bf7b,E:\Project\python\Axon_v2.6Exp\data\待加入白名单\5dcdf18e7d03125ab86cc045f0fe5cc1da67fdfe319008c69cb62109f175bf7b.exe,5dcdf18e7d03125ab86cc045f0fe5cc1da67fdfe319008c69cb62109f175bf7b,float32,49,True
137870,test,,uint8,8192,0,True,0bd7f2a6bc35c70e42cc5accbb0a12e2cd72b9f609f800383bd55cbbbc76d057,severe_fp_conflict_prob_ge_0.99,0,float32,256,FP,0.9953536391,1,,0,,float32,256,True,True,True,True,False,332,7576,10,1,,A_unfixed_severe_conflict,134,0bd7f2a6bc35c70e42cc5accbb0a12e2cd72b9f609f800383bd55cbbbc76d057,E:\Project\python\Axon_v2.6Exp\data\待加入白名单\0BD7F2A6BC35C70E42CC5ACCBB0A12E2CD72B9F609F800383BD55CBBBC76D057,0bd7f2a6bc35c70e42cc5accbb0a12e2cd72b9f609f800383bd55cbbbc76d057,float32,49,True
158598,test,,uint8,8192,0,True,95c14919d56faef851fea4fe5a41e5d8ebcfc155504b589905624aef8bc72dc6,severe_fp_conflict_prob_ge_0.99,0,float32,256,FP,0.9952987432,1,,0,,float32,256,False,True,True,False,False,332,0,5,1,,A_unfixed_severe_conflict,135,95c14919d56faef851fea4fe5a41e5d8ebcfc155504b589905624aef8bc72dc6,E:\Project\python\Axon_v2.6Exp\data\待加入白名单\95c14919d56faef851fea4fe5a41e5d8ebcfc155504b589905624aef8bc72dc6,95c14919d56faef851fea4fe5a41e5d8ebcfc155504b589905624aef8bc72dc6,float32,49,True
121590,test,,uint8,8192,0,True,212fda6eec1ceaf481e316c51fddd21403be2863afe8209fbf7c43e9bfd59921,severe_fp_conflict_prob_ge_0.99,0,float32,256,FP,0.995265305,1,,0,,float32,256,False,True,False,False,False,332,0,3,1,,A_unfixed_severe_conflict,136,212fda6eec1ceaf481e316c51fddd21403be2863afe8209fbf7c43e9bfd59921,E:\Project\python\Axon_v2.6Exp\data\待加入白名单\212fda6eec1ceaf481e316c51fddd21403be2863afe8209fbf7c43e9bfd59921,212fda6eec1ceaf481e316c51fddd21403be2863afe8209fbf7c43e9bfd59921,float32,49,True
62748,test,,uint8,8192,0,True,1e5e7ecbe7870f03d7d8cad6a3cafd69a87ce447d10abcf0032e95233121a09b,severe_fp_conflict_prob_ge_0.99,0,float32,256,FP,0.9951776862,1,,0,,float32,256,False,True,True,False,False,332,0,4,1,,A_unfixed_severe_conflict,137,1e5e7ecbe7870f03d7d8cad6a3cafd69a87ce447d10abcf0032e95233121a09b,E:\Project\python\Axon_v2.6Exp\data\待加入白名单\1E5E7ECBE7870F03D7D8CAD6A3CAFD69A87CE447D10ABCF0032E95233121A09B,1e5e7ecbe7870f03d7d8cad6a3cafd69a87ce447d10abcf0032e95233121a09b,float32,49,True
99689,test,,uint8,8192,0,True,1f335029fb92734fe66983f16913c3c3b7375a25cbd540c34a3d2ba22bcabca7,severe_fp_conflict_prob_ge_0.99,0,float32,256,FP,0.9951462746,1,,0,,float32,256,False,False,True,False,False,34404,0,2,1,,A_unfixed_severe_conflict,138,1f335029fb92734fe66983f16913c3c3b7375a25cbd540c34a3d2ba22bcabca7,E:\Project\python\Axon_v2.6Exp\data\待加入白名单\1F335029FB92734FE66983F16913C3C3B7375A25CBD540C34A3D2BA22BCABCA7,1f335029fb92734fe66983f16913c3c3b7375a25cbd540c34a3d2ba22bcabca7,float32,49,True
68660,test,,uint8,8192,0,True,e362670f93cdd952335b1a41e5529f184f2022ea4d41817a9781b150b062511c,severe_fp_conflict_prob_ge_0.99,0,float32,256,FP,0.994995296,1,,0,,float32,256,False,True,True,False,False,332,0,4,1,,A_unfixed_severe_conflict,139,e362670f93cdd952335b1a41e5529f184f2022ea4d41817a9781b150b062511c,E:\Project\python\Axon_v2.6Exp\data\待加入白名单\e362670f93cdd952335b1a41e5529f184f2022ea4d41817a9781b150b062511c.exe,e362670f93cdd952335b1a41e5529f184f2022ea4d41817a9781b150b062511c,float32,49,True
66513,test,,uint8,8192,0,True,c01a05d0bcc64a0bb5b2bce86aaa45d6703c2e1a0c9ba07134aa5aee39e38900,severe_fp_conflict_prob_ge_0.99,0,float32,256,FP,0.9949733019,1,,0,,float32,256,False,False,True,False,False,34404,0,2,1,,A_unfixed_severe_conflict,140,c01a05d0bcc64a0bb5b2bce86aaa45d6703c2e1a0c9ba07134aa5aee39e38900,E:\Project\python\Axon_v2.6Exp\data\待加入白名单\c01a05d0bcc64a0bb5b2bce86aaa45d6703c2e1a0c9ba07134aa5aee39e38900,c01a05d0bcc64a0bb5b2bce86aaa45d6703c2e1a0c9ba07134aa5aee39e38900,float32,49,True
71254,test,,uint8,8192,0,True,9a0ad3980b6ccd4728e98ef248a991e3587e6c244e44799dc5a91d8d1f625667,severe_fp_conflict_prob_ge_0.99,0,float32,256,FP,0.994890511,1,,0,,float32,256,False,True,True,False,False,332,0,5,1,,A_unfixed_severe_conflict,141,9a0ad3980b6ccd4728e98ef248a991e3587e6c244e44799dc5a91d8d1f625667,E:\Project\python\Axon_v2.6Exp\data\待加入白名单\9a0ad3980b6ccd4728e98ef248a991e3587e6c244e44799dc5a91d8d1f625667,9a0ad3980b6ccd4728e98ef248a991e3587e6c244e44799dc5a91d8d1f625667,float32,49,True
170868,test,,uint8,8192,0,True,cc3ee246f2710dc9ba9e2a88e3192b88f1db4caa2eefb8641642a33df04e585c,severe_fp_conflict_prob_ge_0.99,0,float32,256,FP,0.9945287108,1,,0,,float32,256,False,True,True,False,False,332,0,4,1,,A_unfixed_severe_conflict,142,cc3ee246f2710dc9ba9e2a88e3192b88f1db4caa2eefb8641642a33df04e585c,E:\Project\python\Axon_v2.6Exp\data\待加入白名单\CC3EE246F2710DC9BA9E2A88E3192B88F1DB4CAA2EEFB8641642A33DF04E585C,cc3ee246f2710dc9ba9e2a88e3192b88f1db4caa2eefb8641642a33df04e585c,float32,49,True
59408,test,,uint8,8192,0,True,8d5eccd990733e8a532a5e8f5065aa22dc302255ae8382bafbb7db5cc805cace,severe_fp_conflict_prob_ge_0.99,0,float32,256,FP,0.9941917062,1,,0,,float32,256,False,True,True,False,False,332,0,3,1,,A_unfixed_severe_conflict,143,8d5eccd990733e8a532a5e8f5065aa22dc302255ae8382bafbb7db5cc805cace,E:\Project\python\Axon_v2.6Exp\data\待加入白名单\8d5eccd990733e8a532a5e8f5065aa22dc302255ae8382bafbb7db5cc805cace,8d5eccd990733e8a532a5e8f5065aa22dc302255ae8382bafbb7db5cc805cace,float32,49,True
98773,test,,uint8,8192,0,True,efedc66eb63c470ba19109e80b7f3088dacf3cf24751a0e63cea8196f4600383,severe_fp_conflict_prob_ge_0.99,0,float32,256,FP,0.9941809773,1,,0,,float32,256,False,True,True,False,False,332,0,4,1,,A_unfixed_severe_conflict,144,efedc66eb63c470ba19109e80b7f3088dacf3cf24751a0e63cea8196f4600383,E:\Project\python\Axon_v2.6Exp\data\待加入白名单\efedc66eb63c470ba19109e80b7f3088dacf3cf24751a0e63cea8196f4600383,efedc66eb63c470ba19109e80b7f3088dacf3cf24751a0e63cea8196f4600383,float32,49,True
196029,test,,uint8,8192,0,True,dac7470975ed11fa529cbeed979da3741a180a1c7379ef0c0320263035085e7c,severe_fp_conflict_prob_ge_0.99,0,float32,256,FP,0.994174242,1,,0,,float32,256,False,True,True,False,False,332,77012496,5,1,,A_unfixed_severe_conflict,145,dac7470975ed11fa529cbeed979da3741a180a1c7379ef0c0320263035085e7c,E:\Project\python\Axon_v2.6Exp\data\待加入白名单\dac7470975ed11fa529cbeed979da3741a180a1c7379ef0c0320263035085e7c,dac7470975ed11fa529cbeed979da3741a180a1c7379ef0c0320263035085e7c,float32,49,True
70787,test,,uint8,8192,0,True,955faa2fcec977b29fb7dc49a80b8c7916c410b70ad973c7883ed8537126f81f,severe_fp_conflict_prob_ge_0.99,0,float32,256,FP,0.993979156,1,,0,,float32,256,False,True,True,True,False,332,6968,4,1,,A_unfixed_severe_conflict,146,955faa2fcec977b29fb7dc49a80b8c7916c410b70ad973c7883ed8537126f81f,E:\Project\python\Axon_v2.6Exp\data\待加入白名单\955faa2fcec977b29fb7dc49a80b8c7916c410b70ad973c7883ed8537126f81f.exe,955faa2fcec977b29fb7dc49a80b8c7916c410b70ad973c7883ed8537126f81f,float32,49,True
113751,test,,uint8,8192,0,True,82223d9846907e2da99c9a9940a5ec6c8e683a1b523963c5b0263e9cf5ca0051,severe_fp_conflict_prob_ge_0.99,0,float32,256,FP,0.9939413667,1,,0,,float32,256,False,True,True,False,False,332,11984,4,1,,A_unfixed_severe_conflict,147,82223d9846907e2da99c9a9940a5ec6c8e683a1b523963c5b0263e9cf5ca0051,E:\Project\python\Axon_v2.6Exp\data\待加入白名单\82223d9846907e2da99c9a9940a5ec6c8e683a1b523963c5b0263e9cf5ca0051.exe,82223d9846907e2da99c9a9940a5ec6c8e683a1b523963c5b0263e9cf5ca0051,float32,49,True
70138,test,,uint8,8192,0,True,72b08ebee27f2e57670300acaaa274d1f127f8ab0383d90d7498e2a6257761fe,severe_fp_conflict_prob_ge_0.99,0,float32,256,FP,0.99389714,1,,0,,float32,256,False,True,True,False,False,332,0,4,1,,A_unfixed_severe_conflict,148,72b08ebee27f2e57670300acaaa274d1f127f8ab0383d90d7498e2a6257761fe,E:\Project\python\Axon_v2.6Exp\data\待加入白名单\72b08ebee27f2e57670300acaaa274d1f127f8ab0383d90d7498e2a6257761fe.exe,72b08ebee27f2e57670300acaaa274d1f127f8ab0383d90d7498e2a6257761fe,float32,49,True
76677,test,,uint8,8192,0,True,ac8e8132c8fb807b4cd7c64030c5459005470ad4802fbb5b6be4c0341c85fa42,severe_fp_conflict_prob_ge_0.99,0,float32,256,FP,0.9937836528,1,,0,,float32,256,False,True,True,True,False,332,24936,9,1,,A_unfixed_severe_conflict,149,ac8e8132c8fb807b4cd7c64030c5459005470ad4802fbb5b6be4c0341c85fa42,E:\Project\python\Axon_v2.6Exp\data\待加入白名单\ac8e8132c8fb807b4cd7c64030c5459005470ad4802fbb5b6be4c0341c85fa42,ac8e8132c8fb807b4cd7c64030c5459005470ad4802fbb5b6be4c0341c85fa42,float32,49,True
128870,test,,uint8,8192,0,True,2e149b6c5ba3657b0921e8b31d644eec8668b4ccc98c6886dbbe75b53dfe7263,severe_fp_conflict_prob_ge_0.99,0,float32,256,FP,0.9937722683,1,,0,,float32,256,False,True,True,True,False,332,15033256,8,1,,A_unfixed_severe_conflict,150,2e149b6c5ba3657b0921e8b31d644eec8668b4ccc98c6886dbbe75b53dfe7263,E:\Project\python\Axon_v2.6Exp\data\待加入白名单\2e149b6c5ba3657b0921e8b31d644eec8668b4ccc98c6886dbbe75b53dfe7263.exe,2e149b6c5ba3657b0921e8b31d644eec8668b4ccc98c6886dbbe75b53dfe7263,float32,49,True
47104,test,,uint8,8192,0,True,75f12ea2f30d9c0d872dade345f30f562e6d93847b6a509ba53beec6d0b2c346,severe_fp_conflict_prob_ge_0.99,0,float32,256,FP,0.9937644005,1,,0,,float32,256,False,True,False,False,False,332,0,3,1,,A_unfixed_severe_conflict,151,75f12ea2f30d9c0d872dade345f30f562e6d93847b6a509ba53beec6d0b2c346,E:\Project\python\Axon_v2.6Exp\data\待加入白名单\75f12ea2f30d9c0d872dade345f30f562e6d93847b6a509ba53beec6d0b2c346.exe,75f12ea2f30d9c0d872dade345f30f562e6d93847b6a509ba53beec6d0b2c346,float32,49,True
78660,test,,uint8,8192,0,True,ac0fd6ed50045ea2366ad5f2d68922e5f75063012338fcd53ae34cec8a8567de,severe_fp_conflict_prob_ge_0.99,0,float32,256,FP,0.9937104583,1,,0,,float32,256,False,True,True,False,False,332,106189078,5,1,,A_unfixed_severe_conflict,152,ac0fd6ed50045ea2366ad5f2d68922e5f75063012338fcd53ae34cec8a8567de,E:\Project\python\Axon_v2.6Exp\data\待加入白名单\ac0fd6ed50045ea2366ad5f2d68922e5f75063012338fcd53ae34cec8a8567de,ac0fd6ed50045ea2366ad5f2d68922e5f75063012338fcd53ae34cec8a8567de,float32,49,True
169966,test,,uint8,8192,0,True,4b7e29f16909311057150d5c2a4b02ffe5097b1940420d9680c2cf2ba80a265f,severe_fp_conflict_prob_ge_0.99,0,float32,256,FP,0.9936692119,1,,0,,float32,256,False,True,True,False,False,332,331847,5,1,,A_unfixed_severe_conflict,153,4b7e29f16909311057150d5c2a4b02ffe5097b1940420d9680c2cf2ba80a265f,E:\Project\python\Axon_v2.6Exp\data\待加入白名单\4b7e29f16909311057150d5c2a4b02ffe5097b1940420d9680c2cf2ba80a265f,4b7e29f16909311057150d5c2a4b02ffe5097b1940420d9680c2cf2ba80a265f,float32,49,True
68571,test,,uint8,8192,0,True,f6707e5a0ca45de5de538713c9afb80c97416a7cb2555d0947d0fd0e1a2386ba,severe_fp_conflict_prob_ge_0.99,0,float32,256,FP,0.9936024547,1,,0,,float32,256,False,True,True,False,False,332,0,4,1,,A_unfixed_severe_conflict,154,f6707e5a0ca45de5de538713c9afb80c97416a7cb2555d0947d0fd0e1a2386ba,E:\Project\python\Axon_v2.6Exp\data\待加入白名单\f6707e5a0ca45de5de538713c9afb80c97416a7cb2555d0947d0fd0e1a2386ba,f6707e5a0ca45de5de538713c9afb80c97416a7cb2555d0947d0fd0e1a2386ba,float32,49,True
65115,test,,uint8,8192,0,True,446aef1bbaabca4da42b70f711ae4ea9c1ae9a3ecebf07e562e56fb17dec7d6b,severe_fp_conflict_prob_ge_0.99,0,float32,256,FP,0.9935782552,1,,0,,float32,256,False,True,True,False,False,332,0,4,1,,A_unfixed_severe_conflict,155,446aef1bbaabca4da42b70f711ae4ea9c1ae9a3ecebf07e562e56fb17dec7d6b,E:\Project\python\Axon_v2.6Exp\data\待加入白名单\446AEF1BBAABCA4DA42B70F711AE4EA9C1AE9A3ECEBF07E562E56FB17DEC7D6B,446aef1bbaabca4da42b70f711ae4ea9c1ae9a3ecebf07e562e56fb17dec7d6b,float32,49,True
165997,test,,uint8,8192,0,True,9ac2c67f12b69085fdd7813a351545453a98c3f0074ca4f7eb3d7aee547bce07,severe_fp_conflict_prob_ge_0.99,0,float32,256,FP,0.9935672283,1,,0,,float32,256,False,True,False,False,False,332,0,8,1,,A_unfixed_severe_conflict,156,9ac2c67f12b69085fdd7813a351545453a98c3f0074ca4f7eb3d7aee547bce07,E:\Project\python\Axon_v2.6Exp\data\待加入白名单\9ac2c67f12b69085fdd7813a351545453a98c3f0074ca4f7eb3d7aee547bce07,9ac2c67f12b69085fdd7813a351545453a98c3f0074ca4f7eb3d7aee547bce07,float32,49,True
167177,test,,uint8,8192,0,True,95f7d92645cd041ba53237cbaeafc88e33c51bc0f4fdc1fdcfbe956d59e6aa41,severe_fp_conflict_prob_ge_0.99,0,float32,256,FP,0.9931608438,1,,0,,float32,256,True,True,True,True,False,332,24936,10,1,,A_unfixed_severe_conflict,157,95f7d92645cd041ba53237cbaeafc88e33c51bc0f4fdc1fdcfbe956d59e6aa41,E:\Project\python\Axon_v2.6Exp\data\待加入白名单\95f7d92645cd041ba53237cbaeafc88e33c51bc0f4fdc1fdcfbe956d59e6aa41,95f7d92645cd041ba53237cbaeafc88e33c51bc0f4fdc1fdcfbe956d59e6aa41,float32,49,True
149150,test,,uint8,8192,0,True,8d0e163dd8ab9072afe1d1c945b8622cc1c00d6680f311b29753be871016622a,severe_fp_conflict_prob_ge_0.99,0,float32,256,FP,0.9929282069,1,,0,,float32,256,False,True,True,True,False,332,5960,5,1,,A_unfixed_severe_conflict,158,8d0e163dd8ab9072afe1d1c945b8622cc1c00d6680f311b29753be871016622a,E:\Project\python\Axon_v2.6Exp\data\待加入白名单\8d0e163dd8ab9072afe1d1c945b8622cc1c00d6680f311b29753be871016622a,8d0e163dd8ab9072afe1d1c945b8622cc1c00d6680f311b29753be871016622a,float32,49,True
65185,test,,uint8,8192,0,True,d7b8edcef0b5b9fa76edd80fc710a5fe5419e8b0bfa1d83fefd53a94ec66dfb8,severe_fp_conflict_prob_ge_0.99,0,float32,256,FP,0.9928805232,1,,0,,float32,256,False,True,True,False,False,332,6240,4,1,,A_unfixed_severe_conflict,159,d7b8edcef0b5b9fa76edd80fc710a5fe5419e8b0bfa1d83fefd53a94ec66dfb8,E:\Project\python\Axon_v2.6Exp\data\待加入白名单\d7b8edcef0b5b9fa76edd80fc710a5fe5419e8b0bfa1d83fefd53a94ec66dfb8.exe,d7b8edcef0b5b9fa76edd80fc710a5fe5419e8b0bfa1d83fefd53a94ec66dfb8,float32,49,True
175178,test,,uint8,8192,0,True,e82baf1e65bb4a1a48f7d075b1a99d7904addbf53fc8fe873749efe06ecbd6b4,severe_fp_conflict_prob_ge_0.99,0,float32,256,FP,0.9927520752,1,,0,,float32,256,False,True,True,False,False,332,0,5,1,,A_unfixed_severe_conflict,160,e82baf1e65bb4a1a48f7d075b1a99d7904addbf53fc8fe873749efe06ecbd6b4,E:\Project\python\Axon_v2.6Exp\data\待加入白名单\e82baf1e65bb4a1a48f7d075b1a99d7904addbf53fc8fe873749efe06ecbd6b4,e82baf1e65bb4a1a48f7d075b1a99d7904addbf53fc8fe873749efe06ecbd6b4,float32,49,True
78499,test,,uint8,8192,0,True,4fe9c12d05ad488c626528bab49300b6c50cfb6139db3601ee22f2f15d3e82f1,severe_fp_conflict_prob_ge_0.99,0,float32,256,FP,0.9924376607,1,,0,,float32,256,False,True,True,False,False,332,0,5,1,,A_unfixed_severe_conflict,161,4fe9c12d05ad488c626528bab49300b6c50cfb6139db3601ee22f2f15d3e82f1,E:\Project\python\Axon_v2.6Exp\data\待加入白名单\4FE9C12D05AD488C626528BAB49300B6C50CFB6139DB3601EE22F2F15D3E82F1,4fe9c12d05ad488c626528bab49300b6c50cfb6139db3601ee22f2f15d3e82f1,float32,49,True
65443,test,,uint8,8192,0,True,856addd3dc2efdc13111fff35a364fde13ca595735b6d45bc8bdc1990b572027,severe_fp_conflict_prob_ge_0.99,0,float32,256,FP,0.9924376607,1,,0,,float32,256,False,True,True,False,False,332,0,5,1,,A_unfixed_severe_conflict,162,856addd3dc2efdc13111fff35a364fde13ca595735b6d45bc8bdc1990b572027,E:\Project\python\Axon_v2.6Exp\data\待加入白名单\856ADDD3DC2EFDC13111FFF35A364FDE13CA595735B6D45BC8BDC1990B572027,856addd3dc2efdc13111fff35a364fde13ca595735b6d45bc8bdc1990b572027,float32,49,True
141413,test,,uint8,8192,0,True,f9b7c3baf8de23e8f9eb7104578d8560b6f328920e6634398c370cd07d64edbd,severe_fp_conflict_prob_ge_0.99,0,float32,256,FP,0.9924376607,1,,0,,float32,256,False,True,True,False,False,332,0,5,1,,A_unfixed_severe_conflict,163,f9b7c3baf8de23e8f9eb7104578d8560b6f328920e6634398c370cd07d64edbd,E:\Project\python\Axon_v2.6Exp\data\待加入白名单\F9B7C3BAF8DE23E8F9EB7104578D8560B6F328920E6634398C370CD07D64EDBD,f9b7c3baf8de23e8f9eb7104578d8560b6f328920e6634398c370cd07d64edbd,float32,49,True
104157,test,,uint8,8192,0,True,e4ea2dbb1371ea1920d73c87202f19b6f095ef6f521a8a7a139d19f34f1fe866,severe_fp_conflict_prob_ge_0.99,0,float32,256,FP,0.9920656085,1,,0,,float32,256,False,False,True,False,False,34404,0,2,1,,A_unfixed_severe_conflict,164,e4ea2dbb1371ea1920d73c87202f19b6f095ef6f521a8a7a139d19f34f1fe866,E:\Project\python\Axon_v2.6Exp\data\待加入白名单\e4ea2dbb1371ea1920d73c87202f19b6f095ef6f521a8a7a139d19f34f1fe866,e4ea2dbb1371ea1920d73c87202f19b6f095ef6f521a8a7a139d19f34f1fe866,float32,49,True
166990,test,,uint8,8192,0,True,b5eefa475783d7d33249e98cffd661bcc07a56e3cffe4ac7eb93f00a5284cb53,severe_fp_conflict_prob_ge_0.99,0,float32,256,FP,0.9920226932,1,,0,,float32,256,False,True,True,False,False,332,0,6,1,,A_unfixed_severe_conflict,165,b5eefa475783d7d33249e98cffd661bcc07a56e3cffe4ac7eb93f00a5284cb53,E:\Project\python\Axon_v2.6Exp\data\待加入白名单\b5eefa475783d7d33249e98cffd661bcc07a56e3cffe4ac7eb93f00a5284cb53.exe,b5eefa475783d7d33249e98cffd661bcc07a56e3cffe4ac7eb93f00a5284cb53,float32,49,True
67620,test,,uint8,8192,0,True,2bd8948e5f5ae30b49ba4c3f37b25d6f8d63e0cdada0301aa42aa123e6f65ec5,severe_fp_conflict_prob_ge_0.99,0,float32,256,FP,0.9916386008,1,,0,,float32,256,False,True,True,False,False,332,0,6,1,,A_unfixed_severe_conflict,166,2bd8948e5f5ae30b49ba4c3f37b25d6f8d63e0cdada0301aa42aa123e6f65ec5,E:\Project\python\Axon_v2.6Exp\data\待加入白名单\2bd8948e5f5ae30b49ba4c3f37b25d6f8d63e0cdada0301aa42aa123e6f65ec5.exe,2bd8948e5f5ae30b49ba4c3f37b25d6f8d63e0cdada0301aa42aa123e6f65ec5,float32,49,True
47233,test,,uint8,8192,0,True,68e89df519b8d38fa5525a14e3a4ab618ba0232ab8b6da25caba78097386e6d1,severe_fp_conflict_prob_ge_0.99,0,float32,256,FP,0.9916386008,1,,0,,float32,256,False,True,True,False,False,332,0,6,1,,A_unfixed_severe_conflict,167,68e89df519b8d38fa5525a14e3a4ab618ba0232ab8b6da25caba78097386e6d1,E:\Project\python\Axon_v2.6Exp\data\待加入白名单\68e89df519b8d38fa5525a14e3a4ab618ba0232ab8b6da25caba78097386e6d1.exe,68e89df519b8d38fa5525a14e3a4ab618ba0232ab8b6da25caba78097386e6d1,float32,49,True
147319,test,,uint8,8192,0,True,b5dc0feb738a91ce3cfa982647fe2779787335c6c2c598d5b49818565d7c3e84,severe_fp_conflict_prob_ge_0.99,0,float32,256,FP,0.991546154,1,,0,,float32,256,True,True,True,False,False,332,0,4,1,,A_unfixed_severe_conflict,168,b5dc0feb738a91ce3cfa982647fe2779787335c6c2c598d5b49818565d7c3e84,E:\Project\python\Axon_v2.6Exp\data\待加入白名单\B5DC0FEB738A91CE3CFA982647FE2779787335C6C2C598D5B49818565D7C3E84,b5dc0feb738a91ce3cfa982647fe2779787335c6c2c598d5b49818565d7c3e84,float32,49,True
132205,test,,uint8,8192,0,True,b0a4c2b6f40d7ad177dbd40c26b579d67cc9a95552970d9f6f0c7de372ce2a2f,severe_fp_conflict_prob_ge_0.99,0,float32,256,FP,0.9913970828,1,,0,,float32,256,False,True,True,False,False,332,0,3,1,,A_unfixed_severe_conflict,169,b0a4c2b6f40d7ad177dbd40c26b579d67cc9a95552970d9f6f0c7de372ce2a2f,E:\Project\python\Axon_v2.6Exp\data\待加入白名单\b0a4c2b6f40d7ad177dbd40c26b579d67cc9a95552970d9f6f0c7de372ce2a2f.exe,b0a4c2b6f40d7ad177dbd40c26b579d67cc9a95552970d9f6f0c7de372ce2a2f,float32,49,True
47904,test,,uint8,8192,0,True,0767b9b855b21265a78c090d556229ea3e894c415e557900aca3c81f52ac1425,severe_fp_conflict_prob_ge_0.99,0,float32,256,FP,0.9912577868,1,,0,,float32,256,False,True,False,False,False,332,0,4,1,,A_unfixed_severe_conflict,170,0767b9b855b21265a78c090d556229ea3e894c415e557900aca3c81f52ac1425,E:\Project\python\Axon_v2.6Exp\data\待加入白名单\0767B9B855B21265A78C090D556229EA3E894C415E557900ACA3C81F52AC1425,0767b9b855b21265a78c090d556229ea3e894c415e557900aca3c81f52ac1425,float32,49,True
129302,test,,uint8,8192,0,True,f880d60de56852d013487f65b6bde30f19e050bb077bfd86eeef2b67390b464f,severe_fp_conflict_prob_ge_0.99,0,float32,256,FP,0.9910698533,1,,0,,float32,256,False,True,True,False,False,332,0,5,1,,A_unfixed_severe_conflict,171,f880d60de56852d013487f65b6bde30f19e050bb077bfd86eeef2b67390b464f,E:\Project\python\Axon_v2.6Exp\data\待加入白名单\f880d60de56852d013487f65b6bde30f19e050bb077bfd86eeef2b67390b464f,f880d60de56852d013487f65b6bde30f19e050bb077bfd86eeef2b67390b464f,float32,49,True
190565,test,,uint8,8192,0,True,b7ed4b39de012e88ec9ad7f21b0ac68a4e863fe078b5c54857a16d37d480cc21,severe_fp_conflict_prob_ge_0.99,0,float32,256,FP,0.9910435081,1,,0,,float32,256,False,True,True,False,False,332,0,4,1,,A_unfixed_severe_conflict,172,b7ed4b39de012e88ec9ad7f21b0ac68a4e863fe078b5c54857a16d37d480cc21,E:\Project\python\Axon_v2.6Exp\data\待加入白名单\B7ED4B39DE012E88EC9AD7F21B0AC68A4E863FE078B5C54857A16D37D480CC21,b7ed4b39de012e88ec9ad7f21b0ac68a4e863fe078b5c54857a16d37d480cc21,float32,49,True
177353,test,,uint8,8192,0,True,acaaed1c5c122ff4b9374f0a9634dbec168f2f46fc585e996e502b799be7cc87,severe_fp_conflict_prob_ge_0.99,0,float32,256,FP,0.9906089306,1,,0,,float32,256,False,True,True,False,False,332,0,4,1,,A_unfixed_severe_conflict,173,acaaed1c5c122ff4b9374f0a9634dbec168f2f46fc585e996e502b799be7cc87,E:\Project\python\Axon_v2.6Exp\data\待加入白名单\acaaed1c5c122ff4b9374f0a9634dbec168f2f46fc585e996e502b799be7cc87,acaaed1c5c122ff4b9374f0a9634dbec168f2f46fc585e996e502b799be7cc87,float32,49,True
63689,test,,uint8,8192,0,True,c5cc137e82e4b6ccd41ab9a4b51e2cd8f8738707d1420524db365a8b1ae9a2ee,severe_fp_conflict_prob_ge_0.99,0,float32,256,FP,0.9901739955,1,,0,,float32,256,False,True,True,False,False,332,0,10,1,,A_unfixed_severe_conflict,174,c5cc137e82e4b6ccd41ab9a4b51e2cd8f8738707d1420524db365a8b1ae9a2ee,E:\Project\python\Axon_v2.6Exp\data\待加入白名单\c5cc137e82e4b6ccd41ab9a4b51e2cd8f8738707d1420524db365a8b1ae9a2ee.exe,c5cc137e82e4b6ccd41ab9a4b51e2cd8f8738707d1420524db365a8b1ae9a2ee,float32,49,True
85435,test,,uint8,8192,0,True,8fdc357771278f6d31b7a3a3875a31eeec794f69bf06fc393437ba73023019ad,severe_fp_conflict_prob_ge_0.99,0,float32,256,FP,0.990103066,1,,0,,float32,256,False,True,True,True,False,332,26368,5,1,,A_unfixed_severe_conflict,175,8fdc357771278f6d31b7a3a3875a31eeec794f69bf06fc393437ba73023019ad,E:\Project\python\Axon_v2.6Exp\data\待加入白名单\8fdc357771278f6d31b7a3a3875a31eeec794f69bf06fc393437ba73023019ad,8fdc357771278f6d31b7a3a3875a31eeec794f69bf06fc393437ba73023019ad,float32,49,True
80585,test,,uint8,8192,1,True,4a29a006669da630c872c89c8b9be4507d00c1691c2fe1137f762046a1410dc1,severe_fn_conflict_prob_le_0.01,1,float32,256,FN,0.0001520407,1,,0,,float32,256,False,False,True,False,True,34404,0,3,1,,A_unfixed_severe_conflict,176,4a29a006669da630c872c89c8b9be4507d00c1691c2fe1137f762046a1410dc1,E:\Project\python\Axon_v2.6Exp\data\待拉黑\2026-03\2026-03-01\4a29a006669da630c872c89c8b9be4507d00c1691c2fe1137f762046a1410dc1_4A29A006669DA630C872C89C8B9BE4507D00C1691C2FE1137F762046A1410DC1.exe,4a29a006669da630c872c89c8b9be4507d00c1691c2fe1137f762046a1410dc1,float32,49,True
165321,test,,uint8,8192,1,True,0b2909f8de61b6f713b4623a98ecb2b1bcbb2b5fbaf02b38e3c7d319b62ba7f3,severe_fn_conflict_prob_le_0.01,1,float32,256,FN,0.0002919272,1,,0,,float32,256,False,True,True,True,False,34404,10392,6,1,,A_unfixed_severe_conflict,177,0b2909f8de61b6f713b4623a98ecb2b1bcbb2b5fbaf02b38e3c7d319b62ba7f3,E:\Project\python\Axon_v2.6Exp\data\待拉黑\2026-03\2026-03-01\0b2909f8de61b6f713b4623a98ecb2b1bcbb2b5fbaf02b38e3c7d319b62ba7f3.exe,0b2909f8de61b6f713b4623a98ecb2b1bcbb2b5fbaf02b38e3c7d319b62ba7f3,float32,49,True
196533,test,,uint8,8192,1,True,00a45ec98b59ad341e9b7a9614aeeccc3ee59665b1a8fc92d672f86d683a5b4d,severe_fn_conflict_prob_le_0.01,1,float32,256,FN,0.0003892659,1,,0,,float32,256,False,True,True,True,False,34404,12376,7,1,,A_unfixed_severe_conflict,178,00a45ec98b59ad341e9b7a9614aeeccc3ee59665b1a8fc92d672f86d683a5b4d,E:\Project\python\Axon_v2.6Exp\data\待拉黑\2026-03\2026-03-01\00a45ec98b59ad341e9b7a9614aeeccc3ee59665b1a8fc92d672f86d683a5b4d.exe,00a45ec98b59ad341e9b7a9614aeeccc3ee59665b1a8fc92d672f86d683a5b4d,float32,49,True
195793,test,,uint8,8192,1,True,4ac35746f10db25b71e790cae343a58b79b924d56115c6f3600dab01270d95c3,severe_fn_conflict_prob_le_0.01,1,float32,256,FN,0.0005213871,1,,0,,float32,256,False,True,False,False,False,34404,0,5,1,,A_unfixed_severe_conflict,179,4ac35746f10db25b71e790cae343a58b79b924d56115c6f3600dab01270d95c3,E:\Project\python\Axon_v2.6Exp\data\待拉黑\2026-03\2026-03-01\4ac35746f10db25b71e790cae343a58b79b924d56115c6f3600dab01270d95c3_4AC35746F10DB25B71E790CAE343A58B79B924D56115C6F3600DAB01270D95C3.exe,4ac35746f10db25b71e790cae343a58b79b924d56115c6f3600dab01270d95c3,float32,49,True
161020,test,,uint8,8192,1,True,4cff2c969957a115194fe10b88dac4c5bdd1d7ad2df441daf8aaaec689c4d1d7,severe_fn_conflict_prob_le_0.01,1,float32,256,FN,0.0008417962,1,,0,,float32,256,False,True,True,True,False,34404,27720,7,1,,A_unfixed_severe_conflict,180,4cff2c969957a115194fe10b88dac4c5bdd1d7ad2df441daf8aaaec689c4d1d7,E:\Project\python\Axon_v2.6Exp\data\待拉黑\2026-03\2026-03-01\4cff2c969957a115194fe10b88dac4c5bdd1d7ad2df441daf8aaaec689c4d1d7.exe,4cff2c969957a115194fe10b88dac4c5bdd1d7ad2df441daf8aaaec689c4d1d7,float32,49,True
87484,test,,uint8,8192,1,True,0a3aade37d7f42c99bb30cd57df878e1b8f8c5992d0d7896d592c9615f269f19,severe_fn_conflict_prob_le_0.01,1,float32,256,FN,0.0008498069,1,,0,,float32,256,False,True,True,False,False,332,0,6,1,,A_unfixed_severe_conflict,181,0a3aade37d7f42c99bb30cd57df878e1b8f8c5992d0d7896d592c9615f269f19,E:\Project\python\Axon_v2.6Exp\data\待拉黑\2026-03\2026-03-01\0a3aade37d7f42c99bb30cd57df878e1b8f8c5992d0d7896d592c9615f269f19.exe,0a3aade37d7f42c99bb30cd57df878e1b8f8c5992d0d7896d592c9615f269f19,float32,49,True
142704,test,,uint8,8192,1,True,0da3823547ed70e44f7f03f6328abecdd76518531c7d94a27962fdf27716d257,severe_fn_conflict_prob_le_0.01,1,float32,256,FN,0.0008896366,1,,0,,float32,256,False,True,True,False,False,332,0,5,1,,A_unfixed_severe_conflict,182,0da3823547ed70e44f7f03f6328abecdd76518531c7d94a27962fdf27716d257,E:\Project\python\Axon_v2.6Exp\data\待拉黑\2026-03\2026-03-01\0da3823547ed70e44f7f03f6328abecdd76518531c7d94a27962fdf27716d257.exe,0da3823547ed70e44f7f03f6328abecdd76518531c7d94a27962fdf27716d257,float32,49,True
86345,test,,uint8,8192,1,True,0c82290ec978c08b3870120bc8ebca973958b3b3a818dd4c537103751c9d51ad,severe_fn_conflict_prob_le_0.01,1,float32,256,FN,0.0009343578,1,,0,,float32,256,False,True,False,False,False,34404,0,5,1,,A_unfixed_severe_conflict,183,0c82290ec978c08b3870120bc8ebca973958b3b3a818dd4c537103751c9d51ad,E:\Project\python\Axon_v2.6Exp\data\待拉黑\2026-03\2026-03-01\0c82290ec978c08b3870120bc8ebca973958b3b3a818dd4c537103751c9d51ad.exe,0c82290ec978c08b3870120bc8ebca973958b3b3a818dd4c537103751c9d51ad,float32,49,True
84448,test,,uint8,8192,1,True,4b58f8b931a14a092e91913d6ff8cf43a50aa98ada49ff5b0ec2ff9518c06caf,severe_fn_conflict_prob_le_0.01,1,float32,256,FN,0.0010524375,1,,0,,float32,256,False,True,False,True,False,34404,9568,5,1,,A_unfixed_severe_conflict,184,4b58f8b931a14a092e91913d6ff8cf43a50aa98ada49ff5b0ec2ff9518c06caf,E:\Project\python\Axon_v2.6Exp\data\待拉黑\2026-03\2026-03-01\4b58f8b931a14a092e91913d6ff8cf43a50aa98ada49ff5b0ec2ff9518c06caf.exe,4b58f8b931a14a092e91913d6ff8cf43a50aa98ada49ff5b0ec2ff9518c06caf,float32,49,True
86701,test,duplicate_source_sha256_group,uint8,8192,1,True,04f93c2c22f05115913caa85ee8e15aeb2ed4711522ae288fb41e20c3573bdae,severe_fn_conflict_prob_le_0.01,1,float32,256,FN,0.0010769332,2,,0,,float32,256,True,True,True,True,False,34404,9512,6,2,,A_unfixed_severe_conflict,185,04f93c2c22f05115913caa85ee8e15aeb2ed4711522ae288fb41e20c3573bdae,E:\Project\python\Axon_v2.6Exp\data\待拉黑\2026-03\2026-03-01\04f93c2c22f05115913caa85ee8e15aeb2ed4711522ae288fb41e20c3573bdae.exe,04f93c2c22f05115913caa85ee8e15aeb2ed4711522ae288fb41e20c3573bdae,float32,49,True
94085,test,duplicate_source_sha256_group,uint8,8192,1,True,04f93c2c22f05115913caa85ee8e15aeb2ed4711522ae288fb41e20c3573bdae,severe_fn_conflict_prob_le_0.01,1,float32,256,FN,0.0010769332,2,,0,,float32,256,True,True,True,True,False,34404,9512,6,2,,A_unfixed_severe_conflict,186,04f93c2c22f05115913caa85ee8e15aeb2ed4711522ae288fb41e20c3573bdae,E:\Project\python\Axon_v2.6Exp\data\待拉黑\2026-03\2026-03-01\04f93c2c22f05115913caa85ee8e15aeb2ed4711522ae288fb41e20c3573bdae_04F93C2C22F05115913CAA85EE8E15AEB2ED4711522AE288FB41E20C3573BDAE.exe,04f93c2c22f05115913caa85ee8e15aeb2ed4711522ae288fb41e20c3573bdae,float32,49,True
108490,test,,uint8,8192,1,True,4aa4acaff23098ea21ac79b45d66faf6690e68c2b13e1347c0c69cc35a748d59,severe_fn_conflict_prob_le_0.01,1,float32,256,FN,0.0011241926,1,,0,,float32,256,False,True,True,False,False,34404,0,6,1,,A_unfixed_severe_conflict,187,4aa4acaff23098ea21ac79b45d66faf6690e68c2b13e1347c0c69cc35a748d59,E:\Project\python\Axon_v2.6Exp\data\待拉黑\2026-03\2026-03-01\4aa4acaff23098ea21ac79b45d66faf6690e68c2b13e1347c0c69cc35a748d59_4AA4ACAFF23098EA21AC79B45D66FAF6690E68C2B13E1347C0C69CC35A748D59.exe,4aa4acaff23098ea21ac79b45d66faf6690e68c2b13e1347c0c69cc35a748d59,float32,49,True
63727,test,,uint8,8192,1,True,0b2070b7e7de02a3dde11660dc8671cbec3159ef326f827d9181c13058118324,severe_fn_conflict_prob_le_0.01,1,float32,256,FN,0.0012625809,1,,0,,float32,256,True,True,True,True,False,34404,8024,7,1,,A_unfixed_severe_conflict,188,0b2070b7e7de02a3dde11660dc8671cbec3159ef326f827d9181c13058118324,E:\Project\python\Axon_v2.6Exp\data\待拉黑\2026-03\2026-03-01\0b2070b7e7de02a3dde11660dc8671cbec3159ef326f827d9181c13058118324.exe,0b2070b7e7de02a3dde11660dc8671cbec3159ef326f827d9181c13058118324,float32,49,True
156526,test,,uint8,8192,1,True,4c64eba0231803e63d97ca1a990ab50579c0bc1fb3c7812f406a335a88dd26ca,severe_fn_conflict_prob_le_0.01,1,float32,256,FN,0.0012838866,1,,0,,float32,256,False,True,True,False,False,34404,0,7,1,,A_unfixed_severe_conflict,189,4c64eba0231803e63d97ca1a990ab50579c0bc1fb3c7812f406a335a88dd26ca,E:\Project\python\Axon_v2.6Exp\data\待拉黑\2026-03\2026-03-01\4c64eba0231803e63d97ca1a990ab50579c0bc1fb3c7812f406a335a88dd26ca.exe,4c64eba0231803e63d97ca1a990ab50579c0bc1fb3c7812f406a335a88dd26ca,float32,49,True
113295,test,,uint8,8192,1,True,4b1699ce929ec1c2afc7c891893c8a5a8b89d5775d46456c3238e0b8c58f9775,severe_fn_conflict_prob_le_0.01,1,float32,256,FN,0.0013157978,1,,0,,float32,256,False,True,True,False,False,332,0,5,1,,A_unfixed_severe_conflict,190,4b1699ce929ec1c2afc7c891893c8a5a8b89d5775d46456c3238e0b8c58f9775,E:\Project\python\Axon_v2.6Exp\data\待拉黑\2026-03\2026-03-01\4b1699ce929ec1c2afc7c891893c8a5a8b89d5775d46456c3238e0b8c58f9775.exe,4b1699ce929ec1c2afc7c891893c8a5a8b89d5775d46456c3238e0b8c58f9775,float32,49,True
145451,test,,uint8,8192,1,True,4a12143226b7090d6e9bb8d040618a2c7a9ef5282f7cc10fa374adc9ab19cbeb,severe_fn_conflict_prob_le_0.01,1,float32,256,FN,0.0013331791,1,,0,,float32,256,False,True,True,True,False,34404,16200,7,1,,A_unfixed_severe_conflict,191,4a12143226b7090d6e9bb8d040618a2c7a9ef5282f7cc10fa374adc9ab19cbeb,E:\Project\python\Axon_v2.6Exp\data\待拉黑\2026-03\2026-03-01\4a12143226b7090d6e9bb8d040618a2c7a9ef5282f7cc10fa374adc9ab19cbeb_4A12143226B7090D6E9BB8D040618A2C7A9EF5282F7CC10FA374ADC9AB19CBEB.exe,4a12143226b7090d6e9bb8d040618a2c7a9ef5282f7cc10fa374adc9ab19cbeb,float32,49,True
142974,test,,uint8,8192,1,True,0bdecadceb9234885cec67923f81627831dd125aab423fce197ddff65231ddfb,severe_fn_conflict_prob_le_0.01,1,float32,256,FN,0.0015732893,1,,0,,float32,256,True,True,True,True,False,34404,10280,12,1,,A_unfixed_severe_conflict,192,0bdecadceb9234885cec67923f81627831dd125aab423fce197ddff65231ddfb,E:\Project\python\Axon_v2.6Exp\data\待拉黑\2026-03\2026-03-01\0bdecadceb9234885cec67923f81627831dd125aab423fce197ddff65231ddfb.exe,0bdecadceb9234885cec67923f81627831dd125aab423fce197ddff65231ddfb,float32,49,True
50671,test,,uint8,8192,1,True,0b6e51e873d66867240564eb88bea4f74d77df0e85fe623482bb185346bcbf61,severe_fn_conflict_prob_le_0.01,1,float32,256,FN,0.0016406903,1,,0,,float32,256,True,True,True,False,False,34404,0,8,1,,A_unfixed_severe_conflict,193,0b6e51e873d66867240564eb88bea4f74d77df0e85fe623482bb185346bcbf61,E:\Project\python\Axon_v2.6Exp\data\待拉黑\2026-03\2026-03-01\0b6e51e873d66867240564eb88bea4f74d77df0e85fe623482bb185346bcbf61.exe,0b6e51e873d66867240564eb88bea4f74d77df0e85fe623482bb185346bcbf61,float32,49,True
91534,test,,uint8,8192,1,True,4bbcd2698bd27df72234f330b5d9391c5cc4d963481db9bcc69bd55a89e0cfb9,severe_fn_conflict_prob_le_0.01,1,float32,256,FN,0.0017037784,1,,0,,float32,256,False,True,True,False,False,34404,0,6,1,,A_unfixed_severe_conflict,194,4bbcd2698bd27df72234f330b5d9391c5cc4d963481db9bcc69bd55a89e0cfb9,E:\Project\python\Axon_v2.6Exp\data\待拉黑\2026-03\2026-03-01\4bbcd2698bd27df72234f330b5d9391c5cc4d963481db9bcc69bd55a89e0cfb9.exe,4bbcd2698bd27df72234f330b5d9391c5cc4d963481db9bcc69bd55a89e0cfb9,float32,49,True
155923,test,,uint8,8192,1,True,00fb6f39e1e4492b42923d7461f6f6bb5d87fbd276c3a4fdc53d4a17395d640f,severe_fn_conflict_prob_le_0.01,1,float32,256,FN,0.0019027488,1,,0,,float32,256,False,True,True,False,False,332,0,5,1,,A_unfixed_severe_conflict,195,00fb6f39e1e4492b42923d7461f6f6bb5d87fbd276c3a4fdc53d4a17395d640f,E:\Project\python\Axon_v2.6Exp\data\待拉黑\2026-03\2026-03-01\00fb6f39e1e4492b42923d7461f6f6bb5d87fbd276c3a4fdc53d4a17395d640f.exe,00fb6f39e1e4492b42923d7461f6f6bb5d87fbd276c3a4fdc53d4a17395d640f,float32,49,True
170606,test,,uint8,8192,1,True,0e6f456c72cca90f8c71ee714993743195d03d57eb5d58bada319ac2ac4c9be0,severe_fn_conflict_prob_le_0.01,1,float32,256,FN,0.0020641591,1,,0,,float32,256,False,True,True,False,False,332,0,5,1,,A_unfixed_severe_conflict,196,0e6f456c72cca90f8c71ee714993743195d03d57eb5d58bada319ac2ac4c9be0,E:\Project\python\Axon_v2.6Exp\data\待拉黑\2026-03\2026-03-01\0e6f456c72cca90f8c71ee714993743195d03d57eb5d58bada319ac2ac4c9be0.exe,0e6f456c72cca90f8c71ee714993743195d03d57eb5d58bada319ac2ac4c9be0,float32,49,True
56928,test,,uint8,8192,1,True,0a95315a25da5478545d4602871d685252bbabc4d626c8c4438328f9ffe11fa5,severe_fn_conflict_prob_le_0.01,1,float32,256,FN,0.0026203217,1,,0,,float32,256,False,True,True,True,False,332,27344,3,1,,A_unfixed_severe_conflict,197,0a95315a25da5478545d4602871d685252bbabc4d626c8c4438328f9ffe11fa5,E:\Project\python\Axon_v2.6Exp\data\待拉黑\2026-03\2026-03-01\0a95315a25da5478545d4602871d685252bbabc4d626c8c4438328f9ffe11fa5.exe,0a95315a25da5478545d4602871d685252bbabc4d626c8c4438328f9ffe11fa5,float32,49,True
131050,test,,uint8,8192,1,True,61f98635a9282ff0b8c99a1d11e7316ba34128cea58ddfeb7211adf622498129,severe_fn_conflict_prob_le_0.01,1,float32,256,FN,0.0040325061,1,,0,,float32,256,True,True,True,False,True,34404,0,7,1,,A_unfixed_severe_conflict,198,61f98635a9282ff0b8c99a1d11e7316ba34128cea58ddfeb7211adf622498129,E:\Project\python\Axon_v2.6Exp\data\待拉黑\2026-03\2026-03-01\61f98635a9282ff0b8c99a1d11e7316ba34128cea58ddfeb7211adf622498129.dll,61f98635a9282ff0b8c99a1d11e7316ba34128cea58ddfeb7211adf622498129,float32,49,True
156330,test,,uint8,8192,1,True,4d74d791cfef45694e9b65c9fd28529387c7b88cff0209700ce33546a34fe5d6,severe_fn_conflict_prob_le_0.01,1,float32,256,FN,0.0042671333,1,,0,,float32,256,False,True,True,False,False,34404,0,7,1,,A_unfixed_severe_conflict,199,4d74d791cfef45694e9b65c9fd28529387c7b88cff0209700ce33546a34fe5d6,E:\Project\python\Axon_v2.6Exp\data\待拉黑\2026-03\2026-03-01\4d74d791cfef45694e9b65c9fd28529387c7b88cff0209700ce33546a34fe5d6.exe,4d74d791cfef45694e9b65c9fd28529387c7b88cff0209700ce33546a34fe5d6,float32,49,True
134550,test,,uint8,8192,1,True,0d9d1413db97356893d8b6a7f96574faecd88b97bfbff2123e4b00861e2587a3,severe_fn_conflict_prob_le_0.01,1,float32,256,FN,0.0047395984,1,,0,,float32,256,False,True,True,False,False,34404,374,6,1,,A_unfixed_severe_conflict,200,0d9d1413db97356893d8b6a7f96574faecd88b97bfbff2123e4b00861e2587a3,E:\Project\python\Axon_v2.6Exp\data\待拉黑\2026-03\2026-03-01\0d9d1413db97356893d8b6a7f96574faecd88b97bfbff2123e4b00861e2587a3.exe,0d9d1413db97356893d8b6a7f96574faecd88b97bfbff2123e4b00861e2587a3,float32,49,True
112416,test,duplicate_source_sha256_group,uint8,8192,1,True,04e03d21ab8fc58a7cac93aa4143d60cbcb893020d1cb78b50cfc62a1e185b5f,severe_fn_conflict_prob_le_0.01,1,float32,256,FN,0.0068039196,2,,0,,float32,256,False,True,False,False,False,34404,14,11,2,,A_unfixed_severe_conflict,201,04e03d21ab8fc58a7cac93aa4143d60cbcb893020d1cb78b50cfc62a1e185b5f,E:\Project\python\Axon_v2.6Exp\data\待拉黑\2026-03\2026-03-01\04e03d21ab8fc58a7cac93aa4143d60cbcb893020d1cb78b50cfc62a1e185b5f.exe,04e03d21ab8fc58a7cac93aa4143d60cbcb893020d1cb78b50cfc62a1e185b5f,float32,49,True
120174,test,duplicate_source_sha256_group,uint8,8192,1,True,04e03d21ab8fc58a7cac93aa4143d60cbcb893020d1cb78b50cfc62a1e185b5f,severe_fn_conflict_prob_le_0.01,1,float32,256,FN,0.0068039196,2,,0,,float32,256,False,True,False,False,False,34404,14,11,2,,A_unfixed_severe_conflict,202,04e03d21ab8fc58a7cac93aa4143d60cbcb893020d1cb78b50cfc62a1e185b5f,E:\Project\python\Axon_v2.6Exp\data\待拉黑\2026-03\2026-03-01\04e03d21ab8fc58a7cac93aa4143d60cbcb893020d1cb78b50cfc62a1e185b5f_04E03D21AB8FC58A7CAC93AA4143D60CBCB893020D1CB78B50CFC62A1E185B5F.exe,04e03d21ab8fc58a7cac93aa4143d60cbcb893020d1cb78b50cfc62a1e185b5f,float32,49,True
58467,test,,uint8,8192,1,True,4c906ec405aa30c862cab21a5a806dc4b5cf655fb6ba4e0bf6b8abe47cc1f0ca,severe_fn_conflict_prob_le_0.01,1,float32,256,FN,0.0094646318,1,,0,,float32,256,False,True,True,True,False,332,9128,7,1,,A_unfixed_severe_conflict,203,4c906ec405aa30c862cab21a5a806dc4b5cf655fb6ba4e0bf6b8abe47cc1f0ca,E:\Project\python\Axon_v2.6Exp\data\待拉黑\2026-03\2026-03-01\4c906ec405aa30c862cab21a5a806dc4b5cf655fb6ba4e0bf6b8abe47cc1f0ca.exe,4c906ec405aa30c862cab21a5a806dc4b5cf655fb6ba4e0bf6b8abe47cc1f0ca,float32,49,True
65988,test,,uint8,8192,1,True,8ba51b8a37a74a15a24c0f3f22aa5b98260b6f4b738482e714a501216289ea30,severe_fn_conflict_prob_le_0.01,1,float32,256,FN,0.001237293,1,,0,,float32,256,True,True,True,False,True,332,0,4,1,,A_unfixed_severe_conflict,204,8ba51b8a37a74a15a24c0f3f22aa5b98260b6f4b738482e714a501216289ea30,E:\Project\python\Axon_v2.6Exp\data\待拉黑\2020-11\2020-11-17\8ba51b8a37a74a15a24c0f3f22aa5b98260b6f4b738482e714a501216289ea30.dll,8ba51b8a37a74a15a24c0f3f22aa5b98260b6f4b738482e714a501216289ea30,float32,49,True
182725,test,,uint8,8192,1,True,0edb1190ea8b53a718bea3c7c1c5f67433c9410cc40c46cd0d8753e07a4b418f,severe_fn_conflict_prob_le_0.01,1,float32,256,FN,0.0014886186,1,,0,,float32,256,True,True,True,True,True,332,6488,5,1,,A_unfixed_severe_conflict,205,0edb1190ea8b53a718bea3c7c1c5f67433c9410cc40c46cd0d8753e07a4b418f,E:\Project\python\Axon_v2.6Exp\data\待拉黑\2020-11\2020-11-17\0edb1190ea8b53a718bea3c7c1c5f67433c9410cc40c46cd0d8753e07a4b418f.dll,0edb1190ea8b53a718bea3c7c1c5f67433c9410cc40c46cd0d8753e07a4b418f,float32,49,True
132145,test,,uint8,8192,1,True,b32512d07a3d25f49ba834aabb118368d9838c3a8737d10d9043419766b96cda,severe_fn_conflict_prob_le_0.01,1,float32,256,FN,0.001808141,1,,0,,float32,256,True,True,True,False,True,332,0,4,1,,A_unfixed_severe_conflict,206,b32512d07a3d25f49ba834aabb118368d9838c3a8737d10d9043419766b96cda,E:\Project\python\Axon_v2.6Exp\data\待拉黑\2020-11\2020-11-17\b32512d07a3d25f49ba834aabb118368d9838c3a8737d10d9043419766b96cda.dll,b32512d07a3d25f49ba834aabb118368d9838c3a8737d10d9043419766b96cda,float32,49,True
158765,test,,uint8,8192,1,True,0af47910a81b6fb270dac97d00b83065b798875f066f48bc412e323075d53e81,severe_fn_conflict_prob_le_0.01,1,float32,256,FN,0.002386064,1,,0,,float32,256,False,True,True,False,True,332,0,3,1,,A_unfixed_severe_conflict,207,0af47910a81b6fb270dac97d00b83065b798875f066f48bc412e323075d53e81,E:\Project\python\Axon_v2.6Exp\data\待拉黑\2020-11\2020-11-17\0af47910a81b6fb270dac97d00b83065b798875f066f48bc412e323075d53e81.dll,0af47910a81b6fb270dac97d00b83065b798875f066f48bc412e323075d53e81,float32,49,True
99311,test,,uint8,8192,1,True,3772aa36766448051597067365369766bcbc3e904c4291f7d5bcf14c0e20935b,severe_fn_conflict_prob_le_0.01,1,float32,256,FN,0.0037097156,1,,0,,float32,256,True,True,True,True,True,34404,6384,6,1,,A_unfixed_severe_conflict,208,3772aa36766448051597067365369766bcbc3e904c4291f7d5bcf14c0e20935b,E:\Project\python\Axon_v2.6Exp\data\待拉黑\2020-11\2020-11-17\3772aa36766448051597067365369766bcbc3e904c4291f7d5bcf14c0e20935b.exe,3772aa36766448051597067365369766bcbc3e904c4291f7d5bcf14c0e20935b,float32,49,True
180892,test,,uint8,8192,1,True,0f095b7dcaa3717d984551fd66863a860bd02006e1a0f9f7137a00836a04d1c4,severe_fn_conflict_prob_le_0.01,1,float32,256,FN,0.0041897558,1,,0,,float32,256,False,True,True,False,True,332,0,3,1,,A_unfixed_severe_conflict,209,0f095b7dcaa3717d984551fd66863a860bd02006e1a0f9f7137a00836a04d1c4,E:\Project\python\Axon_v2.6Exp\data\待拉黑\2020-11\2020-11-17\0f095b7dcaa3717d984551fd66863a860bd02006e1a0f9f7137a00836a04d1c4.dll,0f095b7dcaa3717d984551fd66863a860bd02006e1a0f9f7137a00836a04d1c4,float32,49,True
142919,test,,uint8,8192,1,True,12049c977e193972b665995720243571cf775f6f0428460192536d92c8528dbb,severe_fn_conflict_prob_le_0.01,1,float32,256,FN,0.0017088952,1,,0,,float32,256,False,True,True,True,False,34404,15064,9,1,,A_unfixed_severe_conflict,210,12049c977e193972b665995720243571cf775f6f0428460192536d92c8528dbb,E:\Project\python\Axon_v2.6Exp\data\待拉黑\2026-02\2026-02-21\12049c977e193972b665995720243571cf775f6f0428460192536d92c8528dbb.exe,12049c977e193972b665995720243571cf775f6f0428460192536d92c8528dbb,float32,49,True
44625,test,,uint8,8192,1,True,8643a4a4612b85f78cf246039bec6252caa56b4ed018978d9b42789e9058d1e6,severe_fn_conflict_prob_le_0.01,1,float32,256,FN,0.0023708018,1,,0,,float32,256,False,True,True,True,False,34404,15064,9,1,,A_unfixed_severe_conflict,211,8643a4a4612b85f78cf246039bec6252caa56b4ed018978d9b42789e9058d1e6,E:\Project\python\Axon_v2.6Exp\data\待拉黑\2026-02\2026-02-21\8643a4a4612b85f78cf246039bec6252caa56b4ed018978d9b42789e9058d1e6.exe,8643a4a4612b85f78cf246039bec6252caa56b4ed018978d9b42789e9058d1e6,float32,49,True
107736,test,,uint8,8192,1,True,f87259db7d64bd6a0dacef09f8c011d4ac4b9d98a04c7200fa31c6a0ac2e1d47,severe_fn_conflict_prob_le_0.01,1,float32,256,FN,0.0027700677,1,,0,,float32,256,False,True,True,True,False,34404,15064,9,1,,A_unfixed_severe_conflict,212,f87259db7d64bd6a0dacef09f8c011d4ac4b9d98a04c7200fa31c6a0ac2e1d47,E:\Project\python\Axon_v2.6Exp\data\待拉黑\2026-02\2026-02-21\f87259db7d64bd6a0dacef09f8c011d4ac4b9d98a04c7200fa31c6a0ac2e1d47.exe,f87259db7d64bd6a0dacef09f8c011d4ac4b9d98a04c7200fa31c6a0ac2e1d47,float32,49,True
70203,test,,uint8,8192,1,True,c9bb926ea6f4abeb220a2b8c1f2744821ac09c1f992ace6666866cb49d4248f4,severe_fn_conflict_prob_le_0.01,1,float32,256,FN,0.0045664362,1,,0,,float32,256,False,True,True,True,False,34404,15064,9,1,,A_unfixed_severe_conflict,213,c9bb926ea6f4abeb220a2b8c1f2744821ac09c1f992ace6666866cb49d4248f4,E:\Project\python\Axon_v2.6Exp\data\待拉黑\2026-02\2026-02-21\c9bb926ea6f4abeb220a2b8c1f2744821ac09c1f992ace6666866cb49d4248f4.exe,c9bb926ea6f4abeb220a2b8c1f2744821ac09c1f992ace6666866cb49d4248f4,float32,49,True
129001,test,,uint8,8192,1,True,804766b480e92ea73d4667b287a88719b27e8c671a949092c6ab817490fb9ef5,severe_fn_conflict_prob_le_0.01,1,float32,256,FN,0.0088019045,1,,0,,float32,256,True,False,False,False,True,34404,0,9,1,,A_unfixed_severe_conflict,214,804766b480e92ea73d4667b287a88719b27e8c671a949092c6ab817490fb9ef5,E:\Project\python\Axon_v2.6Exp\data\待拉黑\2020-06\2020-06-25\804766b480e92ea73d4667b287a88719b27e8c671a949092c6ab817490fb9ef5.exe,804766b480e92ea73d4667b287a88719b27e8c671a949092c6ab817490fb9ef5,float32,49,True
195795,test,,uint8,8192,1,True,0215e356aa2e82fd0fba89a6e03b17da728a212768a791965149c4a9c63f7d7d,severe_fn_conflict_prob_le_0.01,1,float32,256,FN,0.0003671944,1,,0,,float32,256,True,True,True,True,True,34404,0,10,1,,A_unfixed_severe_conflict,215,0215e356aa2e82fd0fba89a6e03b17da728a212768a791965149c4a9c63f7d7d,E:\Project\python\Axon_v2.6Exp\data\待拉黑\2021-09\2021-09-15\0215e356aa2e82fd0fba89a6e03b17da728a212768a791965149c4a9c63f7d7d.exe,0215e356aa2e82fd0fba89a6e03b17da728a212768a791965149c4a9c63f7d7d,float32,49,True
114493,test,,uint8,8192,1,True,c61e3053659352dd97474c72f3c032ca23d0539b3101f60e54ff4bde0e32094d,severe_fn_conflict_prob_le_0.01,1,float32,256,FN,0.0009413844,1,,0,,float32,256,False,True,True,True,False,34404,9768,7,1,,A_unfixed_severe_conflict,216,c61e3053659352dd97474c72f3c032ca23d0539b3101f60e54ff4bde0e32094d,E:\Project\python\Axon_v2.6Exp\data\待拉黑\2021-09\2021-09-15\c61e3053659352dd97474c72f3c032ca23d0539b3101f60e54ff4bde0e32094d.exe,c61e3053659352dd97474c72f3c032ca23d0539b3101f60e54ff4bde0e32094d,float32,49,True
71321,test,,uint8,8192,1,True,a8e7980ed4dbea8bb5ceeca4b5fef3c8aa3a76d1b933ca94239af3efd5ba2a3e,severe_fn_conflict_prob_le_0.01,1,float32,256,FN,0.0010807903,1,,0,,float32,256,True,True,True,True,True,34404,20584,6,1,,A_unfixed_severe_conflict,217,a8e7980ed4dbea8bb5ceeca4b5fef3c8aa3a76d1b933ca94239af3efd5ba2a3e,E:\Project\python\Axon_v2.6Exp\data\待拉黑\2025-11\2025-11-22\a8e7980ed4dbea8bb5ceeca4b5fef3c8aa3a76d1b933ca94239af3efd5ba2a3e.exe,a8e7980ed4dbea8bb5ceeca4b5fef3c8aa3a76d1b933ca94239af3efd5ba2a3e,float32,49,True
189324,test,,uint8,8192,1,True,e9c5034ff5f84085c1952d0388d838f6befeca32109660469a7b74308df6af5e,severe_fn_conflict_prob_le_0.01,1,float32,256,FN,0.0067745009,1,,0,,float32,256,False,True,True,True,False,34404,16440,8,1,,A_unfixed_severe_conflict,218,e9c5034ff5f84085c1952d0388d838f6befeca32109660469a7b74308df6af5e,E:\Project\python\Axon_v2.6Exp\data\待拉黑\2020-09\2020-09-01\e9c5034ff5f84085c1952d0388d838f6befeca32109660469a7b74308df6af5e.exe,e9c5034ff5f84085c1952d0388d838f6befeca32109660469a7b74308df6af5e,float32,49,True
199466,test,,uint8,8192,1,True,785094cdad6fbfe00f54f40e0cd4fe70b7e1f46bc9b8b6d44a067e080fc45e92,severe_fn_conflict_prob_le_0.01,1,float32,256,FN,0.0022296982,1,,0,,float32,256,False,True,True,False,True,332,0,3,1,,A_unfixed_severe_conflict,219,785094cdad6fbfe00f54f40e0cd4fe70b7e1f46bc9b8b6d44a067e080fc45e92,E:\Project\python\Axon_v2.6Exp\data\待拉黑\2021-04\2021-04-07\785094cdad6fbfe00f54f40e0cd4fe70b7e1f46bc9b8b6d44a067e080fc45e92.dll,785094cdad6fbfe00f54f40e0cd4fe70b7e1f46bc9b8b6d44a067e080fc45e92,float32,49,True
135666,test,,uint8,8192,1,True,7dea4a06a8d44a0f6bac2aed3751066f0fb40f148868585d4f5d9a6e481818b4,severe_fn_conflict_prob_le_0.01,1,float32,256,FN,0.0060772384,1,,0,,float32,256,True,False,False,False,True,34404,0,4,1,,A_unfixed_severe_conflict,220,7dea4a06a8d44a0f6bac2aed3751066f0fb40f148868585d4f5d9a6e481818b4,E:\Project\python\Axon_v2.6Exp\data\待拉黑\2021-07\2021-07-20\7dea4a06a8d44a0f6bac2aed3751066f0fb40f148868585d4f5d9a6e481818b4.exe,7dea4a06a8d44a0f6bac2aed3751066f0fb40f148868585d4f5d9a6e481818b4,float32,49,True
189184,test,,uint8,8192,1,True,f3efcf47681d9f96afcbc843a241c21a643b173c48270446f6fe634991a57847,severe_fn_conflict_prob_le_0.01,1,float32,256,FN,0.0009651958,1,,0,,float32,256,False,True,False,True,False,34404,8600,6,1,,A_unfixed_severe_conflict,221,f3efcf47681d9f96afcbc843a241c21a643b173c48270446f6fe634991a57847,E:\Project\python\Axon_v2.6Exp\data\待拉黑\2021-07\2021-07-21\f3efcf47681d9f96afcbc843a241c21a643b173c48270446f6fe634991a57847.sys,f3efcf47681d9f96afcbc843a241c21a643b173c48270446f6fe634991a57847,float32,49,True
112054,test,,uint8,8192,1,True,8f9dcf822dd8f22dd3c21f0798e97554a24b05a0fa3065d2580933ff4af29a6d,severe_fn_conflict_prob_le_0.01,1,float32,256,FN,0.0028602462,1,,0,,float32,256,False,True,True,False,True,332,0,3,1,,A_unfixed_severe_conflict,222,8f9dcf822dd8f22dd3c21f0798e97554a24b05a0fa3065d2580933ff4af29a6d,E:\Project\python\Axon_v2.6Exp\data\待拉黑\2021-10\2021-10-25\8f9dcf822dd8f22dd3c21f0798e97554a24b05a0fa3065d2580933ff4af29a6d.dll,8f9dcf822dd8f22dd3c21f0798e97554a24b05a0fa3065d2580933ff4af29a6d,float32,49,True
154769,test,,uint8,8192,1,True,95b3cc850c70dc8af54215ea06e03f2cac821a8313ff3f2eb5a20e1ee01ac4ef,severe_fn_conflict_prob_le_0.01,1,float32,256,FN,0.0037238775,1,,0,,float32,256,False,True,True,False,True,332,0,3,1,,A_unfixed_severe_conflict,223,95b3cc850c70dc8af54215ea06e03f2cac821a8313ff3f2eb5a20e1ee01ac4ef,E:\Project\python\Axon_v2.6Exp\data\待拉黑\2021-10\2021-10-25\95b3cc850c70dc8af54215ea06e03f2cac821a8313ff3f2eb5a20e1ee01ac4ef.dll,95b3cc850c70dc8af54215ea06e03f2cac821a8313ff3f2eb5a20e1ee01ac4ef,float32,49,True
128227,test,,uint8,8192,1,True,9632bbed44c3e3a51074fcd3b63ad4322c39a54c92c3c7dc13938cc7c34e639c,severe_fn_conflict_prob_le_0.01,1,float32,256,FN,0.0019168344,1,,0,,float32,256,True,True,True,False,True,34404,0,6,1,,A_unfixed_severe_conflict,224,9632bbed44c3e3a51074fcd3b63ad4322c39a54c92c3c7dc13938cc7c34e639c,E:\Project\python\Axon_v2.6Exp\data\待拉黑\2025-03\2025-03-26\9632bbed44c3e3a51074fcd3b63ad4322c39a54c92c3c7dc13938cc7c34e639c.exe,9632bbed44c3e3a51074fcd3b63ad4322c39a54c92c3c7dc13938cc7c34e639c,float32,49,True
148631,test,,uint8,8192,1,True,46d2df7d35453b4cc0d3313ec7eabbec7c93822f576c39303308961f93a30d23,severe_fn_conflict_prob_le_0.01,1,float32,256,FN,0.0091812871,1,,0,,float32,256,False,False,True,False,True,34404,0,2,1,,A_unfixed_severe_conflict,225,46d2df7d35453b4cc0d3313ec7eabbec7c93822f576c39303308961f93a30d23,E:\Project\python\Axon_v2.6Exp\data\待拉黑\2025-03\2025-03-26\46d2df7d35453b4cc0d3313ec7eabbec7c93822f576c39303308961f93a30d23.exe,46d2df7d35453b4cc0d3313ec7eabbec7c93822f576c39303308961f93a30d23,float32,49,True
177755,test,,uint8,8192,1,True,048d83df38eb4befb4127406871e043e5b63aa36ab62d32b846bb10070bd415b,severe_fn_conflict_prob_le_0.01,1,float32,256,FN,9.28234e-05,1,,0,,float32,256,True,True,True,True,True,34404,12264,7,1,,A_unfixed_severe_conflict,226,048d83df38eb4befb4127406871e043e5b63aa36ab62d32b846bb10070bd415b,E:\Project\python\Axon_v2.6Exp\data\待拉黑\2025-10\2025-10-04\048d83df38eb4befb4127406871e043e5b63aa36ab62d32b846bb10070bd415b.exe,048d83df38eb4befb4127406871e043e5b63aa36ab62d32b846bb10070bd415b,float32,49,True
64098,test,,uint8,8192,1,True,830b4bf1c824756eb9a088e4ee479f3d160679e6e198c6070f0d6981b385cf45,severe_fn_conflict_prob_le_0.01,1,float32,256,FN,0.0002002801,1,,0,,float32,256,True,True,True,True,True,34404,15680,7,1,,A_unfixed_severe_conflict,227,830b4bf1c824756eb9a088e4ee479f3d160679e6e198c6070f0d6981b385cf45,E:\Project\python\Axon_v2.6Exp\data\待拉黑\2025-10\2025-10-04\830b4bf1c824756eb9a088e4ee479f3d160679e6e198c6070f0d6981b385cf45.exe,830b4bf1c824756eb9a088e4ee479f3d160679e6e198c6070f0d6981b385cf45,float32,49,True
81179,test,,uint8,8192,1,True,9ba1ba97e05c2e60e13a7d9f9b9157315c2c50547adb0c171cab0f050f450fe7,severe_fn_conflict_prob_le_0.01,1,float32,256,FN,0.0055630053,1,,0,,float32,256,False,True,True,True,False,34404,9640,6,1,,A_unfixed_severe_conflict,228,9ba1ba97e05c2e60e13a7d9f9b9157315c2c50547adb0c171cab0f050f450fe7,E:\Project\python\Axon_v2.6Exp\data\待拉黑\2025-10\2025-10-12\9ba1ba97e05c2e60e13a7d9f9b9157315c2c50547adb0c171cab0f050f450fe7.exe,9ba1ba97e05c2e60e13a7d9f9b9157315c2c50547adb0c171cab0f050f450fe7,float32,49,True
127762,test,,uint8,8192,1,True,2a7cfd7a74e332519d0153c7469611a07926e22648e598cb0e78e39aeb23f9c9,severe_fn_conflict_prob_le_0.01,1,float32,256,FN,0.0006599627,1,,0,,float32,256,True,True,True,True,True,332,18320,6,1,,A_unfixed_severe_conflict,229,2a7cfd7a74e332519d0153c7469611a07926e22648e598cb0e78e39aeb23f9c9,E:\Project\python\Axon_v2.6Exp\data\待拉黑\2025-10\2025-10-19\2a7cfd7a74e332519d0153c7469611a07926e22648e598cb0e78e39aeb23f9c9.dll,2a7cfd7a74e332519d0153c7469611a07926e22648e598cb0e78e39aeb23f9c9,float32,49,True
115540,test,,uint8,8192,1,True,21363ec0ba00ab823489e791656d52fdcb8e3ae560b02d93fe05925a1ed65924,severe_fn_conflict_prob_le_0.01,1,float32,256,FN,0.005008264,1,,0,,float32,256,True,True,True,True,True,332,10064,5,1,,A_unfixed_severe_conflict,230,21363ec0ba00ab823489e791656d52fdcb8e3ae560b02d93fe05925a1ed65924,E:\Project\python\Axon_v2.6Exp\data\待拉黑\2025-12\2025-12-13\21363ec0ba00ab823489e791656d52fdcb8e3ae560b02d93fe05925a1ed65924.dll,21363ec0ba00ab823489e791656d52fdcb8e3ae560b02d93fe05925a1ed65924,float32,49,True
168134,test,,uint8,8192,1,True,5e1cfa57771084629c2b08757f38d67f0ad28faa412090f1c6ef3fa0fd893bb3,severe_fn_conflict_prob_le_0.01,1,float32,256,FN,0.0092970841,1,,0,,float32,256,True,True,True,True,True,34404,7352,6,1,,A_unfixed_severe_conflict,231,5e1cfa57771084629c2b08757f38d67f0ad28faa412090f1c6ef3fa0fd893bb3,E:\Project\python\Axon_v2.6Exp\data\待拉黑\2026-01\2026-01-31\5e1cfa57771084629c2b08757f38d67f0ad28faa412090f1c6ef3fa0fd893bb3.exe,5e1cfa57771084629c2b08757f38d67f0ad28faa412090f1c6ef3fa0fd893bb3,float32,49,True
70558,test,,uint8,8192,1,True,7092bd7c117606213d55bdef62d58300244450f000e92e02e8ec5dc8f1c0ad21,severe_fn_conflict_prob_le_0.01,1,float32,256,FN,0.0089317281,1,,0,,float32,256,False,True,True,False,True,332,0,3,1,,A_unfixed_severe_conflict,232,7092bd7c117606213d55bdef62d58300244450f000e92e02e8ec5dc8f1c0ad21,E:\Project\python\Axon_v2.6Exp\data\待拉黑\2026-02\2026-02-09\7092bd7c117606213d55bdef62d58300244450f000e92e02e8ec5dc8f1c0ad21.dll,7092bd7c117606213d55bdef62d58300244450f000e92e02e8ec5dc8f1c0ad21,float32,49,True
189384,test,,uint8,8192,1,True,3c1a2fa98aaf7394ba262ef8d47c4ac1355c8c2224bfd961e130a48a1b7d8708,severe_fn_conflict_prob_le_0.01,1,float32,256,FN,0.0012248454,1,,0,,float32,256,True,True,True,True,True,34404,0,8,1,,A_unfixed_severe_conflict,233,3c1a2fa98aaf7394ba262ef8d47c4ac1355c8c2224bfd961e130a48a1b7d8708,E:\Project\python\Axon_v2.6Exp\data\待拉黑\2026-03\2026-03-17\3c1a2fa98aaf7394ba262ef8d47c4ac1355c8c2224bfd961e130a48a1b7d8708.exe,3c1a2fa98aaf7394ba262ef8d47c4ac1355c8c2224bfd961e130a48a1b7d8708,float32,49,True
96621,test,,uint8,8192,1,True,76660e91f1ff3cb89630df5af4fe09de6098d09baa66b1a130c89c3c5edd5b22,severe_fn_conflict_prob_le_0.01,1,float32,256,FN,0.0024604723,1,,0,,float32,256,True,True,True,True,False,34404,7224,8,1,,A_unfixed_severe_conflict,234,76660e91f1ff3cb89630df5af4fe09de6098d09baa66b1a130c89c3c5edd5b22,E:\Project\python\Axon_v2.6Exp\data\待拉黑\黑文件1\samples\samples\APT 19\76660e91f1ff3cb89630df5af4fe09de6098d09baa66b1a130c89c3c5edd5b22_extracted\76660e91f1ff3cb89630df5af4fe09de6098d09baa66b1a130c89c3c5edd5b22,76660e91f1ff3cb89630df5af4fe09de6098d09baa66b1a130c89c3c5edd5b22,float32,49,True
160915,test,,uint8,8192,1,True,49a568f8ac11173e3a0d76cff6bc1d4b9bdf2c35c6d8570177422f142dcfdbe3,severe_fn_conflict_prob_le_0.01,1,float32,256,FN,0.0043959115,1,,0,,float32,256,False,True,True,True,False,332,10616,4,1,,A_unfixed_severe_conflict,235,49a568f8ac11173e3a0d76cff6bc1d4b9bdf2c35c6d8570177422f142dcfdbe3,E:\Project\python\Axon_v2.6Exp\data\待拉黑\2020-08\2022-08-21\49a568f8ac11173e3a0d76cff6bc1d4b9bdf2c35c6d8570177422f142dcfdbe3.exe,49a568f8ac11173e3a0d76cff6bc1d4b9bdf2c35c6d8570177422f142dcfdbe3,float32,49,True
172078,test,,uint8,8192,1,True,b912d3940db4e5e13033e4e26f3bcca9bc7503015f65b9f2c5a0545fbc975140,severe_fn_conflict_prob_le_0.01,1,float32,256,FN,0.003011564,1,,0,,float32,256,True,False,True,False,True,34404,0,6,1,,A_unfixed_severe_conflict,236,b912d3940db4e5e13033e4e26f3bcca9bc7503015f65b9f2c5a0545fbc975140,E:\Project\python\Axon_v2.6Exp\data\待拉黑\2021-07\2021-07-09\b912d3940db4e5e13033e4e26f3bcca9bc7503015f65b9f2c5a0545fbc975140.exe,b912d3940db4e5e13033e4e26f3bcca9bc7503015f65b9f2c5a0545fbc975140,float32,49,True
159600,test,,uint8,8192,1,True,d04aedd024aaf290d26b46076a587bcc8fe7f99ffd157550eda97d608e5f33a5,severe_fn_conflict_prob_le_0.01,1,float32,256,FN,0.003011564,1,,0,,float32,256,True,False,True,False,True,34404,0,6,1,,A_unfixed_severe_conflict,237,d04aedd024aaf290d26b46076a587bcc8fe7f99ffd157550eda97d608e5f33a5,E:\Project\python\Axon_v2.6Exp\data\待拉黑\2021-07\2021-07-13\d04aedd024aaf290d26b46076a587bcc8fe7f99ffd157550eda97d608e5f33a5.exe,d04aedd024aaf290d26b46076a587bcc8fe7f99ffd157550eda97d608e5f33a5,float32,49,True
49759,test,,uint8,8192,1,True,43698d70087aa875c4384b59cacd8eff56bd0bff3be20e69b98613ec5184b41f,severe_fn_conflict_prob_le_0.01,1,float32,256,FN,0.0025123816,1,,0,,float32,256,False,True,True,False,True,332,0,3,1,,A_unfixed_severe_conflict,238,43698d70087aa875c4384b59cacd8eff56bd0bff3be20e69b98613ec5184b41f,E:\Project\python\Axon_v2.6Exp\data\待拉黑\2021-08\2021-08-17\43698d70087aa875c4384b59cacd8eff56bd0bff3be20e69b98613ec5184b41f.dll,43698d70087aa875c4384b59cacd8eff56bd0bff3be20e69b98613ec5184b41f,float32,49,True
130944,test,,uint8,8192,1,True,36e8bb8719a619b78862907fd49445750371f40945fefd55a9862465dc2930f9,severe_fn_conflict_prob_le_0.01,1,float32,256,FN,0.001206064,1,,0,,float32,256,False,True,False,False,False,34404,0,6,1,,A_unfixed_severe_conflict,239,36e8bb8719a619b78862907fd49445750371f40945fefd55a9862465dc2930f9,E:\Project\python\Axon_v2.6Exp\data\待拉黑\2021-08\2021-08-21\36e8bb8719a619b78862907fd49445750371f40945fefd55a9862465dc2930f9.exe,36e8bb8719a619b78862907fd49445750371f40945fefd55a9862465dc2930f9,float32,49,True
123477,test,,uint8,8192,1,True,a43ab7c37f4dfcf87f92502afb24a1da79fb8a78ecdfea8417bbcd7c323f3805,severe_fn_conflict_prob_le_0.01,1,float32,256,FN,0.0096948482,1,,0,,float32,256,False,False,True,False,True,332,4942144,2,1,,A_unfixed_severe_conflict,240,a43ab7c37f4dfcf87f92502afb24a1da79fb8a78ecdfea8417bbcd7c323f3805,E:\Project\python\Axon_v2.6Exp\data\待拉黑\2021-10\2021-10-29\a43ab7c37f4dfcf87f92502afb24a1da79fb8a78ecdfea8417bbcd7c323f3805.dll,a43ab7c37f4dfcf87f92502afb24a1da79fb8a78ecdfea8417bbcd7c323f3805,float32,49,True
84827,test,,uint8,8192,1,True,3932bc49a6c981b2a7dff232fd1260edece62050715d50e69c510e78e700b6de,severe_fn_conflict_prob_le_0.01,1,float32,256,FN,0.0014683066,1,,0,,float32,256,False,True,True,False,True,332,0,3,1,,A_unfixed_severe_conflict,241,3932bc49a6c981b2a7dff232fd1260edece62050715d50e69c510e78e700b6de,E:\Project\python\Axon_v2.6Exp\data\待拉黑\2021-11\2021-11-01\3932bc49a6c981b2a7dff232fd1260edece62050715d50e69c510e78e700b6de.dll,3932bc49a6c981b2a7dff232fd1260edece62050715d50e69c510e78e700b6de,float32,49,True
133733,test,,uint8,8192,1,True,610af17e6052846916fea62780647d1e1ea4ba09ba8e3aef29768409d6475173,severe_fn_conflict_prob_le_0.01,1,float32,256,FN,0.0056510693,1,,0,,float32,256,False,True,True,False,True,332,0,3,1,,A_unfixed_severe_conflict,242,610af17e6052846916fea62780647d1e1ea4ba09ba8e3aef29768409d6475173,E:\Project\python\Axon_v2.6Exp\data\待拉黑\2021-11\2021-11-07\610af17e6052846916fea62780647d1e1ea4ba09ba8e3aef29768409d6475173.dll,610af17e6052846916fea62780647d1e1ea4ba09ba8e3aef29768409d6475173,float32,49,True
165385,test,,uint8,8192,1,True,6efb365f9baa38469847c61a60dae8a2062a649794c238d51e98ff704d99c172,severe_fn_conflict_prob_le_0.01,1,float32,256,FN,0.0003417198,1,,0,,float32,256,True,True,True,True,True,34404,10344,6,1,,A_unfixed_severe_conflict,243,6efb365f9baa38469847c61a60dae8a2062a649794c238d51e98ff704d99c172,E:\Project\python\Axon_v2.6Exp\data\待拉黑\2025-10\2025-10-09\6efb365f9baa38469847c61a60dae8a2062a649794c238d51e98ff704d99c172.exe,6efb365f9baa38469847c61a60dae8a2062a649794c238d51e98ff704d99c172,float32,49,True
175062,test,,uint8,8192,1,True,3484705fb495ac378a5247f3580328947c30040395f7136293ac7cb72174d983,severe_fn_conflict_prob_le_0.01,1,float32,256,FN,0.0007394672,1,,0,,float32,256,True,True,True,True,True,34404,32152,6,1,,A_unfixed_severe_conflict,244,3484705fb495ac378a5247f3580328947c30040395f7136293ac7cb72174d983,E:\Project\python\Axon_v2.6Exp\data\待拉黑\2025-10\2025-10-17\3484705fb495ac378a5247f3580328947c30040395f7136293ac7cb72174d983.exe,3484705fb495ac378a5247f3580328947c30040395f7136293ac7cb72174d983,float32,49,True
109893,test,,uint8,8192,1,True,36d4a0c46a0b9613b7f4ab38a9bf1a8ee3d54e059f2451f20e999a7b49b9af56,severe_fn_conflict_prob_le_0.01,1,float32,256,FN,0.0037288663,1,,0,,float32,256,False,True,True,True,False,332,12072,3,1,,A_unfixed_severe_conflict,245,36d4a0c46a0b9613b7f4ab38a9bf1a8ee3d54e059f2451f20e999a7b49b9af56,E:\Project\python\Axon_v2.6Exp\data\待拉黑\2025-10\2025-10-20\36d4a0c46a0b9613b7f4ab38a9bf1a8ee3d54e059f2451f20e999a7b49b9af56.exe,36d4a0c46a0b9613b7f4ab38a9bf1a8ee3d54e059f2451f20e999a7b49b9af56,float32,49,True
189593,test,,uint8,8192,1,True,f57cdd4806657478e1ead64234c2f6d038893d9be4c513f4d3624963b8a9e24c,severe_fn_conflict_prob_le_0.01,1,float32,256,FN,0.0014014522,1,,0,,float32,256,False,True,False,True,False,34404,36864,6,1,,A_unfixed_severe_conflict,246,f57cdd4806657478e1ead64234c2f6d038893d9be4c513f4d3624963b8a9e24c,E:\Project\python\Axon_v2.6Exp\data\待拉黑\2025-10\2025-10-28\f57cdd4806657478e1ead64234c2f6d038893d9be4c513f4d3624963b8a9e24c.exe,f57cdd4806657478e1ead64234c2f6d038893d9be4c513f4d3624963b8a9e24c,float32,49,True
170683,test,,uint8,8192,1,True,a34e11c2f4efe61f499b0a7e6968bd55b4c2fdfa72ffcd800c169f45b84c9ca9,severe_fn_conflict_prob_le_0.01,1,float32,256,FN,0.0013844938,1,,0,,float32,256,False,True,False,False,False,34404,0,6,1,,A_unfixed_severe_conflict,247,a34e11c2f4efe61f499b0a7e6968bd55b4c2fdfa72ffcd800c169f45b84c9ca9,E:\Project\python\Axon_v2.6Exp\data\待拉黑\2025-11\2025-11-14\a34e11c2f4efe61f499b0a7e6968bd55b4c2fdfa72ffcd800c169f45b84c9ca9.exe,a34e11c2f4efe61f499b0a7e6968bd55b4c2fdfa72ffcd800c169f45b84c9ca9,float32,49,True
167931,test,,uint8,8192,1,True,34abba43c4d6a7d81ae9d2f73f02d9483fd353b5a787fc90bdacba8e05e6f2df,severe_fn_conflict_prob_le_0.01,1,float32,256,FN,0.0021172017,1,,0,,float32,256,False,True,True,False,False,34404,0,7,1,,A_unfixed_severe_conflict,248,34abba43c4d6a7d81ae9d2f73f02d9483fd353b5a787fc90bdacba8e05e6f2df,E:\Project\python\Axon_v2.6Exp\data\待拉黑\2025-11\2025-11-17\34abba43c4d6a7d81ae9d2f73f02d9483fd353b5a787fc90bdacba8e05e6f2df.exe,34abba43c4d6a7d81ae9d2f73f02d9483fd353b5a787fc90bdacba8e05e6f2df,float32,49,True
59301,test,,uint8,8192,1,True,8b2227aade3cdcaff86f199e7592426a31931cc8a9fa43990a7b449756942757,severe_fn_conflict_prob_le_0.01,1,float32,256,FN,0.0013210016,1,,0,,float32,256,True,True,True,True,True,332,0,9,1,,A_unfixed_severe_conflict,249,8b2227aade3cdcaff86f199e7592426a31931cc8a9fa43990a7b449756942757,E:\Project\python\Axon_v2.6Exp\data\待拉黑\2025-12\2025-12-14\8b2227aade3cdcaff86f199e7592426a31931cc8a9fa43990a7b449756942757.dll,8b2227aade3cdcaff86f199e7592426a31931cc8a9fa43990a7b449756942757,float32,49,True
196882,test,,uint8,8192,1,True,7107410f1aa2a205011e2393174783ea9833085f2cf168651da56766c7ffa5f4,severe_fn_conflict_prob_le_0.01,1,float32,256,FN,0.0076274741,1,,0,,float32,256,False,True,True,True,False,34404,20672,7,1,,A_unfixed_severe_conflict,250,7107410f1aa2a205011e2393174783ea9833085f2cf168651da56766c7ffa5f4,E:\Project\python\Axon_v2.6Exp\data\待拉黑\2026-01\2026-01-13\7107410f1aa2a205011e2393174783ea9833085f2cf168651da56766c7ffa5f4.exe,7107410f1aa2a205011e2393174783ea9833085f2cf168651da56766c7ffa5f4,float32,49,True
174171,test,,uint8,8192,1,True,d43329ee5af52665bc4afc3f7dcbe1d8aa13528f49d7580df15a9c9ced50c0ca,severe_fn_conflict_prob_le_0.01,1,float32,256,FN,0.0010602321,1,,0,,float32,256,True,True,True,True,True,34404,8528,7,1,,A_unfixed_severe_conflict,251,d43329ee5af52665bc4afc3f7dcbe1d8aa13528f49d7580df15a9c9ced50c0ca,E:\Project\python\Axon_v2.6Exp\data\待拉黑\2026-01\2026-01-15\d43329ee5af52665bc4afc3f7dcbe1d8aa13528f49d7580df15a9c9ced50c0ca.exe,d43329ee5af52665bc4afc3f7dcbe1d8aa13528f49d7580df15a9c9ced50c0ca,float32,49,True
78492,test,,uint8,8192,1,True,5bd97d3369616dc9a975706dffddc1bac207d3e5bfe08fa80dce725f1f685c60,severe_fn_conflict_prob_le_0.01,1,float32,256,FN,0.0008326118,1,,0,,float32,256,True,True,True,True,False,34404,41344,6,1,,A_unfixed_severe_conflict,252,5bd97d3369616dc9a975706dffddc1bac207d3e5bfe08fa80dce725f1f685c60,E:\Project\python\Axon_v2.6Exp\data\待拉黑\2026-01\2026-01-20\5bd97d3369616dc9a975706dffddc1bac207d3e5bfe08fa80dce725f1f685c60.exe,5bd97d3369616dc9a975706dffddc1bac207d3e5bfe08fa80dce725f1f685c60,float32,49,True
63420,test,,uint8,8192,1,True,05cf4074761f8d60963bceb9533ba4c168586d861caf8decacf0fe92f8ac292b,severe_fn_conflict_prob_le_0.01,1,float32,256,FN,0.0023752111,1,,0,,float32,256,True,True,True,True,True,332,20984,6,1,,A_unfixed_severe_conflict,253,05cf4074761f8d60963bceb9533ba4c168586d861caf8decacf0fe92f8ac292b,E:\Project\python\Axon_v2.6Exp\data\待拉黑\2026-03\2026-03-06\05cf4074761f8d60963bceb9533ba4c168586d861caf8decacf0fe92f8ac292b.dll,05cf4074761f8d60963bceb9533ba4c168586d861caf8decacf0fe92f8ac292b,float32,49,True
196400,test,,uint8,8192,1,True,85b05fc23d2ef09685594ae422d8b9d5b7dcd0483c42430ff85dbea0d8549550,severe_fn_conflict_prob_le_0.01,1,float32,256,FN,0.0020434798,1,,0,,float32,256,True,True,True,True,True,332,10352,6,1,,A_unfixed_severe_conflict,254,85b05fc23d2ef09685594ae422d8b9d5b7dcd0483c42430ff85dbea0d8549550,E:\Project\python\Axon_v2.6Exp\data\待拉黑\2026-03\2026-03-08\85b05fc23d2ef09685594ae422d8b9d5b7dcd0483c42430ff85dbea0d8549550.dll,85b05fc23d2ef09685594ae422d8b9d5b7dcd0483c42430ff85dbea0d8549550,float32,49,True
117818,test,,uint8,8192,1,True,84004a02471e9c24cf5b6bde5bc9d35dc44514a7db112901746e9d871c913c47,severe_fn_conflict_prob_le_0.01,1,float32,256,FN,0.0033799519,1,,0,,float32,256,True,True,True,True,True,34404,5960,6,1,,A_unfixed_severe_conflict,255,84004a02471e9c24cf5b6bde5bc9d35dc44514a7db112901746e9d871c913c47,E:\Project\python\Axon_v2.6Exp\data\待拉黑\2026-03\2026-03-15\84004a02471e9c24cf5b6bde5bc9d35dc44514a7db112901746e9d871c913c47.exe,84004a02471e9c24cf5b6bde5bc9d35dc44514a7db112901746e9d871c913c47,float32,49,True
84808,test,,uint8,8192,1,True,83fcc6bf733751bab43e92d31b810c4cecd4d8640668d2ed26f47f62edd942cf,severe_fn_conflict_prob_le_0.01,1,float32,256,FN,0.0005442437,1,,0,,float32,256,False,True,True,True,False,34404,19904,8,1,,A_unfixed_severe_conflict,256,83fcc6bf733751bab43e92d31b810c4cecd4d8640668d2ed26f47f62edd942cf,E:\Project\python\Axon_v2.6Exp\data\待拉黑\2026-03\2026-03-16\83fcc6bf733751bab43e92d31b810c4cecd4d8640668d2ed26f47f62edd942cf.sys,83fcc6bf733751bab43e92d31b810c4cecd4d8640668d2ed26f47f62edd942cf,float32,49,True
148287,test,,uint8,8192,0,True,db039ea7b5fb337aca434a9b5939c28c3d5909e251d60c56ef42a8d47cf3b3b7,severe_fp_conflict_prob_ge_0.99,0,float32,256,FP,0.9992547631,1,,0,,float32,256,False,True,True,False,False,332,0,3,1,,B_corrected_severe_conflict,257,db039ea7b5fb337aca434a9b5939c28c3d5909e251d60c56ef42a8d47cf3b3b7,E:\Project\python\Axon_v2.6Exp\data\待加入白名单\db039ea7b5fb337aca434a9b5939c28c3d5909e251d60c56ef42a8d47cf3b3b7,db039ea7b5fb337aca434a9b5939c28c3d5909e251d60c56ef42a8d47cf3b3b7,float32,49,True
55161,test,,uint8,8192,0,True,af52cf279707bbc18772a6487bb887a3ceb93bb1a7a2fa358ac04c3cdc966d7a,severe_fp_conflict_prob_ge_0.99,0,float32,256,FP,0.9992530942,1,,0,,float32,256,False,True,True,False,False,332,0,3,1,,B_corrected_severe_conflict,258,af52cf279707bbc18772a6487bb887a3ceb93bb1a7a2fa358ac04c3cdc966d7a,E:\Project\python\Axon_v2.6Exp\data\待加入白名单\AF52CF279707BBC18772A6487BB887A3CEB93BB1A7A2FA358AC04C3CDC966D7A,af52cf279707bbc18772a6487bb887a3ceb93bb1a7a2fa358ac04c3cdc966d7a,float32,49,True
66681,test,,uint8,8192,0,True,864d4131acc6b2c63819b996328831b8442a58bb8684d9b51621db72a4ac2cd0,severe_fp_conflict_prob_ge_0.99,0,float32,256,FP,0.9990417361,1,,0,,float32,256,False,True,True,False,False,332,0,3,1,,B_corrected_severe_conflict,259,864d4131acc6b2c63819b996328831b8442a58bb8684d9b51621db72a4ac2cd0,E:\Project\python\Axon_v2.6Exp\data\待加入白名单\864d4131acc6b2c63819b996328831b8442a58bb8684d9b51621db72a4ac2cd0,864d4131acc6b2c63819b996328831b8442a58bb8684d9b51621db72a4ac2cd0,float32,49,True
49355,test,,uint8,8192,0,True,02cda55caa935c5a3bf1ca751457c87c801bb406dfbf018f66b245a374a0d269,severe_fp_conflict_prob_ge_0.99,0,float32,256,FP,0.9988859892,1,,0,,float32,256,False,True,True,False,False,332,94690,3,1,,B_corrected_severe_conflict,260,02cda55caa935c5a3bf1ca751457c87c801bb406dfbf018f66b245a374a0d269,E:\Project\python\Axon_v2.6Exp\data\待加入白名单\02cda55caa935c5a3bf1ca751457c87c801bb406dfbf018f66b245a374a0d269.exe,02cda55caa935c5a3bf1ca751457c87c801bb406dfbf018f66b245a374a0d269,float32,49,True
125810,test,,uint8,8192,0,True,8dffb52b6826067ed8b56f549cbe53f4f5908e21582a54a9172ecfbad90afe37,severe_fp_conflict_prob_ge_0.99,0,float32,256,FP,0.998683393,1,,0,,float32,256,False,True,True,False,False,332,0,4,1,,B_corrected_severe_conflict,261,8dffb52b6826067ed8b56f549cbe53f4f5908e21582a54a9172ecfbad90afe37,E:\Project\python\Axon_v2.6Exp\data\待加入白名单\8DFFB52B6826067ED8B56F549CBE53F4F5908E21582A54A9172ECFBAD90AFE37,8dffb52b6826067ed8b56f549cbe53f4f5908e21582a54a9172ecfbad90afe37,float32,49,True
77426,test,,uint8,8192,0,True,e3dbfdd339865f5abb80c48930120bd759fa113fc46689641678af41220ba95c,severe_fp_conflict_prob_ge_0.99,0,float32,256,FP,0.9986088872,1,,0,,float32,256,False,True,True,False,False,332,0,3,1,,B_corrected_severe_conflict,262,e3dbfdd339865f5abb80c48930120bd759fa113fc46689641678af41220ba95c,E:\Project\python\Axon_v2.6Exp\data\待加入白名单\e3dbfdd339865f5abb80c48930120bd759fa113fc46689641678af41220ba95c,e3dbfdd339865f5abb80c48930120bd759fa113fc46689641678af41220ba95c,float32,49,True
69267,test,,uint8,8192,0,True,c1e64632d21d75eb14eb17aa745d335f2b406b3a884870ce9d6a554cd69d26e7,severe_fp_conflict_prob_ge_0.99,0,float32,256,FP,0.9984668493,1,,0,,float32,256,False,True,True,False,False,332,4448,5,1,,B_corrected_severe_conflict,263,c1e64632d21d75eb14eb17aa745d335f2b406b3a884870ce9d6a554cd69d26e7,E:\Project\python\Axon_v2.6Exp\data\待加入白名单\c1e64632d21d75eb14eb17aa745d335f2b406b3a884870ce9d6a554cd69d26e7,c1e64632d21d75eb14eb17aa745d335f2b406b3a884870ce9d6a554cd69d26e7,float32,49,True
102604,test,,uint8,8192,0,True,4c416738a0e2fa6ab766ccf1a9b0a80974e733f9615168dd22a069afa7d5b38d,severe_fp_conflict_prob_ge_0.99,0,float32,256,FP,0.9982155561,1,,0,,float32,256,False,True,False,False,False,43620,0,5,1,,B_corrected_severe_conflict,264,4c416738a0e2fa6ab766ccf1a9b0a80974e733f9615168dd22a069afa7d5b38d,E:\Project\python\Axon_v2.6Exp\data\待加入白名单\4c416738a0e2fa6ab766ccf1a9b0a80974e733f9615168dd22a069afa7d5b38d.exe,4c416738a0e2fa6ab766ccf1a9b0a80974e733f9615168dd22a069afa7d5b38d,float32,49,True
133580,test,,uint8,8192,0,True,d014ec60e152e7cfa1f5fdf1ffa1a9b88525c4b0650c59a90081c73838e78932,severe_fp_conflict_prob_ge_0.99,0,float32,256,FP,0.997692585,1,,0,,float32,256,False,True,True,False,False,34404,46571491,7,1,,B_corrected_severe_conflict,265,d014ec60e152e7cfa1f5fdf1ffa1a9b88525c4b0650c59a90081c73838e78932,E:\Project\python\Axon_v2.6Exp\data\待加入白名单\d014ec60e152e7cfa1f5fdf1ffa1a9b88525c4b0650c59a90081c73838e78932.exe,d014ec60e152e7cfa1f5fdf1ffa1a9b88525c4b0650c59a90081c73838e78932,float32,49,True
60098,test,,uint8,8192,0,True,67a9a1e07e2648173199618ce61cb17e9740ad4845eb275e11ba10169e3db6a8,severe_fp_conflict_prob_ge_0.99,0,float32,256,FP,0.997495532,1,,0,,float32,256,False,True,True,False,False,34404,0,8,1,,B_corrected_severe_conflict,266,67a9a1e07e2648173199618ce61cb17e9740ad4845eb275e11ba10169e3db6a8,E:\Project\python\Axon_v2.6Exp\data\待加入白名单\67a9a1e07e2648173199618ce61cb17e9740ad4845eb275e11ba10169e3db6a8,67a9a1e07e2648173199618ce61cb17e9740ad4845eb275e11ba10169e3db6a8,float32,49,True
89353,test,,uint8,8192,0,True,deaa249344b35e29fcd24fc89e876821059367b03682afae5007b48a4bc0c282,severe_fp_conflict_prob_ge_0.99,0,float32,256,FP,0.9973960519,1,,0,,float32,256,False,True,True,True,False,34404,4968,5,1,,B_corrected_severe_conflict,267,deaa249344b35e29fcd24fc89e876821059367b03682afae5007b48a4bc0c282,E:\Project\python\Axon_v2.6Exp\data\待加入白名单\deaa249344b35e29fcd24fc89e876821059367b03682afae5007b48a4bc0c282,deaa249344b35e29fcd24fc89e876821059367b03682afae5007b48a4bc0c282,float32,49,True
69982,test,,uint8,8192,0,True,cadd8c7dbf3a52880128352e6a1c2ea875df847582240e3f40a15fdd18a7cdfd,severe_fp_conflict_prob_ge_0.99,0,float32,256,FP,0.9972003698,1,,0,,float32,256,False,True,True,False,False,332,0,4,1,,B_corrected_severe_conflict,268,cadd8c7dbf3a52880128352e6a1c2ea875df847582240e3f40a15fdd18a7cdfd,E:\Project\python\Axon_v2.6Exp\data\待加入白名单\cadd8c7dbf3a52880128352e6a1c2ea875df847582240e3f40a15fdd18a7cdfd.exe,cadd8c7dbf3a52880128352e6a1c2ea875df847582240e3f40a15fdd18a7cdfd,float32,49,True
171816,test,,uint8,8192,0,True,dab3003436b6861ae220cc5fdcb97970fc05afdf114c2f91e46eed627ce3d6af,severe_fp_conflict_prob_ge_0.99,0,float32,256,FP,0.9970492125,1,,0,,float32,256,False,True,True,False,False,332,0,7,1,,B_corrected_severe_conflict,269,dab3003436b6861ae220cc5fdcb97970fc05afdf114c2f91e46eed627ce3d6af,E:\Project\python\Axon_v2.6Exp\data\待加入白名单\dab3003436b6861ae220cc5fdcb97970fc05afdf114c2f91e46eed627ce3d6af,dab3003436b6861ae220cc5fdcb97970fc05afdf114c2f91e46eed627ce3d6af,float32,49,True
197906,test,,uint8,8192,0,True,9d0dd8e98e761c3f9626172be07b26f585af8ce8ed5cc3a02fee2351d5d80bf2,severe_fp_conflict_prob_ge_0.99,0,float32,256,FP,0.9967358112,1,,0,,float32,256,False,True,True,False,False,332,0,4,1,,B_corrected_severe_conflict,270,9d0dd8e98e761c3f9626172be07b26f585af8ce8ed5cc3a02fee2351d5d80bf2,E:\Project\python\Axon_v2.6Exp\data\待加入白名单\9d0dd8e98e761c3f9626172be07b26f585af8ce8ed5cc3a02fee2351d5d80bf2.exe,9d0dd8e98e761c3f9626172be07b26f585af8ce8ed5cc3a02fee2351d5d80bf2,float32,49,True
122798,test,,uint8,8192,0,True,95170bf618728fbdca573a406613a907d02c288861f458282f71e7d8ad57b32f,severe_fp_conflict_prob_ge_0.99,0,float32,256,FP,0.9963362217,1,,0,,float32,256,False,True,True,False,False,332,0,3,1,,B_corrected_severe_conflict,271,95170bf618728fbdca573a406613a907d02c288861f458282f71e7d8ad57b32f,E:\Project\python\Axon_v2.6Exp\data\待加入白名单\95170bf618728fbdca573a406613a907d02c288861f458282f71e7d8ad57b32f,95170bf618728fbdca573a406613a907d02c288861f458282f71e7d8ad57b32f,float32,49,True
45483,test,,uint8,8192,0,True,f987f044b8828d7642cb62112bd65102dd2fbb1691a83e5349ac594812b15ea5,severe_fp_conflict_prob_ge_0.99,0,float32,256,FP,0.995151341,1,,0,,float32,256,False,False,True,False,False,332,0,8,1,,B_corrected_severe_conflict,272,f987f044b8828d7642cb62112bd65102dd2fbb1691a83e5349ac594812b15ea5,E:\Project\python\Axon_v2.6Exp\data\待加入白名单\f987f044b8828d7642cb62112bd65102dd2fbb1691a83e5349ac594812b15ea5.exe,f987f044b8828d7642cb62112bd65102dd2fbb1691a83e5349ac594812b15ea5,float32,49,True
76755,test,,uint8,8192,0,True,d1e576a1874890c1aaec46528a94f913ba534fc7d1d17453f163a09dd9309ab4,severe_fp_conflict_prob_ge_0.99,0,float32,256,FP,0.9946660995,1,,0,,float32,256,False,True,True,False,False,332,0,7,1,,B_corrected_severe_conflict,273,d1e576a1874890c1aaec46528a94f913ba534fc7d1d17453f163a09dd9309ab4,E:\Project\python\Axon_v2.6Exp\data\待加入白名单\d1e576a1874890c1aaec46528a94f913ba534fc7d1d17453f163a09dd9309ab4,d1e576a1874890c1aaec46528a94f913ba534fc7d1d17453f163a09dd9309ab4,float32,49,True
176973,test,,uint8,8192,0,True,fe058463f0184c763e84cd2ee3c482bf4f2e93722afd8d58691196e89f67201b,severe_fp_conflict_prob_ge_0.99,0,float32,256,FP,0.9936172962,1,,0,,float32,256,False,True,False,False,False,34404,0,6,1,,B_corrected_severe_conflict,274,fe058463f0184c763e84cd2ee3c482bf4f2e93722afd8d58691196e89f67201b,E:\Project\python\Axon_v2.6Exp\data\待加入白名单\fe058463f0184c763e84cd2ee3c482bf4f2e93722afd8d58691196e89f67201b,fe058463f0184c763e84cd2ee3c482bf4f2e93722afd8d58691196e89f67201b,float32,49,True
43877,test,,uint8,8192,0,True,cf0a21b893596cb97b582ab2dadf7569b780828bc900bc5024014539518e74f3,severe_fp_conflict_prob_ge_0.99,0,float32,256,FP,0.9934835434,1,,0,,float32,256,False,True,True,False,False,332,0,2,1,,B_corrected_severe_conflict,275,cf0a21b893596cb97b582ab2dadf7569b780828bc900bc5024014539518e74f3,E:\Project\python\Axon_v2.6Exp\data\待加入白名单\cf0a21b893596cb97b582ab2dadf7569b780828bc900bc5024014539518e74f3.exe,cf0a21b893596cb97b582ab2dadf7569b780828bc900bc5024014539518e74f3,float32,49,True
120932,test,,uint8,8192,0,True,ebc67a6e8ecf40405dce2d0876b897b8e768eae86ba1aaca14c3b8e76aff539f,severe_fp_conflict_prob_ge_0.99,0,float32,256,FP,0.9927011132,1,,0,,float32,256,False,True,True,False,False,332,0,3,1,,B_corrected_severe_conflict,276,ebc67a6e8ecf40405dce2d0876b897b8e768eae86ba1aaca14c3b8e76aff539f,E:\Project\python\Axon_v2.6Exp\data\待加入白名单\EBC67A6E8ECF40405DCE2D0876B897B8E768EAE86BA1AACA14C3B8E76AFF539F,ebc67a6e8ecf40405dce2d0876b897b8e768eae86ba1aaca14c3b8e76aff539f,float32,49,True
75544,test,,uint8,8192,0,True,97a46172849c6d576b90d711c5d284c8c309bdc3cfc8e4dd78dc0715ddd1a466,severe_fp_conflict_prob_ge_0.99,0,float32,256,FP,0.9925255179,1,,0,,float32,256,False,True,True,False,False,332,0,2,1,,B_corrected_severe_conflict,277,97a46172849c6d576b90d711c5d284c8c309bdc3cfc8e4dd78dc0715ddd1a466,E:\Project\python\Axon_v2.6Exp\data\待加入白名单\97a46172849c6d576b90d711c5d284c8c309bdc3cfc8e4dd78dc0715ddd1a466.exe,97a46172849c6d576b90d711c5d284c8c309bdc3cfc8e4dd78dc0715ddd1a466,float32,49,True
59226,test,,uint8,8192,0,True,868f8e2bab0d6a7ef8afc4c5960c608eccef82bd086bd6e0c0e2670199a5ca45,severe_fp_conflict_prob_ge_0.99,0,float32,256,FP,0.9914550781,1,,0,,float32,256,False,True,True,True,False,332,3563704,4,1,,B_corrected_severe_conflict,278,868f8e2bab0d6a7ef8afc4c5960c608eccef82bd086bd6e0c0e2670199a5ca45,E:\Project\python\Axon_v2.6Exp\data\待加入白名单\868F8E2BAB0D6A7EF8AFC4C5960C608ECCEF82BD086BD6E0C0E2670199A5CA45,868f8e2bab0d6a7ef8afc4c5960c608eccef82bd086bd6e0c0e2670199a5ca45,float32,49,True
41719,test,,uint8,8192,0,True,b665afa1ade149595acbd2d0661f9255ed68b28aca2856076967a8076a09002e,severe_fp_conflict_prob_ge_0.99,0,float32,256,FP,0.9914393425,1,,0,,float32,256,True,True,True,False,False,34404,0,8,1,,B_corrected_severe_conflict,279,b665afa1ade149595acbd2d0661f9255ed68b28aca2856076967a8076a09002e,E:\Project\python\Axon_v2.6Exp\data\待加入白名单\B665AFA1ADE149595ACBD2D0661F9255ED68B28ACA2856076967A8076A09002E,b665afa1ade149595acbd2d0661f9255ed68b28aca2856076967a8076a09002e,float32,49,True
82417,test,,uint8,8192,0,True,be64a40b9be997d73c0fc14d97e204c9d886eda07ec4c9391a70ce477084e5f1,severe_fp_conflict_prob_ge_0.99,0,float32,256,FP,0.9911907911,1,,0,,float32,256,False,True,True,False,False,34404,0,8,1,,B_corrected_severe_conflict,280,be64a40b9be997d73c0fc14d97e204c9d886eda07ec4c9391a70ce477084e5f1,E:\Project\python\Axon_v2.6Exp\data\待加入白名单\BE64A40B9BE997D73C0FC14D97E204C9D886EDA07EC4C9391A70CE477084E5F1,be64a40b9be997d73c0fc14d97e204c9d886eda07ec4c9391a70ce477084e5f1,float32,49,True
188099,test,,uint8,8192,0,True,f69b99dd12949edf31755b547f599f427df405560859c229e8798f5ff3e14707,severe_fp_conflict_prob_ge_0.99,0,float32,256,FP,0.9902281165,1,,0,,float32,256,False,False,True,False,False,34404,0,2,1,,B_corrected_severe_conflict,281,f69b99dd12949edf31755b547f599f427df405560859c229e8798f5ff3e14707,E:\Project\python\Axon_v2.6Exp\data\待加入白名单\F69B99DD12949EDF31755B547F599F427DF405560859C229E8798F5FF3E14707,f69b99dd12949edf31755b547f599f427df405560859c229e8798f5ff3e14707,float32,49,True
108827,test,,uint8,8192,1,True,0a55616beb66f802dda89d3916ceebda2020a93c351b2eda3940988817e63d56,severe_fn_conflict_prob_le_0.01,1,float32,256,FN,0.0031347538,1,,0,,float32,256,False,True,True,True,False,332,14488,6,1,,B_corrected_severe_conflict,282,0a55616beb66f802dda89d3916ceebda2020a93c351b2eda3940988817e63d56,E:\Project\python\Axon_v2.6Exp\data\待拉黑\2026-03\2026-03-01\0a55616beb66f802dda89d3916ceebda2020a93c351b2eda3940988817e63d56.exe,0a55616beb66f802dda89d3916ceebda2020a93c351b2eda3940988817e63d56,float32,49,True
72494,test,,uint8,8192,1,True,4a952b2e3cee8100fe5bcc6460cacf3a276fa7d2d4db96503ba3da93c04524b2,severe_fn_conflict_prob_le_0.01,1,float32,256,FN,0.0048996876,1,,0,,float32,256,False,True,True,False,False,332,3369,8,1,,B_corrected_severe_conflict,283,4a952b2e3cee8100fe5bcc6460cacf3a276fa7d2d4db96503ba3da93c04524b2,E:\Project\python\Axon_v2.6Exp\data\待拉黑\2026-03\2026-03-01\4a952b2e3cee8100fe5bcc6460cacf3a276fa7d2d4db96503ba3da93c04524b2.exe,4a952b2e3cee8100fe5bcc6460cacf3a276fa7d2d4db96503ba3da93c04524b2,float32,49,True
90986,test,,uint8,8192,1,True,4b44eeb3308577f358723c61beb874800bb6350769d1873cfbc986f83e8e0415,severe_fn_conflict_prob_le_0.01,1,float32,256,FN,0.0058366288,1,,0,,float32,256,True,True,True,True,False,332,21144,5,1,,B_corrected_severe_conflict,284,4b44eeb3308577f358723c61beb874800bb6350769d1873cfbc986f83e8e0415,E:\Project\python\Axon_v2.6Exp\data\待拉黑\2026-03\2026-03-01\4b44eeb3308577f358723c61beb874800bb6350769d1873cfbc986f83e8e0415.exe,4b44eeb3308577f358723c61beb874800bb6350769d1873cfbc986f83e8e0415,float32,49,True
100306,test,,uint8,8192,1,True,1e898c0824ad72b8459c0c864cac9d5143fc16fd01c2329f18aec0f31f660b5e,severe_fn_conflict_prob_le_0.01,1,float32,256,FN,0.0073717115,1,,0,,float32,256,True,True,True,True,True,332,13448,5,1,,B_corrected_severe_conflict,285,1e898c0824ad72b8459c0c864cac9d5143fc16fd01c2329f18aec0f31f660b5e,E:\Project\python\Axon_v2.6Exp\data\待拉黑\2026-03\2026-03-01\1e898c0824ad72b8459c0c864cac9d5143fc16fd01c2329f18aec0f31f660b5e.dll,1e898c0824ad72b8459c0c864cac9d5143fc16fd01c2329f18aec0f31f660b5e,float32,49,True
83634,test,,uint8,8192,1,True,98005f1311cb9e67fde35c40b00e63a795682eff5d691c4af4e32b9fd9141e00,severe_fn_conflict_prob_le_0.01,1,float32,256,FN,0.0037858086,1,,0,,float32,256,False,True,True,True,True,332,6344,3,1,,B_corrected_severe_conflict,286,98005f1311cb9e67fde35c40b00e63a795682eff5d691c4af4e32b9fd9141e00,E:\Project\python\Axon_v2.6Exp\data\待拉黑\2020-11\2020-11-17\98005f1311cb9e67fde35c40b00e63a795682eff5d691c4af4e32b9fd9141e00.dll,98005f1311cb9e67fde35c40b00e63a795682eff5d691c4af4e32b9fd9141e00,float32,49,True
141768,test,,uint8,8192,1,True,3b9a5bbbb6ded0a351995bf3d483390819f2f59db6ce931681561798ffe94ef2,severe_fn_conflict_prob_le_0.01,1,float32,256,FN,0.0064939638,1,,0,,float32,256,True,True,True,True,True,332,13544,6,1,,B_corrected_severe_conflict,287,3b9a5bbbb6ded0a351995bf3d483390819f2f59db6ce931681561798ffe94ef2,E:\Project\python\Axon_v2.6Exp\data\待拉黑\2020-11\2020-11-07\3b9a5bbbb6ded0a351995bf3d483390819f2f59db6ce931681561798ffe94ef2.dll,3b9a5bbbb6ded0a351995bf3d483390819f2f59db6ce931681561798ffe94ef2,float32,49,True
183466,test,,uint8,8192,1,True,f21d76d2c0e6f37c5b54d58477fbd6eb987fc5052812166b82dd4eab30da42bb,severe_fn_conflict_prob_le_0.01,1,float32,256,FN,0.0075536198,1,,0,,float32,256,True,True,True,True,True,332,13552,6,1,,B_corrected_severe_conflict,288,f21d76d2c0e6f37c5b54d58477fbd6eb987fc5052812166b82dd4eab30da42bb,E:\Project\python\Axon_v2.6Exp\data\待拉黑\2020-11\2020-11-07\f21d76d2c0e6f37c5b54d58477fbd6eb987fc5052812166b82dd4eab30da42bb.dll,f21d76d2c0e6f37c5b54d58477fbd6eb987fc5052812166b82dd4eab30da42bb,float32,49,True
132909,test,,uint8,8192,1,True,d88b8df871eeb96edaeedd66747d81b0b52d7d013c4ca5ea7a3575f089e4623e,severe_fn_conflict_prob_le_0.01,1,float32,256,FN,0.0027950832,1,,0,,float32,256,True,True,True,True,True,332,17576,6,1,,B_corrected_severe_conflict,289,d88b8df871eeb96edaeedd66747d81b0b52d7d013c4ca5ea7a3575f089e4623e,E:\Project\python\Axon_v2.6Exp\data\待拉黑\2025-03\2025-03-21\d88b8df871eeb96edaeedd66747d81b0b52d7d013c4ca5ea7a3575f089e4623e.dll,d88b8df871eeb96edaeedd66747d81b0b52d7d013c4ca5ea7a3575f089e4623e,float32,49,True
61077,test,,uint8,8192,1,True,45b77339724af13140d0e19c883df04f5e6c4f1aa863af51b8bf8c52ee8b57a7,severe_fn_conflict_prob_le_0.01,1,float32,256,FN,0.009256931,1,,0,,float32,256,True,True,True,True,True,332,11536,7,1,,B_corrected_severe_conflict,290,45b77339724af13140d0e19c883df04f5e6c4f1aa863af51b8bf8c52ee8b57a7,E:\Project\python\Axon_v2.6Exp\data\待拉黑\2025-03\2025-03-21\45b77339724af13140d0e19c883df04f5e6c4f1aa863af51b8bf8c52ee8b57a7.dll,45b77339724af13140d0e19c883df04f5e6c4f1aa863af51b8bf8c52ee8b57a7,float32,49,True
107934,test,,uint8,8192,1,True,72b214770043bce3c69b35803f8c83bb04cd88561af4571ce5c13b68ce9f38f6,severe_fn_conflict_prob_le_0.01,1,float32,256,FN,0.0064556953,1,,0,,float32,256,True,True,True,True,True,332,9136,5,1,,B_corrected_severe_conflict,291,72b214770043bce3c69b35803f8c83bb04cd88561af4571ce5c13b68ce9f38f6,E:\Project\python\Axon_v2.6Exp\data\待拉黑\2025-03\2025-03-24\72b214770043bce3c69b35803f8c83bb04cd88561af4571ce5c13b68ce9f38f6.dll,72b214770043bce3c69b35803f8c83bb04cd88561af4571ce5c13b68ce9f38f6,float32,49,True
83037,test,,uint8,8192,1,True,efe22784f2f3d290abf1d3370cf1e47293657c496b1d8e38043d32d57009697f,severe_fn_conflict_prob_le_0.01,1,float32,256,FN,0.0002103271,1,,0,,float32,256,True,True,True,True,True,332,10312,5,1,,B_corrected_severe_conflict,292,efe22784f2f3d290abf1d3370cf1e47293657c496b1d8e38043d32d57009697f,E:\Project\python\Axon_v2.6Exp\data\待拉黑\2026-02\2026-02-03\efe22784f2f3d290abf1d3370cf1e47293657c496b1d8e38043d32d57009697f.dll,efe22784f2f3d290abf1d3370cf1e47293657c496b1d8e38043d32d57009697f,float32,49,True
118941,test,,uint8,8192,1,True,70446722fe0a6c57049818ffdd677342bf3e2df3135c2d62c5f87a165ab4e8bc,severe_fn_conflict_prob_le_0.01,1,float32,256,FN,0.0022730136,1,,0,,float32,256,False,True,True,False,True,332,0,3,1,,B_corrected_severe_conflict,293,70446722fe0a6c57049818ffdd677342bf3e2df3135c2d62c5f87a165ab4e8bc,E:\Project\python\Axon_v2.6Exp\data\待拉黑\2026-02\2026-02-09\70446722fe0a6c57049818ffdd677342bf3e2df3135c2d62c5f87a165ab4e8bc.dll,70446722fe0a6c57049818ffdd677342bf3e2df3135c2d62c5f87a165ab4e8bc,float32,49,True
74286,test,,uint8,8192,1,True,511acd21f0b7ad5bf8297ad113bc5feb0a252940009e7f0588fe001a00520702,severe_fn_conflict_prob_le_0.01,1,float32,256,FN,0.0092383809,1,,0,,float32,256,False,False,False,True,True,332,281686,6,1,,B_corrected_severe_conflict,294,511acd21f0b7ad5bf8297ad113bc5feb0a252940009e7f0588fe001a00520702,E:\Project\python\Axon_v2.6Exp\data\待拉黑\2021-10\2021-10-19\511acd21f0b7ad5bf8297ad113bc5feb0a252940009e7f0588fe001a00520702.dll,511acd21f0b7ad5bf8297ad113bc5feb0a252940009e7f0588fe001a00520702,float32,49,True
95711,test,,uint8,8192,1,True,f8d5e36ae7af535acd72982e1b5f745adb2b39b83d522709c4c18630bdc87d1c,severe_fn_conflict_prob_le_0.01,1,float32,256,FN,0.0026928561,1,,0,,float32,256,True,True,True,True,True,332,26176,6,1,,B_corrected_severe_conflict,295,f8d5e36ae7af535acd72982e1b5f745adb2b39b83d522709c4c18630bdc87d1c,E:\Project\python\Axon_v2.6Exp\data\待拉黑\2026-01\2026-01-09\f8d5e36ae7af535acd72982e1b5f745adb2b39b83d522709c4c18630bdc87d1c.dll,f8d5e36ae7af535acd72982e1b5f745adb2b39b83d522709c4c18630bdc87d1c,float32,49,True
129443,test,,uint8,8192,1,True,ecb47aceb80a05178d89bc01ba1923c52d4b6e67d37f2a13fc7be299cd05aa2a,severe_fn_conflict_prob_le_0.01,1,float32,256,FN,0.00030901,1,,0,,float32,256,True,True,True,True,True,332,10600,5,1,,B_corrected_severe_conflict,296,ecb47aceb80a05178d89bc01ba1923c52d4b6e67d37f2a13fc7be299cd05aa2a,E:\Project\python\Axon_v2.6Exp\data\待拉黑\2026-02\2026-02-04\ecb47aceb80a05178d89bc01ba1923c52d4b6e67d37f2a13fc7be299cd05aa2a.dll,ecb47aceb80a05178d89bc01ba1923c52d4b6e67d37f2a13fc7be299cd05aa2a,float32,49,True
127990,test,,uint8,8192,1,True,f38224bca1df533c4669b3c0e696374e85aceb5a64fec140987006f1aaef9566,severe_fn_conflict_prob_le_0.01,1,float32,256,FN,0.002079447,1,,0,,float32,256,True,True,True,True,True,332,14168,6,1,,B_corrected_severe_conflict,297,f38224bca1df533c4669b3c0e696374e85aceb5a64fec140987006f1aaef9566,E:\Project\python\Axon_v2.6Exp\data\待拉黑\2026-02\2026-02-07\f38224bca1df533c4669b3c0e696374e85aceb5a64fec140987006f1aaef9566.dll,f38224bca1df533c4669b3c0e696374e85aceb5a64fec140987006f1aaef9566,float32,49,True
51530,test,,uint8,8192,1,True,89295ba81f3008c6ab03fdd77dc4a75a0920f708fb4e09c156c077b4dfedd0ec,severe_fn_conflict_prob_le_0.01,1,float32,256,FN,0.005100118,1,,0,,float32,256,True,True,True,True,False,332,10472,7,1,,B_corrected_severe_conflict,298,89295ba81f3008c6ab03fdd77dc4a75a0920f708fb4e09c156c077b4dfedd0ec,E:\Project\python\Axon_v2.6Exp\data\待拉黑\2026-03\2026-03-02\89295ba81f3008c6ab03fdd77dc4a75a0920f708fb4e09c156c077b4dfedd0ec.exe,89295ba81f3008c6ab03fdd77dc4a75a0920f708fb4e09c156c077b4dfedd0ec,float32,49,True
119196,test,,uint8,8192,0,True,f50c8438470d2a1c817b2daa5a6e711f1748c08fe5982734245e9e84b2d9eef6,high_fp_conflict_prob_ge_0.95,0,float32,256,FP,0.9899652004,1,,0,,float32,256,False,True,True,False,False,332,0,4,1,,C_unfixed_high_conflict,299,f50c8438470d2a1c817b2daa5a6e711f1748c08fe5982734245e9e84b2d9eef6,E:\Project\python\Axon_v2.6Exp\data\待加入白名单\f50c8438470d2a1c817b2daa5a6e711f1748c08fe5982734245e9e84b2d9eef6.exe,f50c8438470d2a1c817b2daa5a6e711f1748c08fe5982734245e9e84b2d9eef6,float32,49,True
168105,test,,uint8,8192,0,True,088b885dba0be9dbba7f27864a2e442240beceb4792624fb17132a97e70a96c5,high_fp_conflict_prob_ge_0.95,0,float32,256,FP,0.9897812605,1,,0,,float32,256,False,True,True,False,False,332,0,4,1,,C_unfixed_high_conflict,300,088b885dba0be9dbba7f27864a2e442240beceb4792624fb17132a97e70a96c5,E:\Project\python\Axon_v2.6Exp\data\待加入白名单\088b885dba0be9dbba7f27864a2e442240beceb4792624fb17132a97e70a96c5.exe,088b885dba0be9dbba7f27864a2e442240beceb4792624fb17132a97e70a96c5,float32,49,True
134417,test,,uint8,8192,0,True,5c30a3ca18a0149578147cce01ae00d708b57e511cacbed30b1d55225581c169,high_fp_conflict_prob_ge_0.95,0,float32,256,FP,0.9897386432,1,,0,,float32,256,False,True,True,False,False,332,0,4,1,,C_unfixed_high_conflict,301,5c30a3ca18a0149578147cce01ae00d708b57e511cacbed30b1d55225581c169,E:\Project\python\Axon_v2.6Exp\data\待加入白名单\5C30A3CA18A0149578147CCE01AE00D708B57E511CACBED30B1D55225581C169,5c30a3ca18a0149578147cce01ae00d708b57e511cacbed30b1d55225581c169,float32,49,True
172507,test,,uint8,8192,0,True,a3b5fe47197f99b6f449971616bfd29e6e11dd17d721fddb02ddb234bb3e5e21,high_fp_conflict_prob_ge_0.95,0,float32,256,FP,0.9896464348,1,,0,,float32,256,False,True,True,False,False,332,0,5,1,,C_unfixed_high_conflict,302,a3b5fe47197f99b6f449971616bfd29e6e11dd17d721fddb02ddb234bb3e5e21,E:\Project\python\Axon_v2.6Exp\data\待加入白名单\A3B5FE47197F99B6F449971616BFD29E6E11DD17D721FDDB02DDB234BB3E5E21,a3b5fe47197f99b6f449971616bfd29e6e11dd17d721fddb02ddb234bb3e5e21,float32,49,True
108778,test,,uint8,8192,0,True,c3a92ddc0a53c89e1f77c8cf9e779fbb1d33f26db9b51fe8314b56b37bb581ca,high_fp_conflict_prob_ge_0.95,0,float32,256,FP,0.9896370769,1,,0,,float32,256,False,True,True,True,False,332,22563720,10,1,,C_unfixed_high_conflict,303,c3a92ddc0a53c89e1f77c8cf9e779fbb1d33f26db9b51fe8314b56b37bb581ca,E:\Project\python\Axon_v2.6Exp\data\待加入白名单\c3a92ddc0a53c89e1f77c8cf9e779fbb1d33f26db9b51fe8314b56b37bb581ca,c3a92ddc0a53c89e1f77c8cf9e779fbb1d33f26db9b51fe8314b56b37bb581ca,float32,49,True
143083,test,,uint8,8192,0,True,dd3d0d851e26d138648a6e10a4c2b1df26b4a60d06515e80bbc9f103cf4b35e8,high_fp_conflict_prob_ge_0.95,0,float32,256,FP,0.9896152616,1,,0,,float32,256,True,True,False,False,True,332,0,3,1,,C_unfixed_high_conflict,304,dd3d0d851e26d138648a6e10a4c2b1df26b4a60d06515e80bbc9f103cf4b35e8,E:\Project\python\Axon_v2.6Exp\data\待加入白名单\DD3D0D851E26D138648A6E10A4C2B1DF26B4A60D06515E80BBC9F103CF4B35E8,dd3d0d851e26d138648a6e10a4c2b1df26b4a60d06515e80bbc9f103cf4b35e8,float32,49,True
150134,test,,uint8,8192,0,True,46b39ee6b303d9362ae7750328afc767bf6189d3916ec129cee487c601395f31,high_fp_conflict_prob_ge_0.95,0,float32,256,FP,0.9895077348,1,,0,,float32,256,False,True,True,False,False,332,0,5,1,,C_unfixed_high_conflict,305,46b39ee6b303d9362ae7750328afc767bf6189d3916ec129cee487c601395f31,E:\Project\python\Axon_v2.6Exp\data\待加入白名单\46B39EE6B303D9362AE7750328AFC767BF6189D3916EC129CEE487C601395F31,46b39ee6b303d9362ae7750328afc767bf6189d3916ec129cee487c601395f31,float32,49,True
181172,test,,uint8,8192,0,True,c4ebde7a6752cdc0062f241c7014fd02f44383628e35b078c4a3087a35eaef08,high_fp_conflict_prob_ge_0.95,0,float32,256,FP,0.9894945621,1,,0,,float32,256,False,True,True,False,False,332,0,5,1,,C_unfixed_high_conflict,306,c4ebde7a6752cdc0062f241c7014fd02f44383628e35b078c4a3087a35eaef08,E:\Project\python\Axon_v2.6Exp\data\待加入白名单\c4ebde7a6752cdc0062f241c7014fd02f44383628e35b078c4a3087a35eaef08,c4ebde7a6752cdc0062f241c7014fd02f44383628e35b078c4a3087a35eaef08,float32,49,True
80950,test,,uint8,8192,0,True,89fcfe2bdb7257faa9b4d2adf103375a2a3263c534b093c842094eb9e297e6c7,high_fp_conflict_prob_ge_0.95,0,float32,256,FP,0.9893268943,1,,0,,float32,256,True,True,True,True,False,332,31456,10,1,,C_unfixed_high_conflict,307,89fcfe2bdb7257faa9b4d2adf103375a2a3263c534b093c842094eb9e297e6c7,E:\Project\python\Axon_v2.6Exp\data\待加入白名单\89FCFE2BDB7257FAA9B4D2ADF103375A2A3263C534B093C842094EB9E297E6C7,89fcfe2bdb7257faa9b4d2adf103375a2a3263c534b093c842094eb9e297e6c7,float32,49,True
171531,test,,uint8,8192,0,True,b571a12a4a6b72b29aac623d7f8588a2becd88a400edc4d0fe02efa4b41f256e,high_fp_conflict_prob_ge_0.95,0,float32,256,FP,0.9889609218,1,,0,,float32,256,False,True,True,True,False,332,24944,9,1,,C_unfixed_high_conflict,308,b571a12a4a6b72b29aac623d7f8588a2becd88a400edc4d0fe02efa4b41f256e,E:\Project\python\Axon_v2.6Exp\data\待加入白名单\b571a12a4a6b72b29aac623d7f8588a2becd88a400edc4d0fe02efa4b41f256e,b571a12a4a6b72b29aac623d7f8588a2becd88a400edc4d0fe02efa4b41f256e,float32,49,True
60864,test,,uint8,8192,0,True,adc0601eb2cd4e1af2d6c5ee97c2f0ef30be497ec98ad9b964d07a8d618f8483,high_fp_conflict_prob_ge_0.95,0,float32,256,FP,0.988950491,1,,0,,float32,256,False,True,True,True,False,34404,10344,16,1,,C_unfixed_high_conflict,309,adc0601eb2cd4e1af2d6c5ee97c2f0ef30be497ec98ad9b964d07a8d618f8483,E:\Project\python\Axon_v2.6Exp\data\待加入白名单\adc0601eb2cd4e1af2d6c5ee97c2f0ef30be497ec98ad9b964d07a8d618f8483,adc0601eb2cd4e1af2d6c5ee97c2f0ef30be497ec98ad9b964d07a8d618f8483,float32,49,True
55265,test,,uint8,8192,0,True,844d582257139202d9045ca1c1b8d3defc985646a040fadf6e51d9270dc1b35a,high_fp_conflict_prob_ge_0.95,0,float32,256,FP,0.9888268709,1,,0,,float32,256,True,True,True,True,False,332,23128,9,1,,C_unfixed_high_conflict,310,844d582257139202d9045ca1c1b8d3defc985646a040fadf6e51d9270dc1b35a,E:\Project\python\Axon_v2.6Exp\data\待加入白名单\844D582257139202D9045CA1C1B8D3DEFC985646A040FADF6E51D9270DC1B35A,844d582257139202d9045ca1c1b8d3defc985646a040fadf6e51d9270dc1b35a,float32,49,True
91878,test,,uint8,8192,0,True,d43f7c85121d6bd402731c689ae7f7c3ec1319488292c3467d466bdd515c3f37,high_fp_conflict_prob_ge_0.95,0,float32,256,FP,0.9888160825,1,,0,,float32,256,False,True,True,False,False,332,0,4,1,,C_unfixed_high_conflict,311,d43f7c85121d6bd402731c689ae7f7c3ec1319488292c3467d466bdd515c3f37,E:\Project\python\Axon_v2.6Exp\data\待加入白名单\d43f7c85121d6bd402731c689ae7f7c3ec1319488292c3467d466bdd515c3f37,d43f7c85121d6bd402731c689ae7f7c3ec1319488292c3467d466bdd515c3f37,float32,49,True
187597,test,,uint8,8192,0,True,cd34c5fe6436184939926032822fa112068ce77614c026e4089fd6d46a7a9f0b,high_fp_conflict_prob_ge_0.95,0,float32,256,FP,0.9886088371,1,,0,,float32,256,False,True,True,False,False,332,0,3,1,,C_unfixed_high_conflict,312,cd34c5fe6436184939926032822fa112068ce77614c026e4089fd6d46a7a9f0b,E:\Project\python\Axon_v2.6Exp\data\待加入白名单\cd34c5fe6436184939926032822fa112068ce77614c026e4089fd6d46a7a9f0b.exe,cd34c5fe6436184939926032822fa112068ce77614c026e4089fd6d46a7a9f0b,float32,49,True
174000,test,,uint8,8192,0,True,e4b65ee1e7e02db3cb177d436f25eb4609edb85d47769953b626df7818abd8fa,high_fp_conflict_prob_ge_0.95,0,float32,256,FP,0.988583982,1,,0,,float32,256,False,True,True,False,False,332,26009,5,1,,C_unfixed_high_conflict,313,e4b65ee1e7e02db3cb177d436f25eb4609edb85d47769953b626df7818abd8fa,E:\Project\python\Axon_v2.6Exp\data\待加入白名单\E4B65EE1E7E02DB3CB177D436F25EB4609EDB85D47769953B626DF7818ABD8FA,e4b65ee1e7e02db3cb177d436f25eb4609edb85d47769953b626df7818abd8fa,float32,49,True
93731,test,,uint8,8192,0,True,4864caac064056909e9b6301b901230e2bf9ec79d022656f2a9ae30431a88296,high_fp_conflict_prob_ge_0.95,0,float32,256,FP,0.9881076217,1,,0,,float32,256,False,True,True,False,False,332,0,5,1,,C_unfixed_high_conflict,314,4864caac064056909e9b6301b901230e2bf9ec79d022656f2a9ae30431a88296,E:\Project\python\Axon_v2.6Exp\data\待加入白名单\4864CAAC064056909E9B6301B901230E2BF9EC79D022656F2A9AE30431A88296,4864caac064056909e9b6301b901230e2bf9ec79d022656f2a9ae30431a88296,float32,49,True
118550,test,,uint8,8192,0,True,90e3bbc285de802eeb3a14e36e08dfd339932f91f116ec072de96c488ec07d09,high_fp_conflict_prob_ge_0.95,0,float32,256,FP,0.9880999327,1,,0,,float32,256,False,True,True,False,False,332,0,6,1,,C_unfixed_high_conflict,315,90e3bbc285de802eeb3a14e36e08dfd339932f91f116ec072de96c488ec07d09,E:\Project\python\Axon_v2.6Exp\data\待加入白名单\90e3bbc285de802eeb3a14e36e08dfd339932f91f116ec072de96c488ec07d09.exe,90e3bbc285de802eeb3a14e36e08dfd339932f91f116ec072de96c488ec07d09,float32,49,True
164775,test,,uint8,8192,0,True,1a5df8715a360f4e2d5f92a5381ba9752f553c65d4d4ee9039bcef0c353e51f6,high_fp_conflict_prob_ge_0.95,0,float32,256,FP,0.9880773425,1,,0,,float32,256,True,True,True,True,False,332,13056,11,1,,C_unfixed_high_conflict,316,1a5df8715a360f4e2d5f92a5381ba9752f553c65d4d4ee9039bcef0c353e51f6,E:\Project\python\Axon_v2.6Exp\data\待加入白名单\1a5df8715a360f4e2d5f92a5381ba9752f553c65d4d4ee9039bcef0c353e51f6,1a5df8715a360f4e2d5f92a5381ba9752f553c65d4d4ee9039bcef0c353e51f6,float32,49,True
86386,test,,uint8,8192,0,True,97fe857f45fc78fe915e9899b5ea0ab212509439b46bb8b6d140c5136f2f1c2e,high_fp_conflict_prob_ge_0.95,0,float32,256,FP,0.9880740047,1,,0,,float32,256,False,True,False,True,False,332,5792,3,1,,C_unfixed_high_conflict,317,97fe857f45fc78fe915e9899b5ea0ab212509439b46bb8b6d140c5136f2f1c2e,E:\Project\python\Axon_v2.6Exp\data\待加入白名单\97FE857F45FC78FE915E9899B5EA0AB212509439B46BB8B6D140C5136F2F1C2E,97fe857f45fc78fe915e9899b5ea0ab212509439b46bb8b6d140c5136f2f1c2e,float32,49,True
119748,test,,uint8,8192,0,True,6fbb4c02e74ecfe94c2c62b9dd687344d4d6d86561abb73418cba973e536008b,high_fp_conflict_prob_ge_0.95,0,float32,256,FP,0.9880301356,1,,0,,float32,256,False,True,True,True,False,332,8544,5,1,,C_unfixed_high_conflict,318,6fbb4c02e74ecfe94c2c62b9dd687344d4d6d86561abb73418cba973e536008b,E:\Project\python\Axon_v2.6Exp\data\待加入白名单\6FBB4C02E74ECFE94C2C62B9DD687344D4D6D86561ABB73418CBA973E536008B,6fbb4c02e74ecfe94c2c62b9dd687344d4d6d86561abb73418cba973e536008b,float32,49,True
51247,test,,uint8,8192,0,True,c34e57f55c88fe2d7c5036e82b24c985a55919e116f02adccdd07e4c480f5bf0,high_fp_conflict_prob_ge_0.95,0,float32,256,FP,0.9877278805,1,,0,,float32,256,True,True,True,False,False,332,0,8,1,,C_unfixed_high_conflict,319,c34e57f55c88fe2d7c5036e82b24c985a55919e116f02adccdd07e4c480f5bf0,E:\Project\python\Axon_v2.6Exp\data\待加入白名单\c34e57f55c88fe2d7c5036e82b24c985a55919e116f02adccdd07e4c480f5bf0,c34e57f55c88fe2d7c5036e82b24c985a55919e116f02adccdd07e4c480f5bf0,float32,49,True
88530,test,,uint8,8192,0,True,c0402bf0168db3fd551c7609860ace06566738cdf7cc9af48fe77f17bfba032e,high_fp_conflict_prob_ge_0.95,0,float32,256,FP,0.9876761436,1,,0,,float32,256,False,True,True,True,False,332,24944,9,1,,C_unfixed_high_conflict,320,c0402bf0168db3fd551c7609860ace06566738cdf7cc9af48fe77f17bfba032e,E:\Project\python\Axon_v2.6Exp\data\待加入白名单\c0402bf0168db3fd551c7609860ace06566738cdf7cc9af48fe77f17bfba032e,c0402bf0168db3fd551c7609860ace06566738cdf7cc9af48fe77f17bfba032e,float32,49,True
139063,test,,uint8,8192,0,True,9b1fbf0c11c520ae714af8aa9af12cfd48503eedecd7398d8992ee94d1b4dc37,high_fp_conflict_prob_ge_0.95,0,float32,256,FP,0.9873271585,1,,0,,float32,256,False,True,True,False,False,332,0,6,1,,C_unfixed_high_conflict,321,9b1fbf0c11c520ae714af8aa9af12cfd48503eedecd7398d8992ee94d1b4dc37,E:\Project\python\Axon_v2.6Exp\data\待加入白名单\9b1fbf0c11c520ae714af8aa9af12cfd48503eedecd7398d8992ee94d1b4dc37,9b1fbf0c11c520ae714af8aa9af12cfd48503eedecd7398d8992ee94d1b4dc37,float32,49,True
66081,test,,uint8,8192,0,True,d9220fdfaf355c81f26e7b03c5dc628ec72ff81c99dc38ed98b1ad4bdbbb309c,high_fp_conflict_prob_ge_0.95,0,float32,256,FP,0.9871881604,1,,0,,float32,256,False,True,True,False,False,332,0,4,1,,C_unfixed_high_conflict,322,d9220fdfaf355c81f26e7b03c5dc628ec72ff81c99dc38ed98b1ad4bdbbb309c,E:\Project\python\Axon_v2.6Exp\data\待加入白名单\D9220FDFAF355C81F26E7B03C5DC628EC72FF81C99DC38ED98B1AD4BDBBB309C,d9220fdfaf355c81f26e7b03c5dc628ec72ff81c99dc38ed98b1ad4bdbbb309c,float32,49,True
77340,test,,uint8,8192,0,True,c76b75579711ef01ffd13177b0e5bf61ce70a201aa9d809bf57f0b173238128d,high_fp_conflict_prob_ge_0.95,0,float32,256,FP,0.9871692657,1,,0,,float32,256,False,True,True,False,False,332,11632,11,1,,C_unfixed_high_conflict,323,c76b75579711ef01ffd13177b0e5bf61ce70a201aa9d809bf57f0b173238128d,E:\Project\python\Axon_v2.6Exp\data\待加入白名单\c76b75579711ef01ffd13177b0e5bf61ce70a201aa9d809bf57f0b173238128d.exe,c76b75579711ef01ffd13177b0e5bf61ce70a201aa9d809bf57f0b173238128d,float32,49,True
116826,test,,uint8,8192,0,True,954a91cc3d0cb045d8e44a4dac7c349ca330cbd84f57853785f9754bbf4772f4,high_fp_conflict_prob_ge_0.95,0,float32,256,FP,0.9867789149,1,,0,,float32,256,False,True,True,False,False,332,0,3,1,,C_unfixed_high_conflict,324,954a91cc3d0cb045d8e44a4dac7c349ca330cbd84f57853785f9754bbf4772f4,E:\Project\python\Axon_v2.6Exp\data\待加入白名单\954A91CC3D0CB045D8E44A4DAC7C349CA330CBD84F57853785F9754BBF4772F4,954a91cc3d0cb045d8e44a4dac7c349ca330cbd84f57853785f9754bbf4772f4,float32,49,True
138949,test,,uint8,8192,0,True,a7815aa4455c514aa75c2b4c1f059500788ae961a0bad17cf2e84835d0672983,high_fp_conflict_prob_ge_0.95,0,float32,256,FP,0.9866529107,1,,0,,float32,256,False,True,True,False,False,332,0,3,1,,C_unfixed_high_conflict,325,a7815aa4455c514aa75c2b4c1f059500788ae961a0bad17cf2e84835d0672983,E:\Project\python\Axon_v2.6Exp\data\待加入白名单\A7815AA4455C514AA75C2B4C1F059500788AE961A0BAD17CF2E84835D0672983,a7815aa4455c514aa75c2b4c1f059500788ae961a0bad17cf2e84835d0672983,float32,49,True
68464,test,,uint8,8192,0,True,99ab738fad04ca25e3bbbe45daa330191fa3150063e402e3734459e33e6d2649,high_fp_conflict_prob_ge_0.95,0,float32,256,FP,0.9864547253,1,,0,,float32,256,True,True,True,False,True,332,968704,7,1,,C_unfixed_high_conflict,326,99ab738fad04ca25e3bbbe45daa330191fa3150063e402e3734459e33e6d2649,E:\Project\python\Axon_v2.6Exp\data\待加入白名单\99ab738fad04ca25e3bbbe45daa330191fa3150063e402e3734459e33e6d2649,99ab738fad04ca25e3bbbe45daa330191fa3150063e402e3734459e33e6d2649,float32,49,True
175595,test,,uint8,8192,0,True,fb201c47758f21755cf82b9b6b1b47534e5bbe5aaf182411315899e2ba0c6df6,high_fp_conflict_prob_ge_0.95,0,float32,256,FP,0.9864285588,1,,0,,float32,256,True,True,True,False,True,332,0,6,1,,C_unfixed_high_conflict,327,fb201c47758f21755cf82b9b6b1b47534e5bbe5aaf182411315899e2ba0c6df6,E:\Project\python\Axon_v2.6Exp\data\待加入白名单\fb201c47758f21755cf82b9b6b1b47534e5bbe5aaf182411315899e2ba0c6df6,fb201c47758f21755cf82b9b6b1b47534e5bbe5aaf182411315899e2ba0c6df6,float32,49,True
100767,test,,uint8,8192,0,True,f1ab94e6839d854950d1629431816fe764a651c3fd57a21a108d003260406baa,high_fp_conflict_prob_ge_0.95,0,float32,256,FP,0.9864233136,1,,0,,float32,256,False,True,True,False,False,332,0,8,1,,C_unfixed_high_conflict,328,f1ab94e6839d854950d1629431816fe764a651c3fd57a21a108d003260406baa,E:\Project\python\Axon_v2.6Exp\data\待加入白名单\f1ab94e6839d854950d1629431816fe764a651c3fd57a21a108d003260406baa.exe,f1ab94e6839d854950d1629431816fe764a651c3fd57a21a108d003260406baa,float32,49,True
47334,test,,uint8,8192,0,True,d609644ead352b49633c19c7ebeeac8342075763226aaa8f3bff73e7d583ea80,high_fp_conflict_prob_ge_0.95,0,float32,256,FP,0.9861463308,1,,0,,float32,256,False,True,True,False,False,332,0,4,1,,C_unfixed_high_conflict,329,d609644ead352b49633c19c7ebeeac8342075763226aaa8f3bff73e7d583ea80,E:\Project\python\Axon_v2.6Exp\data\待加入白名单\d609644ead352b49633c19c7ebeeac8342075763226aaa8f3bff73e7d583ea80,d609644ead352b49633c19c7ebeeac8342075763226aaa8f3bff73e7d583ea80,float32,49,True
136443,test,,uint8,8192,0,True,a13b8f18bea6a677ce686a784d15529fd5333e7045e89fd77dd1486e7bc22007,high_fp_conflict_prob_ge_0.95,0,float32,256,FP,0.985624373,1,,0,,float32,256,False,True,True,True,False,332,7944,4,1,,C_unfixed_high_conflict,330,a13b8f18bea6a677ce686a784d15529fd5333e7045e89fd77dd1486e7bc22007,E:\Project\python\Axon_v2.6Exp\data\待加入白名单\a13b8f18bea6a677ce686a784d15529fd5333e7045e89fd77dd1486e7bc22007,a13b8f18bea6a677ce686a784d15529fd5333e7045e89fd77dd1486e7bc22007,float32,49,True
160310,test,,uint8,8192,0,True,c3df7e5ac6b49a0e3ca647f9e495c6cbb1f1fac51c45bf6e57aa6e3373058b25,high_fp_conflict_prob_ge_0.95,0,float32,256,FP,0.984957695,1,,0,,float32,256,True,True,True,False,False,332,0,5,1,,C_unfixed_high_conflict,331,c3df7e5ac6b49a0e3ca647f9e495c6cbb1f1fac51c45bf6e57aa6e3373058b25,E:\Project\python\Axon_v2.6Exp\data\待加入白名单\c3df7e5ac6b49a0e3ca647f9e495c6cbb1f1fac51c45bf6e57aa6e3373058b25.exe,c3df7e5ac6b49a0e3ca647f9e495c6cbb1f1fac51c45bf6e57aa6e3373058b25,float32,49,True
70534,test,,uint8,8192,0,True,3fe1adc197292abfc7e4fce6248c7045a9106c96e1f05d5729d6f4e173dbdcb5,high_fp_conflict_prob_ge_0.95,0,float32,256,FP,0.9844287038,1,,0,,float32,256,False,True,True,False,False,34404,0,6,1,,C_unfixed_high_conflict,332,3fe1adc197292abfc7e4fce6248c7045a9106c96e1f05d5729d6f4e173dbdcb5,E:\Project\python\Axon_v2.6Exp\data\待加入白名单\3FE1ADC197292ABFC7E4FCE6248C7045A9106C96E1F05D5729D6F4E173DBDCB5,3fe1adc197292abfc7e4fce6248c7045a9106c96e1f05d5729d6f4e173dbdcb5,float32,49,True
49926,test,,uint8,8192,0,True,da15cfeb1ef17017d9d3c793e453302fc9ce628aded60a8237f4d7749bb6f5b4,high_fp_conflict_prob_ge_0.95,0,float32,256,FP,0.9840012789,1,,0,,float32,256,True,True,True,False,False,332,0,4,1,,C_unfixed_high_conflict,333,da15cfeb1ef17017d9d3c793e453302fc9ce628aded60a8237f4d7749bb6f5b4,E:\Project\python\Axon_v2.6Exp\data\待加入白名单\da15cfeb1ef17017d9d3c793e453302fc9ce628aded60a8237f4d7749bb6f5b4,da15cfeb1ef17017d9d3c793e453302fc9ce628aded60a8237f4d7749bb6f5b4,float32,49,True
72904,test,,uint8,8192,0,True,d249b5db2e06dfe25e8783fe71ff7fbb50caf3a58631af9f2a4520b6f16b1c2d,high_fp_conflict_prob_ge_0.95,0,float32,256,FP,0.9838698506,1,,0,,float32,256,False,True,True,False,False,332,0,9,1,,C_unfixed_high_conflict,334,d249b5db2e06dfe25e8783fe71ff7fbb50caf3a58631af9f2a4520b6f16b1c2d,E:\Project\python\Axon_v2.6Exp\data\待加入白名单\d249b5db2e06dfe25e8783fe71ff7fbb50caf3a58631af9f2a4520b6f16b1c2d,d249b5db2e06dfe25e8783fe71ff7fbb50caf3a58631af9f2a4520b6f16b1c2d,float32,49,True
127845,test,,uint8,8192,0,True,096c8952d8137cc8f478b7235175cb14c01e25fede2dd440e8e70c2eddae5a25,high_fp_conflict_prob_ge_0.95,0,float32,256,FP,0.9838347435,1,,0,,float32,256,False,True,True,True,False,332,8256,5,1,,C_unfixed_high_conflict,335,096c8952d8137cc8f478b7235175cb14c01e25fede2dd440e8e70c2eddae5a25,E:\Project\python\Axon_v2.6Exp\data\待加入白名单\096C8952D8137CC8F478B7235175CB14C01E25FEDE2DD440E8E70C2EDDAE5A25,096c8952d8137cc8f478b7235175cb14c01e25fede2dd440e8e70c2eddae5a25,float32,49,True
88096,test,,uint8,8192,0,True,b64348b0ef43a14fe2d1817fc57b6cac2bd9568bc9a4fcef0458bbf071e879e9,high_fp_conflict_prob_ge_0.95,0,float32,256,FP,0.9838255644,1,,0,,float32,256,False,True,True,True,False,332,4320,3,1,,C_unfixed_high_conflict,336,b64348b0ef43a14fe2d1817fc57b6cac2bd9568bc9a4fcef0458bbf071e879e9,E:\Project\python\Axon_v2.6Exp\data\待加入白名单\b64348b0ef43a14fe2d1817fc57b6cac2bd9568bc9a4fcef0458bbf071e879e9,b64348b0ef43a14fe2d1817fc57b6cac2bd9568bc9a4fcef0458bbf071e879e9,float32,49,True
177382,test,,uint8,8192,0,True,f4e41c3525e56687356cf2382a788b6c488c3d3973603b8c9966c3aa38a41110,high_fp_conflict_prob_ge_0.95,0,float32,256,FP,0.983807683,1,,0,,float32,256,False,True,True,False,False,332,0,3,1,,C_unfixed_high_conflict,337,f4e41c3525e56687356cf2382a788b6c488c3d3973603b8c9966c3aa38a41110,E:\Project\python\Axon_v2.6Exp\data\待加入白名单\f4e41c3525e56687356cf2382a788b6c488c3d3973603b8c9966c3aa38a41110.exe,f4e41c3525e56687356cf2382a788b6c488c3d3973603b8c9966c3aa38a41110,float32,49,True
191529,test,,uint8,8192,0,True,4eef64630102128295080957202894ac1342cb5c2f9a65aac834b0a6183f02f5,high_fp_conflict_prob_ge_0.95,0,float32,256,FP,0.9837178588,1,,0,,float32,256,True,True,True,False,False,332,0,10,1,,C_unfixed_high_conflict,338,4eef64630102128295080957202894ac1342cb5c2f9a65aac834b0a6183f02f5,E:\Project\python\Axon_v2.6Exp\data\待加入白名单\4eef64630102128295080957202894ac1342cb5c2f9a65aac834b0a6183f02f5.exe,4eef64630102128295080957202894ac1342cb5c2f9a65aac834b0a6183f02f5,float32,49,True
91997,test,,uint8,8192,0,True,fec38f53311ce9f94e888b17d6ce1a21dce19e908788c1b6c3ddd37dde6f04b6,high_fp_conflict_prob_ge_0.95,0,float32,256,FP,0.9836952686,1,,0,,float32,256,False,True,False,False,False,34404,0,8,1,,C_unfixed_high_conflict,339,fec38f53311ce9f94e888b17d6ce1a21dce19e908788c1b6c3ddd37dde6f04b6,E:\Project\python\Axon_v2.6Exp\data\待加入白名单\fec38f53311ce9f94e888b17d6ce1a21dce19e908788c1b6c3ddd37dde6f04b6,fec38f53311ce9f94e888b17d6ce1a21dce19e908788c1b6c3ddd37dde6f04b6,float32,49,True
185611,test,,uint8,8192,0,True,61628997fc723a273627f4f8efc63ffae1f45181925571f7e8764d8a45cccf6c,high_fp_conflict_prob_ge_0.95,0,float32,256,FP,0.9834989309,1,,0,,float32,256,False,True,True,False,False,332,0,5,1,,C_unfixed_high_conflict,340,61628997fc723a273627f4f8efc63ffae1f45181925571f7e8764d8a45cccf6c,E:\Project\python\Axon_v2.6Exp\data\待加入白名单\61628997fc723a273627f4f8efc63ffae1f45181925571f7e8764d8a45cccf6c,61628997fc723a273627f4f8efc63ffae1f45181925571f7e8764d8a45cccf6c,float32,49,True
145681,test,,uint8,8192,0,True,19ce7dffdc417dc1ec126d9e1390f05f931b15ac5f67e8b528dfe55b6bfc3d38,high_fp_conflict_prob_ge_0.95,0,float32,256,FP,0.9834463,1,,0,,float32,256,False,True,True,True,False,332,7032,4,1,,C_unfixed_high_conflict,341,19ce7dffdc417dc1ec126d9e1390f05f931b15ac5f67e8b528dfe55b6bfc3d38,E:\Project\python\Axon_v2.6Exp\data\待加入白名单\19ce7dffdc417dc1ec126d9e1390f05f931b15ac5f67e8b528dfe55b6bfc3d38.exe,19ce7dffdc417dc1ec126d9e1390f05f931b15ac5f67e8b528dfe55b6bfc3d38,float32,49,True
180763,test,,uint8,8192,0,True,163b5f5f975bb55e631928595d81b3d930c0553c39c44c17743c88d002966a1e,high_fp_conflict_prob_ge_0.95,0,float32,256,FP,0.9832571149,1,,0,,float32,256,False,True,False,False,False,332,0,3,1,,C_unfixed_high_conflict,342,163b5f5f975bb55e631928595d81b3d930c0553c39c44c17743c88d002966a1e,E:\Project\python\Axon_v2.6Exp\data\待加入白名单\163B5F5F975BB55E631928595D81B3D930C0553C39C44C17743C88D002966A1E,163b5f5f975bb55e631928595d81b3d930c0553c39c44c17743c88d002966a1e,float32,49,True
183969,test,,uint8,8192,0,True,f44fd6cd7a8a42b41060b85521be38cf02a6c8ed1ad7405806eb0651a03be618,high_fp_conflict_prob_ge_0.95,0,float32,256,FP,0.9831462502,1,,0,,float32,256,False,True,False,True,False,332,6536,3,1,,C_unfixed_high_conflict,343,f44fd6cd7a8a42b41060b85521be38cf02a6c8ed1ad7405806eb0651a03be618,E:\Project\python\Axon_v2.6Exp\data\待加入白名单\f44fd6cd7a8a42b41060b85521be38cf02a6c8ed1ad7405806eb0651a03be618,f44fd6cd7a8a42b41060b85521be38cf02a6c8ed1ad7405806eb0651a03be618,float32,49,True
71025,test,,uint8,8192,0,True,f23c8aadd748cdf3fa835dad5a69d2423badf4985091d6a35ddfde6b9a27ce09,high_fp_conflict_prob_ge_0.95,0,float32,256,FP,0.9831393361,1,,0,,float32,256,True,True,True,True,False,332,13160,9,1,,C_unfixed_high_conflict,344,f23c8aadd748cdf3fa835dad5a69d2423badf4985091d6a35ddfde6b9a27ce09,E:\Project\python\Axon_v2.6Exp\data\待加入白名单\F23C8AADD748CDF3FA835DAD5A69D2423BADF4985091D6A35DDFDE6B9A27CE09,f23c8aadd748cdf3fa835dad5a69d2423badf4985091d6a35ddfde6b9a27ce09,float32,49,True
185977,test,,uint8,8192,0,True,80c10ee5f21f92f89cbc293a59d2fd4c01c7958aacad15642558db700943fa22,high_fp_conflict_prob_ge_0.95,0,float32,256,FP,0.9831334949,1,,0,,float32,256,False,True,True,False,False,332,0,4,1,,C_unfixed_high_conflict,345,80c10ee5f21f92f89cbc293a59d2fd4c01c7958aacad15642558db700943fa22,E:\Project\python\Axon_v2.6Exp\data\待加入白名单\80c10ee5f21f92f89cbc293a59d2fd4c01c7958aacad15642558db700943fa22.exe,80c10ee5f21f92f89cbc293a59d2fd4c01c7958aacad15642558db700943fa22,float32,49,True
64073,test,,uint8,8192,0,True,a27bef270abb8e0649358d89a004573b45156c7a2bb520fb62cfe1f50300145b,high_fp_conflict_prob_ge_0.95,0,float32,256,FP,0.9830467701,1,,0,,float32,256,False,True,True,False,False,332,0,5,1,,C_unfixed_high_conflict,346,a27bef270abb8e0649358d89a004573b45156c7a2bb520fb62cfe1f50300145b,E:\Project\python\Axon_v2.6Exp\data\待加入白名单\A27BEF270ABB8E0649358D89A004573B45156C7A2BB520FB62CFE1F50300145B,a27bef270abb8e0649358d89a004573b45156c7a2bb520fb62cfe1f50300145b,float32,49,True
199765,test,,uint8,8192,0,True,fdab0de75c233caebde2ea777abf66abac9cc2a30056a8e402ff25dbd6fb652c,high_fp_conflict_prob_ge_0.95,0,float32,256,FP,0.982785821,1,,0,,float32,256,False,True,True,False,False,332,0,3,1,,C_unfixed_high_conflict,347,fdab0de75c233caebde2ea777abf66abac9cc2a30056a8e402ff25dbd6fb652c,E:\Project\python\Axon_v2.6Exp\data\待加入白名单\FDAB0DE75C233CAEBDE2EA777ABF66ABAC9CC2A30056A8E402FF25DBD6FB652C,fdab0de75c233caebde2ea777abf66abac9cc2a30056a8e402ff25dbd6fb652c,float32,49,True
43623,test,,uint8,8192,0,True,f66e7156cbb2413289ca5e4c6bdaf27e8d894d667386e887a7496b629cd0aef4,high_fp_conflict_prob_ge_0.95,0,float32,256,FP,0.9827385545,1,,0,,float32,256,False,True,True,False,False,332,0,5,1,,C_unfixed_high_conflict,348,f66e7156cbb2413289ca5e4c6bdaf27e8d894d667386e887a7496b629cd0aef4,E:\Project\python\Axon_v2.6Exp\data\待加入白名单\f66e7156cbb2413289ca5e4c6bdaf27e8d894d667386e887a7496b629cd0aef4.exe,f66e7156cbb2413289ca5e4c6bdaf27e8d894d667386e887a7496b629cd0aef4,float32,49,True
192502,test,,uint8,8192,0,True,54571e8baf06ed8c190c1e7b7ae1399a89581aa4fce6f8978321e52124eeaa80,high_fp_conflict_prob_ge_0.95,0,float32,256,FP,0.9827090502,1,,0,,float32,256,False,True,True,False,False,332,0,5,1,,C_unfixed_high_conflict,349,54571e8baf06ed8c190c1e7b7ae1399a89581aa4fce6f8978321e52124eeaa80,E:\Project\python\Axon_v2.6Exp\data\待加入白名单\54571e8baf06ed8c190c1e7b7ae1399a89581aa4fce6f8978321e52124eeaa80.exe,54571e8baf06ed8c190c1e7b7ae1399a89581aa4fce6f8978321e52124eeaa80,float32,49,True
108846,test,,uint8,8192,0,True,efb712d66416fc644102563223adbe6baaf12857d7806e6da08651b65cb65ad0,high_fp_conflict_prob_ge_0.95,0,float32,256,FP,0.9824914336,1,,0,,float32,256,True,True,True,False,True,332,0,5,1,,C_unfixed_high_conflict,350,efb712d66416fc644102563223adbe6baaf12857d7806e6da08651b65cb65ad0,E:\Project\python\Axon_v2.6Exp\data\待加入白名单\efb712d66416fc644102563223adbe6baaf12857d7806e6da08651b65cb65ad0,efb712d66416fc644102563223adbe6baaf12857d7806e6da08651b65cb65ad0,float32,49,True
132455,test,,uint8,8192,0,True,2a16d2fadd72bbe75a6972198ca87ed90cc9b765e5e9505e62ac543e2800e13b,high_fp_conflict_prob_ge_0.95,0,float32,256,FP,0.982442081,1,,0,,float32,256,False,True,True,True,False,332,4320,3,1,,C_unfixed_high_conflict,351,2a16d2fadd72bbe75a6972198ca87ed90cc9b765e5e9505e62ac543e2800e13b,E:\Project\python\Axon_v2.6Exp\data\待加入白名单\2A16D2FADD72BBE75A6972198CA87ED90CC9B765E5E9505E62AC543E2800E13B,2a16d2fadd72bbe75a6972198ca87ed90cc9b765e5e9505e62ac543e2800e13b,float32,49,True
138457,test,,uint8,8192,0,True,97fcdd230d7df688e50873b96c6ed602118da8911411d4756f3fec14277159ad,high_fp_conflict_prob_ge_0.95,0,float32,256,FP,0.9816578031,1,,0,,float32,256,False,True,True,True,False,332,19520,7,1,,C_unfixed_high_conflict,352,97fcdd230d7df688e50873b96c6ed602118da8911411d4756f3fec14277159ad,E:\Project\python\Axon_v2.6Exp\data\待加入白名单\97fcdd230d7df688e50873b96c6ed602118da8911411d4756f3fec14277159ad,97fcdd230d7df688e50873b96c6ed602118da8911411d4756f3fec14277159ad,float32,49,True
116855,test,,uint8,8192,0,True,b7f7a1e9f63c29e59bfcb58f239f1dfbbb5cc106d5834f42e4b4309ec452404a,high_fp_conflict_prob_ge_0.95,0,float32,256,FP,0.9815277457,1,,0,,float32,256,False,True,True,False,False,332,0,5,1,,C_unfixed_high_conflict,353,b7f7a1e9f63c29e59bfcb58f239f1dfbbb5cc106d5834f42e4b4309ec452404a,E:\Project\python\Axon_v2.6Exp\data\待加入白名单\b7f7a1e9f63c29e59bfcb58f239f1dfbbb5cc106d5834f42e4b4309ec452404a,b7f7a1e9f63c29e59bfcb58f239f1dfbbb5cc106d5834f42e4b4309ec452404a,float32,49,True
67835,test,,uint8,8192,0,True,1c7b0b7268c66a87bbaad514d83d2a4c842989119e9175ae2ed547c3e1cb2803,high_fp_conflict_prob_ge_0.95,0,float32,256,FP,0.9814229608,1,,0,,float32,256,False,True,True,False,False,332,0,4,1,,C_unfixed_high_conflict,354,1c7b0b7268c66a87bbaad514d83d2a4c842989119e9175ae2ed547c3e1cb2803,E:\Project\python\Axon_v2.6Exp\data\待加入白名单\1C7B0B7268C66A87BBAAD514D83D2A4C842989119E9175AE2ED547C3E1CB2803,1c7b0b7268c66a87bbaad514d83d2a4c842989119e9175ae2ed547c3e1cb2803,float32,49,True
187737,test,,uint8,8192,0,True,9218df28a8aa96de59dc3ed539dbe28d594ebb9239933e9ab69aa67ce7e9d7c9,high_fp_conflict_prob_ge_0.95,0,float32,256,FP,0.9812843204,1,,0,,float32,256,False,True,True,False,False,332,0,5,1,,C_unfixed_high_conflict,355,9218df28a8aa96de59dc3ed539dbe28d594ebb9239933e9ab69aa67ce7e9d7c9,E:\Project\python\Axon_v2.6Exp\data\待加入白名单\9218df28a8aa96de59dc3ed539dbe28d594ebb9239933e9ab69aa67ce7e9d7c9.exe,9218df28a8aa96de59dc3ed539dbe28d594ebb9239933e9ab69aa67ce7e9d7c9,float32,49,True
94321,test,,uint8,8192,0,True,90a592d6f5f13c11649a753e211b510d14844f5eb04060152daa4e9779a05cf9,high_fp_conflict_prob_ge_0.95,0,float32,256,FP,0.9812269211,1,,0,,float32,256,False,True,True,False,False,332,16008,7,1,,C_unfixed_high_conflict,356,90a592d6f5f13c11649a753e211b510d14844f5eb04060152daa4e9779a05cf9,E:\Project\python\Axon_v2.6Exp\data\待加入白名单\90a592d6f5f13c11649a753e211b510d14844f5eb04060152daa4e9779a05cf9.exe,90a592d6f5f13c11649a753e211b510d14844f5eb04060152daa4e9779a05cf9,float32,49,True
93517,test,,uint8,8192,0,True,d62d7726b63938ffaa604781ca6717a6e66c9d9d93112ed34b52e256660b1d5f,high_fp_conflict_prob_ge_0.95,0,float32,256,FP,0.9812192917,1,,0,,float32,256,False,True,True,False,False,332,0,5,1,,C_unfixed_high_conflict,357,d62d7726b63938ffaa604781ca6717a6e66c9d9d93112ed34b52e256660b1d5f,E:\Project\python\Axon_v2.6Exp\data\待加入白名单\d62d7726b63938ffaa604781ca6717a6e66c9d9d93112ed34b52e256660b1d5f,d62d7726b63938ffaa604781ca6717a6e66c9d9d93112ed34b52e256660b1d5f,float32,49,True
188092,test,,uint8,8192,0,True,bab281bd920758ba6f617832dc9de19fab63a6f005c74bcaed1ea9b46d273919,high_fp_conflict_prob_ge_0.95,0,float32,256,FP,0.9809041619,1,,0,,float32,256,False,True,True,True,False,332,0,5,1,,C_unfixed_high_conflict,358,bab281bd920758ba6f617832dc9de19fab63a6f005c74bcaed1ea9b46d273919,E:\Project\python\Axon_v2.6Exp\data\待加入白名单\bab281bd920758ba6f617832dc9de19fab63a6f005c74bcaed1ea9b46d273919.exe,bab281bd920758ba6f617832dc9de19fab63a6f005c74bcaed1ea9b46d273919,float32,49,True
106588,test,,uint8,8192,0,True,4c319d999ee3ee8fc147963b164ea01713ce30b32a60087abd32aa6a938ca22f,high_fp_conflict_prob_ge_0.95,0,float32,256,FP,0.9805076718,1,,0,,float32,256,False,True,True,False,False,34404,0,3,1,,C_unfixed_high_conflict,359,4c319d999ee3ee8fc147963b164ea01713ce30b32a60087abd32aa6a938ca22f,E:\Project\python\Axon_v2.6Exp\data\待加入白名单\4c319d999ee3ee8fc147963b164ea01713ce30b32a60087abd32aa6a938ca22f.exe,4c319d999ee3ee8fc147963b164ea01713ce30b32a60087abd32aa6a938ca22f,float32,49,True
54523,test,,uint8,8192,0,True,fcd4d365dac55d1c354e385ab011cb4c8f93c1120f643ab086fb62ee792e768b,high_fp_conflict_prob_ge_0.95,0,float32,256,FP,0.9804622531,1,,0,,float32,256,False,True,True,False,False,34404,0,6,1,,C_unfixed_high_conflict,360,fcd4d365dac55d1c354e385ab011cb4c8f93c1120f643ab086fb62ee792e768b,E:\Project\python\Axon_v2.6Exp\data\待加入白名单\fcd4d365dac55d1c354e385ab011cb4c8f93c1120f643ab086fb62ee792e768b,fcd4d365dac55d1c354e385ab011cb4c8f93c1120f643ab086fb62ee792e768b,float32,49,True
53752,test,,uint8,8192,0,True,001fc60a5fd4644465a6f87612f493911c5aac7a99fad3b66a22918bceb5314a,high_fp_conflict_prob_ge_0.95,0,float32,256,FP,0.9803743362,1,,0,,float32,256,True,True,True,True,False,332,10104,11,1,,C_unfixed_high_conflict,361,001fc60a5fd4644465a6f87612f493911c5aac7a99fad3b66a22918bceb5314a,E:\Project\python\Axon_v2.6Exp\data\待加入白名单\001FC60A5FD4644465A6F87612F493911C5AAC7A99FAD3B66A22918BCEB5314A,001fc60a5fd4644465a6f87612f493911c5aac7a99fad3b66a22918bceb5314a,float32,49,True
128302,test,,uint8,8192,0,True,9a83c53f7679af0975d3fd9613dfd0297edf4fd895a3ef9ad7c02326a7c8294c,high_fp_conflict_prob_ge_0.95,0,float32,256,FP,0.9803390503,1,,0,,float32,256,False,True,True,True,False,332,43908,5,1,,C_unfixed_high_conflict,362,9a83c53f7679af0975d3fd9613dfd0297edf4fd895a3ef9ad7c02326a7c8294c,E:\Project\python\Axon_v2.6Exp\data\待加入白名单\9a83c53f7679af0975d3fd9613dfd0297edf4fd895a3ef9ad7c02326a7c8294c,9a83c53f7679af0975d3fd9613dfd0297edf4fd895a3ef9ad7c02326a7c8294c,float32,49,True
190985,test,,uint8,8192,0,True,f31375b1cbba860ed4014038bdb8c4c816ff3cf24ed6d1f37ac756a10fd3898c,high_fp_conflict_prob_ge_0.95,0,float32,256,FP,0.9801136851,1,,0,,float32,256,False,True,True,False,False,332,0,3,1,,C_unfixed_high_conflict,363,f31375b1cbba860ed4014038bdb8c4c816ff3cf24ed6d1f37ac756a10fd3898c,E:\Project\python\Axon_v2.6Exp\data\待加入白名单\f31375b1cbba860ed4014038bdb8c4c816ff3cf24ed6d1f37ac756a10fd3898c,f31375b1cbba860ed4014038bdb8c4c816ff3cf24ed6d1f37ac756a10fd3898c,float32,49,True
72788,test,,uint8,8192,0,True,6ebf4d18cdaf06455fee901e46b0e51dc87918327b06061676819d7ee3323948,high_fp_conflict_prob_ge_0.95,0,float32,256,FP,0.9798159599,1,,0,,float32,256,True,True,True,True,False,332,7576,11,1,,C_unfixed_high_conflict,364,6ebf4d18cdaf06455fee901e46b0e51dc87918327b06061676819d7ee3323948,E:\Project\python\Axon_v2.6Exp\data\待加入白名单\6EBF4D18CDAF06455FEE901E46B0E51DC87918327B06061676819D7EE3323948,6ebf4d18cdaf06455fee901e46b0e51dc87918327b06061676819d7ee3323948,float32,49,True
186038,test,,uint8,8192,0,True,0c9e6eb8648f4bf5c585d5344035e91c3249bb9686a302503b4681b7ba828dc0,high_fp_conflict_prob_ge_0.95,0,float32,256,FP,0.9798127413,1,,0,,float32,256,True,True,False,False,True,332,0,4,1,,C_unfixed_high_conflict,365,0c9e6eb8648f4bf5c585d5344035e91c3249bb9686a302503b4681b7ba828dc0,E:\Project\python\Axon_v2.6Exp\data\待加入白名单\0C9E6EB8648F4BF5C585D5344035E91C3249BB9686A302503B4681B7BA828DC0,0c9e6eb8648f4bf5c585d5344035e91c3249bb9686a302503b4681b7ba828dc0,float32,49,True
85215,test,,uint8,8192,0,True,cbc62edf26a8eb366b10b606222b319219d02ce00ebe98977edf3f63d23cbf25,high_fp_conflict_prob_ge_0.95,0,float32,256,FP,0.9797014594,1,,0,,float32,256,False,True,True,False,False,332,0,5,1,,C_unfixed_high_conflict,366,cbc62edf26a8eb366b10b606222b319219d02ce00ebe98977edf3f63d23cbf25,E:\Project\python\Axon_v2.6Exp\data\待加入白名单\cbc62edf26a8eb366b10b606222b319219d02ce00ebe98977edf3f63d23cbf25,cbc62edf26a8eb366b10b606222b319219d02ce00ebe98977edf3f63d23cbf25,float32,49,True
133873,test,,uint8,8192,0,True,c5626df3d6e492e0b509381f1d5154b46718aad716c7df569941d13a491bdb1a,high_fp_conflict_prob_ge_0.95,0,float32,256,FP,0.9795970917,1,,0,,float32,256,False,True,True,False,False,332,0,4,1,,C_unfixed_high_conflict,367,c5626df3d6e492e0b509381f1d5154b46718aad716c7df569941d13a491bdb1a,E:\Project\python\Axon_v2.6Exp\data\待加入白名单\c5626df3d6e492e0b509381f1d5154b46718aad716c7df569941d13a491bdb1a,c5626df3d6e492e0b509381f1d5154b46718aad716c7df569941d13a491bdb1a,float32,49,True
169997,test,,uint8,8192,0,True,18683f3008de2fc76dd4bc751dde3fbc9ed7aca37525497b5558b94b9b997ebb,high_fp_conflict_prob_ge_0.95,0,float32,256,FP,0.9795939922,1,,0,,float32,256,False,True,True,False,False,332,0,5,1,,C_unfixed_high_conflict,368,18683f3008de2fc76dd4bc751dde3fbc9ed7aca37525497b5558b94b9b997ebb,E:\Project\python\Axon_v2.6Exp\data\待加入白名单\18683F3008DE2FC76DD4BC751DDE3FBC9ED7ACA37525497B5558B94B9B997EBB,18683f3008de2fc76dd4bc751dde3fbc9ed7aca37525497b5558b94b9b997ebb,float32,49,True
176889,test,,uint8,8192,0,True,5ed656a39bfae9b51e093cbab6a74243a2796bf258afc9758db86967203490f2,high_fp_conflict_prob_ge_0.95,0,float32,256,FP,0.9795939326,1,,0,,float32,256,False,True,True,False,False,332,0,4,1,,C_unfixed_high_conflict,369,5ed656a39bfae9b51e093cbab6a74243a2796bf258afc9758db86967203490f2,E:\Project\python\Axon_v2.6Exp\data\待加入白名单\5ed656a39bfae9b51e093cbab6a74243a2796bf258afc9758db86967203490f2.exe,5ed656a39bfae9b51e093cbab6a74243a2796bf258afc9758db86967203490f2,float32,49,True
130938,test,,uint8,8192,0,True,3d6a6e5d70229802be2c741eca6eb66af48810ad0760ba084d6ecccb670c4882,high_fp_conflict_prob_ge_0.95,0,float32,256,FP,0.9793450236,1,,0,,float32,256,True,True,False,False,True,332,0,4,1,,C_unfixed_high_conflict,370,3d6a6e5d70229802be2c741eca6eb66af48810ad0760ba084d6ecccb670c4882,E:\Project\python\Axon_v2.6Exp\data\待加入白名单\3D6A6E5D70229802BE2C741ECA6EB66AF48810AD0760BA084D6ECCCB670C4882,3d6a6e5d70229802be2c741eca6eb66af48810ad0760ba084d6ecccb670c4882,float32,49,True
180016,test,,uint8,8192,0,True,8e55f3ed041daf39b531b20f4607111f2175dea1ddcbb0645b07c5fc808ed240,high_fp_conflict_prob_ge_0.95,0,float32,256,FP,0.979069531,1,,0,,float32,256,True,True,False,False,True,332,0,7,1,,C_unfixed_high_conflict,371,8e55f3ed041daf39b531b20f4607111f2175dea1ddcbb0645b07c5fc808ed240,E:\Project\python\Axon_v2.6Exp\data\待加入白名单\8e55f3ed041daf39b531b20f4607111f2175dea1ddcbb0645b07c5fc808ed240,8e55f3ed041daf39b531b20f4607111f2175dea1ddcbb0645b07c5fc808ed240,float32,49,True
176787,test,,uint8,8192,0,True,9d2b51cb77feab4b3bfa1f969ef3c074fa1d26888ce31cc666f9e397f7294cf3,high_fp_conflict_prob_ge_0.95,0,float32,256,FP,0.9787868261,1,,0,,float32,256,False,True,True,True,False,332,19584,9,1,,C_unfixed_high_conflict,372,9d2b51cb77feab4b3bfa1f969ef3c074fa1d26888ce31cc666f9e397f7294cf3,E:\Project\python\Axon_v2.6Exp\data\待加入白名单\9d2b51cb77feab4b3bfa1f969ef3c074fa1d26888ce31cc666f9e397f7294cf3,9d2b51cb77feab4b3bfa1f969ef3c074fa1d26888ce31cc666f9e397f7294cf3,float32,49,True
171793,test,,uint8,8192,0,True,cb201744a0f50e72ee4fda9298785fa16bfc4bf639a9474457e429278ff376bc,high_fp_conflict_prob_ge_0.95,0,float32,256,FP,0.978767693,1,,0,,float32,256,False,True,True,False,False,332,0,5,1,,C_unfixed_high_conflict,373,cb201744a0f50e72ee4fda9298785fa16bfc4bf639a9474457e429278ff376bc,E:\Project\python\Axon_v2.6Exp\data\待加入白名单\CB201744A0F50E72EE4FDA9298785FA16BFC4BF639A9474457E429278FF376BC,cb201744a0f50e72ee4fda9298785fa16bfc4bf639a9474457e429278ff376bc,float32,49,True
147699,test,,uint8,8192,0,True,97006c20c32d9a7f81515c17188bb8f64450facb51f0f8b36a7265a200dee633,high_fp_conflict_prob_ge_0.95,0,float32,256,FP,0.9786171913,1,,0,,float32,256,True,True,True,False,False,332,0,5,1,,C_unfixed_high_conflict,374,97006c20c32d9a7f81515c17188bb8f64450facb51f0f8b36a7265a200dee633,E:\Project\python\Axon_v2.6Exp\data\待加入白名单\97006C20C32D9A7F81515C17188BB8F64450FACB51F0F8B36A7265A200DEE633,97006c20c32d9a7f81515c17188bb8f64450facb51f0f8b36a7265a200dee633,float32,49,True
169461,test,,uint8,8192,0,True,c459f07605e3e727cbaa7829d3118db6a03f035647ec0e6d7aa470ce46497288,high_fp_conflict_prob_ge_0.95,0,float32,256,FP,0.9784876108,1,,0,,float32,256,False,True,True,False,False,34404,0,7,1,,C_unfixed_high_conflict,375,c459f07605e3e727cbaa7829d3118db6a03f035647ec0e6d7aa470ce46497288,E:\Project\python\Axon_v2.6Exp\data\待加入白名单\C459F07605E3E727CBAA7829D3118DB6A03F035647EC0E6D7AA470CE46497288,c459f07605e3e727cbaa7829d3118db6a03f035647ec0e6d7aa470ce46497288,float32,49,True
68155,test,,uint8,8192,0,True,df8e3cc9098d6ad687e3e609cff055dcbb8dba2c497c038b094fa191a8556531,high_fp_conflict_prob_ge_0.95,0,float32,256,FP,0.9783670306,1,,0,,float32,256,False,True,True,True,False,332,24944,9,1,,C_unfixed_high_conflict,376,df8e3cc9098d6ad687e3e609cff055dcbb8dba2c497c038b094fa191a8556531,E:\Project\python\Axon_v2.6Exp\data\待加入白名单\df8e3cc9098d6ad687e3e609cff055dcbb8dba2c497c038b094fa191a8556531,df8e3cc9098d6ad687e3e609cff055dcbb8dba2c497c038b094fa191a8556531,float32,49,True
175379,test,,uint8,8192,0,True,4386a9b0539dc4b216525f8acd28972cac5ddccf2db9623b8cc559b53f575072,high_fp_conflict_prob_ge_0.95,0,float32,256,FP,0.9783282876,1,,0,,float32,256,False,True,True,True,False,332,9256,4,1,,C_unfixed_high_conflict,377,4386a9b0539dc4b216525f8acd28972cac5ddccf2db9623b8cc559b53f575072,E:\Project\python\Axon_v2.6Exp\data\待加入白名单\4386a9b0539dc4b216525f8acd28972cac5ddccf2db9623b8cc559b53f575072.exe,4386a9b0539dc4b216525f8acd28972cac5ddccf2db9623b8cc559b53f575072,float32,49,True
60480,test,,uint8,8192,0,True,c5be33f1f1db4d9147417b001a877d0d4be8562d7922c8057192adb1938ec354,high_fp_conflict_prob_ge_0.95,0,float32,256,FP,0.9778593183,1,,0,,float32,256,False,True,True,False,False,332,0,8,1,,C_unfixed_high_conflict,378,c5be33f1f1db4d9147417b001a877d0d4be8562d7922c8057192adb1938ec354,E:\Project\python\Axon_v2.6Exp\data\待加入白名单\c5be33f1f1db4d9147417b001a877d0d4be8562d7922c8057192adb1938ec354,c5be33f1f1db4d9147417b001a877d0d4be8562d7922c8057192adb1938ec354,float32,49,True
51600,test,,uint8,8192,0,True,8dc5ab35ddc27e1b88750a3953977788134f451d13c8e2720cf467f2cbb4c194,high_fp_conflict_prob_ge_0.95,0,float32,256,FP,0.9778041244,1,,0,,float32,256,False,True,True,False,False,332,0,9,1,,C_unfixed_high_conflict,379,8dc5ab35ddc27e1b88750a3953977788134f451d13c8e2720cf467f2cbb4c194,E:\Project\python\Axon_v2.6Exp\data\待加入白名单\8dc5ab35ddc27e1b88750a3953977788134f451d13c8e2720cf467f2cbb4c194,8dc5ab35ddc27e1b88750a3953977788134f451d13c8e2720cf467f2cbb4c194,float32,49,True
182462,test,,uint8,8192,0,True,ce397d1a47b24efe2b90da9e565386dbb69175d5e170468f498b82e5cd394b60,high_fp_conflict_prob_ge_0.95,0,float32,256,FP,0.9777901173,1,,0,,float32,256,True,True,True,True,False,332,45807520,11,1,,C_unfixed_high_conflict,380,ce397d1a47b24efe2b90da9e565386dbb69175d5e170468f498b82e5cd394b60,E:\Project\python\Axon_v2.6Exp\data\待加入白名单\ce397d1a47b24efe2b90da9e565386dbb69175d5e170468f498b82e5cd394b60,ce397d1a47b24efe2b90da9e565386dbb69175d5e170468f498b82e5cd394b60,float32,49,True
84793,test,,uint8,8192,0,True,ac936707bd3cf27307935c3864e42b072abd6b64ad94338e2bbeb70f1ce5b456,high_fp_conflict_prob_ge_0.95,0,float32,256,FP,0.9777179956,1,,0,,float32,256,True,True,True,False,False,332,0,13,1,,C_unfixed_high_conflict,381,ac936707bd3cf27307935c3864e42b072abd6b64ad94338e2bbeb70f1ce5b456,E:\Project\python\Axon_v2.6Exp\data\待加入白名单\ac936707bd3cf27307935c3864e42b072abd6b64ad94338e2bbeb70f1ce5b456.exe,ac936707bd3cf27307935c3864e42b072abd6b64ad94338e2bbeb70f1ce5b456,float32,49,True
176262,test,,uint8,8192,0,True,e2868bd9776a148aee811808204437997e2c4b6a142b00447cccb4e9775be32e,high_fp_conflict_prob_ge_0.95,0,float32,256,FP,0.9773437977,1,,0,,float32,256,False,True,True,True,False,332,10344,8,1,,C_unfixed_high_conflict,382,e2868bd9776a148aee811808204437997e2c4b6a142b00447cccb4e9775be32e,E:\Project\python\Axon_v2.6Exp\data\待加入白名单\e2868bd9776a148aee811808204437997e2c4b6a142b00447cccb4e9775be32e,e2868bd9776a148aee811808204437997e2c4b6a142b00447cccb4e9775be32e,float32,49,True
149341,test,,uint8,8192,0,True,a628b1115c4ffb4a3230c0508063ccecc7c581023ba94af52d04c1932866d80a,high_fp_conflict_prob_ge_0.95,0,float32,256,FP,0.9770533442,1,,0,,float32,256,True,True,True,False,False,332,0,5,1,,C_unfixed_high_conflict,383,a628b1115c4ffb4a3230c0508063ccecc7c581023ba94af52d04c1932866d80a,E:\Project\python\Axon_v2.6Exp\data\待加入白名单\A628B1115C4FFB4A3230C0508063CCECC7C581023BA94AF52D04C1932866D80A,a628b1115c4ffb4a3230c0508063ccecc7c581023ba94af52d04c1932866d80a,float32,49,True
89467,test,,uint8,8192,0,True,9b8c87a4d24f2c2149a1abeedca9d3d888f44910edd3b43ce62e822f5a566cea,high_fp_conflict_prob_ge_0.95,0,float32,256,FP,0.9768505692,1,,0,,float32,256,True,True,True,False,True,332,0,5,1,,C_unfixed_high_conflict,384,9b8c87a4d24f2c2149a1abeedca9d3d888f44910edd3b43ce62e822f5a566cea,E:\Project\python\Axon_v2.6Exp\data\待加入白名单\9b8c87a4d24f2c2149a1abeedca9d3d888f44910edd3b43ce62e822f5a566cea,9b8c87a4d24f2c2149a1abeedca9d3d888f44910edd3b43ce62e822f5a566cea,float32,49,True
87546,test,,uint8,8192,0,True,dfa9dc10c2e18009cba21d219ff6792b908b5a3c0946bac162265b461c02d6be,high_fp_conflict_prob_ge_0.95,0,float32,256,FP,0.9766559005,1,,0,,float32,256,False,True,True,False,False,332,0,4,1,,C_unfixed_high_conflict,385,dfa9dc10c2e18009cba21d219ff6792b908b5a3c0946bac162265b461c02d6be,E:\Project\python\Axon_v2.6Exp\data\待加入白名单\dfa9dc10c2e18009cba21d219ff6792b908b5a3c0946bac162265b461c02d6be.exe,dfa9dc10c2e18009cba21d219ff6792b908b5a3c0946bac162265b461c02d6be,float32,49,True
84252,test,,uint8,8192,0,True,789705b50437da92a2e7d3838aa51ddb70d8962f758e5735842ca77cdd700806,high_fp_conflict_prob_ge_0.95,0,float32,256,FP,0.9760349393,1,,0,,float32,256,False,True,True,False,False,332,30819,5,1,,C_unfixed_high_conflict,386,789705b50437da92a2e7d3838aa51ddb70d8962f758e5735842ca77cdd700806,E:\Project\python\Axon_v2.6Exp\data\待加入白名单\789705b50437da92a2e7d3838aa51ddb70d8962f758e5735842ca77cdd700806,789705b50437da92a2e7d3838aa51ddb70d8962f758e5735842ca77cdd700806,float32,49,True
51452,test,,uint8,8192,0,True,21a3c06b48b5c982da4286c1d9ed91ce6cec25bb4723629e74daa72fcd8c40e8,high_fp_conflict_prob_ge_0.95,0,float32,256,FP,0.9754499197,1,,0,,float32,256,False,True,True,False,False,332,34562,5,1,,C_unfixed_high_conflict,387,21a3c06b48b5c982da4286c1d9ed91ce6cec25bb4723629e74daa72fcd8c40e8,E:\Project\python\Axon_v2.6Exp\data\待加入白名单\21a3c06b48b5c982da4286c1d9ed91ce6cec25bb4723629e74daa72fcd8c40e8,21a3c06b48b5c982da4286c1d9ed91ce6cec25bb4723629e74daa72fcd8c40e8,float32,49,True
160995,test,,uint8,8192,0,True,2bcea086e2542b820f382164438e09a0121317bccd1bbc3e8a13a5e7ccd5a5bb,high_fp_conflict_prob_ge_0.95,0,float32,256,FP,0.9753772616,1,,0,,float32,256,False,True,False,False,False,34404,0,8,1,,C_unfixed_high_conflict,388,2bcea086e2542b820f382164438e09a0121317bccd1bbc3e8a13a5e7ccd5a5bb,E:\Project\python\Axon_v2.6Exp\data\待加入白名单\2bcea086e2542b820f382164438e09a0121317bccd1bbc3e8a13a5e7ccd5a5bb,2bcea086e2542b820f382164438e09a0121317bccd1bbc3e8a13a5e7ccd5a5bb,float32,49,True
187357,test,,uint8,8192,0,True,dd6c6234ce7dc2f591a793b51ddce0af8daa4937a7ffdedd05e4718f378f65bd,high_fp_conflict_prob_ge_0.95,0,float32,256,FP,0.9751682281,1,,0,,float32,256,False,True,True,False,False,332,0,8,1,,C_unfixed_high_conflict,389,dd6c6234ce7dc2f591a793b51ddce0af8daa4937a7ffdedd05e4718f378f65bd,E:\Project\python\Axon_v2.6Exp\data\待加入白名单\dd6c6234ce7dc2f591a793b51ddce0af8daa4937a7ffdedd05e4718f378f65bd.exe,dd6c6234ce7dc2f591a793b51ddce0af8daa4937a7ffdedd05e4718f378f65bd,float32,49,True
108204,test,,uint8,8192,0,True,708930d0c02272b8ffe90e1e73bcf32f939000562f192c6da527fafb16757dc3,high_fp_conflict_prob_ge_0.95,0,float32,256,FP,0.9751398563,1,,0,,float32,256,False,True,True,False,False,332,14032,8,1,,C_unfixed_high_conflict,390,708930d0c02272b8ffe90e1e73bcf32f939000562f192c6da527fafb16757dc3,E:\Project\python\Axon_v2.6Exp\data\待加入白名单\708930d0c02272b8ffe90e1e73bcf32f939000562f192c6da527fafb16757dc3.exe,708930d0c02272b8ffe90e1e73bcf32f939000562f192c6da527fafb16757dc3,float32,49,True
180409,test,,uint8,8192,0,True,2ffe2574d07b29c10a4d5f5c07b447107a9e6ca6f3343d4e5a8995125d2767be,high_fp_conflict_prob_ge_0.95,0,float32,256,FP,0.9750456214,1,,0,,float32,256,False,True,True,False,False,332,0,7,1,,C_unfixed_high_conflict,391,2ffe2574d07b29c10a4d5f5c07b447107a9e6ca6f3343d4e5a8995125d2767be,E:\Project\python\Axon_v2.6Exp\data\待加入白名单\2ffe2574d07b29c10a4d5f5c07b447107a9e6ca6f3343d4e5a8995125d2767be.exe,2ffe2574d07b29c10a4d5f5c07b447107a9e6ca6f3343d4e5a8995125d2767be,float32,49,True
130881,test,,uint8,8192,0,True,fc501156c62d82dbe7c37ef832f5a2731f99a8a4ba34eb558b95be553452ed00,high_fp_conflict_prob_ge_0.95,0,float32,256,FP,0.9750077128,1,,0,,float32,256,False,True,True,False,False,34404,0,8,1,,C_unfixed_high_conflict,392,fc501156c62d82dbe7c37ef832f5a2731f99a8a4ba34eb558b95be553452ed00,E:\Project\python\Axon_v2.6Exp\data\待加入白名单\FC501156C62D82DBE7C37EF832F5A2731F99A8A4BA34EB558B95BE553452ED00,fc501156c62d82dbe7c37ef832f5a2731f99a8a4ba34eb558b95be553452ed00,float32,49,True
186766,test,,uint8,8192,0,True,f837fad024d742d14448dc12d504649a5d2b85b6493b744aebe61374421d08fb,high_fp_conflict_prob_ge_0.95,0,float32,256,FP,0.9745000601,1,,0,,float32,256,False,True,True,False,False,332,0,5,1,,C_unfixed_high_conflict,393,f837fad024d742d14448dc12d504649a5d2b85b6493b744aebe61374421d08fb,E:\Project\python\Axon_v2.6Exp\data\待加入白名单\f837fad024d742d14448dc12d504649a5d2b85b6493b744aebe61374421d08fb,f837fad024d742d14448dc12d504649a5d2b85b6493b744aebe61374421d08fb,float32,49,True
188774,test,,uint8,8192,0,True,dd02c0d07e3e22db47cb64d810a70d7915bd16d3d8fa83e8a9560c49aa3611c4,high_fp_conflict_prob_ge_0.95,0,float32,256,FP,0.9744206667,1,,0,,float32,256,False,True,True,False,False,332,11984,6,1,,C_unfixed_high_conflict,394,dd02c0d07e3e22db47cb64d810a70d7915bd16d3d8fa83e8a9560c49aa3611c4,E:\Project\python\Axon_v2.6Exp\data\待加入白名单\dd02c0d07e3e22db47cb64d810a70d7915bd16d3d8fa83e8a9560c49aa3611c4.exe,dd02c0d07e3e22db47cb64d810a70d7915bd16d3d8fa83e8a9560c49aa3611c4,float32,49,True
171420,test,,uint8,8192,0,True,acf508db6f194dc5fe5ab4addc80a4bf1cbb7816317a49f7362aa1986744dfa0,high_fp_conflict_prob_ge_0.95,0,float32,256,FP,0.9740177393,1,,0,,float32,256,True,True,True,False,False,332,0,5,1,,C_unfixed_high_conflict,395,acf508db6f194dc5fe5ab4addc80a4bf1cbb7816317a49f7362aa1986744dfa0,E:\Project\python\Axon_v2.6Exp\data\待加入白名单\ACF508DB6F194DC5FE5AB4ADDC80A4BF1CBB7816317A49F7362AA1986744DFA0,acf508db6f194dc5fe5ab4addc80a4bf1cbb7816317a49f7362aa1986744dfa0,float32,49,True
136230,test,,uint8,8192,0,True,3e4b19b014a449fea08307696d62464a1a338939504a56a9197425f49ce6d02b,high_fp_conflict_prob_ge_0.95,0,float32,256,FP,0.9739525318,1,,0,,float32,256,False,True,True,False,False,332,0,5,1,,C_unfixed_high_conflict,396,3e4b19b014a449fea08307696d62464a1a338939504a56a9197425f49ce6d02b,E:\Project\python\Axon_v2.6Exp\data\待加入白名单\3e4b19b014a449fea08307696d62464a1a338939504a56a9197425f49ce6d02b.exe,3e4b19b014a449fea08307696d62464a1a338939504a56a9197425f49ce6d02b,float32,49,True
114981,test,,uint8,8192,0,True,d473c405643a99544fbf994d690e4a5a86ab275af0620d623e4fc5013b73f938,high_fp_conflict_prob_ge_0.95,0,float32,256,FP,0.9737593532,1,,0,,float32,256,False,True,True,False,False,332,0,3,1,,C_unfixed_high_conflict,397,d473c405643a99544fbf994d690e4a5a86ab275af0620d623e4fc5013b73f938,E:\Project\python\Axon_v2.6Exp\data\待加入白名单\d473c405643a99544fbf994d690e4a5a86ab275af0620d623e4fc5013b73f938,d473c405643a99544fbf994d690e4a5a86ab275af0620d623e4fc5013b73f938,float32,49,True
181881,test,,uint8,8192,0,True,4df715af18505a1befcbcfd8aa32311b70daf4dfe5dde3b2c179db7a449603ff,high_fp_conflict_prob_ge_0.95,0,float32,256,FP,0.9735312462,1,,0,,float32,256,False,True,True,True,False,34404,10304,15,1,,C_unfixed_high_conflict,398,4df715af18505a1befcbcfd8aa32311b70daf4dfe5dde3b2c179db7a449603ff,E:\Project\python\Axon_v2.6Exp\data\待加入白名单\4df715af18505a1befcbcfd8aa32311b70daf4dfe5dde3b2c179db7a449603ff,4df715af18505a1befcbcfd8aa32311b70daf4dfe5dde3b2c179db7a449603ff,float32,49,True
134168,test,,uint8,8192,0,True,066d37493638989a0c7d192ce517da10b1711f58808b5deff85d09423bba867b,high_fp_conflict_prob_ge_0.95,0,float32,256,FP,0.9735093713,1,,0,,float32,256,False,True,True,True,False,332,6888,5,1,,C_unfixed_high_conflict,399,066d37493638989a0c7d192ce517da10b1711f58808b5deff85d09423bba867b,E:\Project\python\Axon_v2.6Exp\data\待加入白名单\066D37493638989A0C7D192CE517DA10B1711F58808B5DEFF85D09423BBA867B,066d37493638989a0c7d192ce517da10b1711f58808b5deff85d09423bba867b,float32,49,True
84625,test,,uint8,8192,0,True,f407af266f29d377d7411adef69e0847c8b690d7eec2ad79097a90c27ec117eb,high_fp_conflict_prob_ge_0.95,0,float32,256,FP,0.9731128216,1,,0,,float32,256,False,True,True,False,False,332,0,8,1,,C_unfixed_high_conflict,400,f407af266f29d377d7411adef69e0847c8b690d7eec2ad79097a90c27ec117eb,E:\Project\python\Axon_v2.6Exp\data\待加入白名单\f407af266f29d377d7411adef69e0847c8b690d7eec2ad79097a90c27ec117eb.exe,f407af266f29d377d7411adef69e0847c8b690d7eec2ad79097a90c27ec117eb,float32,49,True
43591,test,,uint8,8192,0,True,f97dac3211373205c3a1d38c0d462f57dba0c26b9de741dbdd967bc1ce33c333,high_fp_conflict_prob_ge_0.95,0,float32,256,FP,0.9728422165,1,,0,,float32,256,False,True,True,False,False,332,5705688,4,1,,C_unfixed_high_conflict,401,f97dac3211373205c3a1d38c0d462f57dba0c26b9de741dbdd967bc1ce33c333,E:\Project\python\Axon_v2.6Exp\data\待加入白名单\F97DAC3211373205C3A1D38C0D462F57DBA0C26B9DE741DBDD967BC1CE33C333,f97dac3211373205c3a1d38c0d462f57dba0c26b9de741dbdd967bc1ce33c333,float32,49,True
47884,test,,uint8,8192,0,True,ebe4cdfff391d3de353dc71085f8d9dfdfdb6c6647df8961a4cab8dd6ee18c9b,high_fp_conflict_prob_ge_0.95,0,float32,256,FP,0.9727972746,1,,0,,float32,256,True,True,True,False,True,332,0,5,1,,C_unfixed_high_conflict,402,ebe4cdfff391d3de353dc71085f8d9dfdfdb6c6647df8961a4cab8dd6ee18c9b,E:\Project\python\Axon_v2.6Exp\data\待加入白名单\ebe4cdfff391d3de353dc71085f8d9dfdfdb6c6647df8961a4cab8dd6ee18c9b,ebe4cdfff391d3de353dc71085f8d9dfdfdb6c6647df8961a4cab8dd6ee18c9b,float32,49,True
179167,test,,uint8,8192,0,True,9fed85b9f79c9f2d85bf964e333c9c7afc61ec162c7b3a91e99e9683442ac243,high_fp_conflict_prob_ge_0.95,0,float32,256,FP,0.9726445675,1,,0,,float32,256,True,True,True,False,True,332,0,5,1,,C_unfixed_high_conflict,403,9fed85b9f79c9f2d85bf964e333c9c7afc61ec162c7b3a91e99e9683442ac243,E:\Project\python\Axon_v2.6Exp\data\待加入白名单\9FED85B9F79C9F2D85BF964E333C9C7AFC61EC162C7B3A91E99E9683442AC243,9fed85b9f79c9f2d85bf964e333c9c7afc61ec162c7b3a91e99e9683442ac243,float32,49,True
182350,test,,uint8,8192,0,True,f4141de7e176d4438b12c8e1ea9d1956051dc158ec7785b2c388a97c0ff54d8d,high_fp_conflict_prob_ge_0.95,0,float32,256,FP,0.9724152088,1,,0,,float32,256,False,True,True,False,False,332,0,5,1,,C_unfixed_high_conflict,404,f4141de7e176d4438b12c8e1ea9d1956051dc158ec7785b2c388a97c0ff54d8d,E:\Project\python\Axon_v2.6Exp\data\待加入白名单\f4141de7e176d4438b12c8e1ea9d1956051dc158ec7785b2c388a97c0ff54d8d,f4141de7e176d4438b12c8e1ea9d1956051dc158ec7785b2c388a97c0ff54d8d,float32,49,True
106938,test,,uint8,8192,0,True,38456a6c3bf2ad68812c876fb62e5816ccac3d82b13de62bb96435f7682b6b57,high_fp_conflict_prob_ge_0.95,0,float32,256,FP,0.9723330736,1,,0,,float32,256,True,True,True,False,False,332,0,8,1,,C_unfixed_high_conflict,405,38456a6c3bf2ad68812c876fb62e5816ccac3d82b13de62bb96435f7682b6b57,E:\Project\python\Axon_v2.6Exp\data\待加入白名单\38456a6c3bf2ad68812c876fb62e5816ccac3d82b13de62bb96435f7682b6b57.exe,38456a6c3bf2ad68812c876fb62e5816ccac3d82b13de62bb96435f7682b6b57,float32,49,True
148293,test,,uint8,8192,0,True,a9fd4a1247d8a013362190f53bbbac828f8d5cbe0a79f72b351bf597d3328d90,high_fp_conflict_prob_ge_0.95,0,float32,256,FP,0.9718504548,1,,0,,float32,256,True,True,True,False,True,332,0,7,1,,C_unfixed_high_conflict,406,a9fd4a1247d8a013362190f53bbbac828f8d5cbe0a79f72b351bf597d3328d90,E:\Project\python\Axon_v2.6Exp\data\待加入白名单\A9FD4A1247D8A013362190F53BBBAC828F8D5CBE0A79F72B351BF597D3328D90,a9fd4a1247d8a013362190f53bbbac828f8d5cbe0a79f72b351bf597d3328d90,float32,49,True
156792,test,,uint8,8192,0,True,fcfaa10af53eebef4a986b002006a7acf7af9c2465caed7e37edab9626bcfc4d,high_fp_conflict_prob_ge_0.95,0,float32,256,FP,0.9716612697,1,,0,,float32,256,False,True,True,False,False,332,0,5,1,,C_unfixed_high_conflict,407,fcfaa10af53eebef4a986b002006a7acf7af9c2465caed7e37edab9626bcfc4d,E:\Project\python\Axon_v2.6Exp\data\待加入白名单\FCFAA10AF53EEBEF4A986B002006A7ACF7AF9C2465CAED7E37EDAB9626BCFC4D,fcfaa10af53eebef4a986b002006a7acf7af9c2465caed7e37edab9626bcfc4d,float32,49,True
122766,test,,uint8,8192,0,True,ed2a397eb1e59c3d7dce784cb96e2aa262f1a231e55758ac1ad6796c20bdd627,high_fp_conflict_prob_ge_0.95,0,float32,256,FP,0.971372962,1,,0,,float32,256,False,True,True,True,False,332,15440,5,1,,C_unfixed_high_conflict,408,ed2a397eb1e59c3d7dce784cb96e2aa262f1a231e55758ac1ad6796c20bdd627,E:\Project\python\Axon_v2.6Exp\data\待加入白名单\ED2A397EB1E59C3D7DCE784CB96E2AA262F1A231E55758AC1AD6796C20BDD627,ed2a397eb1e59c3d7dce784cb96e2aa262f1a231e55758ac1ad6796c20bdd627,float32,49,True
150310,test,,uint8,8192,0,True,f7e8821b80eacc618b8e8e239b813a2614c4a8a911394ae1b90764d6bce4fcaf,high_fp_conflict_prob_ge_0.95,0,float32,256,FP,0.9712927938,1,,0,,float32,256,False,True,True,False,False,332,0,4,1,,C_unfixed_high_conflict,409,f7e8821b80eacc618b8e8e239b813a2614c4a8a911394ae1b90764d6bce4fcaf,E:\Project\python\Axon_v2.6Exp\data\待加入白名单\F7E8821B80EACC618B8E8E239B813A2614C4A8A911394AE1B90764D6BCE4FCAF,f7e8821b80eacc618b8e8e239b813a2614c4a8a911394ae1b90764d6bce4fcaf,float32,49,True
109190,test,,uint8,8192,0,True,b97bac014b88e9c5efaeab30afdf89f8868f24084885a7c9badefc66ec0e51f4,high_fp_conflict_prob_ge_0.95,0,float32,256,FP,0.9711817503,1,,0,,float32,256,True,True,True,False,False,332,0,5,1,,C_unfixed_high_conflict,410,b97bac014b88e9c5efaeab30afdf89f8868f24084885a7c9badefc66ec0e51f4,E:\Project\python\Axon_v2.6Exp\data\待加入白名单\B97BAC014B88E9C5EFAEAB30AFDF89F8868F24084885A7C9BADEFC66EC0E51F4,b97bac014b88e9c5efaeab30afdf89f8868f24084885a7c9badefc66ec0e51f4,float32,49,True
136813,test,,uint8,8192,0,True,f8405ccb006c7667be35ba1eb66cfa5400db8bc8895cc582eb43e641e38e5d82,high_fp_conflict_prob_ge_0.95,0,float32,256,FP,0.971156776,1,,0,,float32,256,False,True,True,False,False,332,0,4,1,,C_unfixed_high_conflict,411,f8405ccb006c7667be35ba1eb66cfa5400db8bc8895cc582eb43e641e38e5d82,E:\Project\python\Axon_v2.6Exp\data\待加入白名单\F8405CCB006C7667BE35BA1EB66CFA5400DB8BC8895CC582EB43E641E38E5D82,f8405ccb006c7667be35ba1eb66cfa5400db8bc8895cc582eb43e641e38e5d82,float32,49,True
91883,test,,uint8,8192,0,True,b34f35ec7746025feee6b12f9118055686dd12fa36e57bfb4d3c87000d4be0a1,high_fp_conflict_prob_ge_0.95,0,float32,256,FP,0.9707241058,1,,0,,float32,256,True,True,False,False,True,332,75,5,1,,C_unfixed_high_conflict,412,b34f35ec7746025feee6b12f9118055686dd12fa36e57bfb4d3c87000d4be0a1,E:\Project\python\Axon_v2.6Exp\data\待加入白名单\B34F35EC7746025FEEE6B12F9118055686DD12FA36E57BFB4D3C87000D4BE0A1,b34f35ec7746025feee6b12f9118055686dd12fa36e57bfb4d3c87000d4be0a1,float32,49,True
82375,test,,uint8,8192,0,True,86304e434654187a04e515afaef72f6305ea20354b43794d1b315d0845b36982,high_fp_conflict_prob_ge_0.95,0,float32,256,FP,0.9707130194,1,,0,,float32,256,False,True,False,True,False,34404,10304,14,1,,C_unfixed_high_conflict,413,86304e434654187a04e515afaef72f6305ea20354b43794d1b315d0845b36982,E:\Project\python\Axon_v2.6Exp\data\待加入白名单\86304E434654187A04E515AFAEF72F6305EA20354B43794D1B315D0845B36982,86304e434654187a04e515afaef72f6305ea20354b43794d1b315d0845b36982,float32,49,True
57191,test,,uint8,8192,0,True,9c4459c27fd4e4018112763796a0db8c35d6042e18e329a8d76f3c31eb104e24,high_fp_conflict_prob_ge_0.95,0,float32,256,FP,0.9702160954,1,,0,,float32,256,True,True,True,True,False,332,19432,10,1,,C_unfixed_high_conflict,414,9c4459c27fd4e4018112763796a0db8c35d6042e18e329a8d76f3c31eb104e24,E:\Project\python\Axon_v2.6Exp\data\待加入白名单\9c4459c27fd4e4018112763796a0db8c35d6042e18e329a8d76f3c31eb104e24,9c4459c27fd4e4018112763796a0db8c35d6042e18e329a8d76f3c31eb104e24,float32,49,True
83113,test,,uint8,8192,0,True,774333da7dcd93075a4c974f4021f6073c42bb5c71bfa45b6cc08db3b08d97c1,high_fp_conflict_prob_ge_0.95,0,float32,256,FP,0.9699072242,1,,0,,float32,256,True,True,True,True,False,332,21936,8,1,,C_unfixed_high_conflict,415,774333da7dcd93075a4c974f4021f6073c42bb5c71bfa45b6cc08db3b08d97c1,E:\Project\python\Axon_v2.6Exp\data\待加入白名单\774333DA7DCD93075A4C974F4021F6073C42BB5C71BFA45B6CC08DB3B08D97C1,774333da7dcd93075a4c974f4021f6073c42bb5c71bfa45b6cc08db3b08d97c1,float32,49,True
119431,test,,uint8,8192,0,True,14e0d8ca093911b15e2abdde7687fe49a3395ae5107df4f0bcc62f59bd2c0649,high_fp_conflict_prob_ge_0.95,0,float32,256,FP,0.969355166,1,,0,,float32,256,False,True,True,False,True,332,0,5,1,,C_unfixed_high_conflict,416,14e0d8ca093911b15e2abdde7687fe49a3395ae5107df4f0bcc62f59bd2c0649,E:\Project\python\Axon_v2.6Exp\data\待加入白名单\14E0D8CA093911B15E2ABDDE7687FE49A3395AE5107DF4F0BCC62F59BD2C0649,14e0d8ca093911b15e2abdde7687fe49a3395ae5107df4f0bcc62f59bd2c0649,float32,49,True
85733,test,,uint8,8192,0,True,a34faee23039a96a9f697283a2b88f8dec2abe816db47e8462e4c5607921fb14,high_fp_conflict_prob_ge_0.95,0,float32,256,FP,0.9686020613,1,,0,,float32,256,True,True,True,False,True,332,0,5,1,,C_unfixed_high_conflict,417,a34faee23039a96a9f697283a2b88f8dec2abe816db47e8462e4c5607921fb14,E:\Project\python\Axon_v2.6Exp\data\待加入白名单\a34faee23039a96a9f697283a2b88f8dec2abe816db47e8462e4c5607921fb14,a34faee23039a96a9f697283a2b88f8dec2abe816db47e8462e4c5607921fb14,float32,49,True
197424,test,,uint8,8192,0,True,007377d2c9d6a4b176d3029d68f8b89d1109994db6d2686f32605b2303e72ae9,high_fp_conflict_prob_ge_0.95,0,float32,256,FP,0.9683455825,1,,0,,float32,256,False,True,True,False,False,332,0,6,1,,C_unfixed_high_conflict,418,007377d2c9d6a4b176d3029d68f8b89d1109994db6d2686f32605b2303e72ae9,E:\Project\python\Axon_v2.6Exp\data\待加入白名单\007377D2C9D6A4B176D3029D68F8B89D1109994DB6D2686F32605B2303E72AE9,007377d2c9d6a4b176d3029d68f8b89d1109994db6d2686f32605b2303e72ae9,float32,49,True
83976,test,,uint8,8192,0,True,8d9b5190aace52a1db1ac73a65ee9999c329157c8e88f61a772433323d6b7a4a,high_fp_conflict_prob_ge_0.95,0,float32,256,FP,0.9682058096,1,,0,,float32,256,False,True,False,False,False,332,0,3,1,,C_unfixed_high_conflict,419,8d9b5190aace52a1db1ac73a65ee9999c329157c8e88f61a772433323d6b7a4a,E:\Project\python\Axon_v2.6Exp\data\待加入白名单\8d9b5190aace52a1db1ac73a65ee9999c329157c8e88f61a772433323d6b7a4a,8d9b5190aace52a1db1ac73a65ee9999c329157c8e88f61a772433323d6b7a4a,float32,49,True
190781,test,,uint8,8192,0,True,4b55d6a2f77c5f365f544409ea9f5de7db8b954e99f1a7ac9f904bb851bd9f89,high_fp_conflict_prob_ge_0.95,0,float32,256,FP,0.9678938985,1,,0,,float32,256,True,True,True,True,False,332,11016,11,1,,C_unfixed_high_conflict,420,4b55d6a2f77c5f365f544409ea9f5de7db8b954e99f1a7ac9f904bb851bd9f89,E:\Project\python\Axon_v2.6Exp\data\待加入白名单\4B55D6A2F77C5F365F544409EA9F5DE7DB8B954E99F1A7AC9F904BB851BD9F89,4b55d6a2f77c5f365f544409ea9f5de7db8b954e99f1a7ac9f904bb851bd9f89,float32,49,True
133218,test,,uint8,8192,0,True,1ad637e80a25f6f885604589056814d16ccad55699be14920e2b99f2d74c1019,high_fp_conflict_prob_ge_0.95,0,float32,256,FP,0.9671269655,1,,0,,float32,256,False,True,True,False,True,332,0,5,1,,C_unfixed_high_conflict,421,1ad637e80a25f6f885604589056814d16ccad55699be14920e2b99f2d74c1019,E:\Project\python\Axon_v2.6Exp\data\待加入白名单\1AD637E80A25F6F885604589056814D16CCAD55699BE14920E2B99F2D74C1019,1ad637e80a25f6f885604589056814d16ccad55699be14920e2b99f2d74c1019,float32,49,True
129343,test,,uint8,8192,0,True,3b24cafc676fcf4fb8453d43c2506ec3f497761a7047fb94b43a33825cc02bd4,high_fp_conflict_prob_ge_0.95,0,float32,256,FP,0.9670524597,1,,0,,float32,256,True,True,True,True,False,332,10760,11,1,,C_unfixed_high_conflict,422,3b24cafc676fcf4fb8453d43c2506ec3f497761a7047fb94b43a33825cc02bd4,E:\Project\python\Axon_v2.6Exp\data\待加入白名单\3b24cafc676fcf4fb8453d43c2506ec3f497761a7047fb94b43a33825cc02bd4,3b24cafc676fcf4fb8453d43c2506ec3f497761a7047fb94b43a33825cc02bd4,float32,49,True
58332,test,,uint8,8192,0,True,de5cd326ec23889c21de9383ab83013ee9edd286793949890b9ab48d8561f09e,high_fp_conflict_prob_ge_0.95,0,float32,256,FP,0.96701473,1,,0,,float32,256,False,True,True,False,False,332,0,5,1,,C_unfixed_high_conflict,423,de5cd326ec23889c21de9383ab83013ee9edd286793949890b9ab48d8561f09e,E:\Project\python\Axon_v2.6Exp\data\待加入白名单\de5cd326ec23889c21de9383ab83013ee9edd286793949890b9ab48d8561f09e,de5cd326ec23889c21de9383ab83013ee9edd286793949890b9ab48d8561f09e,float32,49,True
156195,test,,uint8,8192,0,True,9969e2a88155a2a38f8df1284b67d3b499e081d1bdc846b26d5d2388d9532a57,high_fp_conflict_prob_ge_0.95,0,float32,256,FP,0.9663078785,1,,0,,float32,256,True,True,True,False,True,332,0,5,1,,C_unfixed_high_conflict,424,9969e2a88155a2a38f8df1284b67d3b499e081d1bdc846b26d5d2388d9532a57,E:\Project\python\Axon_v2.6Exp\data\待加入白名单\9969e2a88155a2a38f8df1284b67d3b499e081d1bdc846b26d5d2388d9532a57,9969e2a88155a2a38f8df1284b67d3b499e081d1bdc846b26d5d2388d9532a57,float32,49,True
161055,test,,uint8,8192,0,True,731cc9b1d6d09f237188d314c7b6346ceec10905a505b84ff7abd43475611184,high_fp_conflict_prob_ge_0.95,0,float32,256,FP,0.9661028385,1,,0,,float32,256,False,True,True,False,False,332,0,6,1,,C_unfixed_high_conflict,425,731cc9b1d6d09f237188d314c7b6346ceec10905a505b84ff7abd43475611184,E:\Project\python\Axon_v2.6Exp\data\待加入白名单\731CC9B1D6D09F237188D314C7B6346CEEC10905A505B84FF7ABD43475611184,731cc9b1d6d09f237188d314c7b6346ceec10905a505b84ff7abd43475611184,float32,49,True
143167,test,,uint8,8192,0,True,dcac5d97835d560bd10ad472855ef7e01059e3f1c2384ae0eb46e79ba132eb47,high_fp_conflict_prob_ge_0.95,0,float32,256,FP,0.9651668668,1,,0,,float32,256,False,True,True,False,False,332,10880,11,1,,C_unfixed_high_conflict,426,dcac5d97835d560bd10ad472855ef7e01059e3f1c2384ae0eb46e79ba132eb47,E:\Project\python\Axon_v2.6Exp\data\待加入白名单\dcac5d97835d560bd10ad472855ef7e01059e3f1c2384ae0eb46e79ba132eb47.exe,dcac5d97835d560bd10ad472855ef7e01059e3f1c2384ae0eb46e79ba132eb47,float32,49,True
178694,test,,uint8,8192,0,True,6cd2727b9701a3b2cdece2900b15f1579f318c9fae8523396fccdccdf0dce500,high_fp_conflict_prob_ge_0.95,0,float32,256,FP,0.9639444947,1,,0,,float32,256,False,True,True,False,False,332,0,3,1,,C_unfixed_high_conflict,427,6cd2727b9701a3b2cdece2900b15f1579f318c9fae8523396fccdccdf0dce500,E:\Project\python\Axon_v2.6Exp\data\待加入白名单\6cd2727b9701a3b2cdece2900b15f1579f318c9fae8523396fccdccdf0dce500.exe,6cd2727b9701a3b2cdece2900b15f1579f318c9fae8523396fccdccdf0dce500,float32,49,True
181135,test,,uint8,8192,0,True,8206830fb5cf095e3b94ef18ebfaf2616c32855b7fde789e94f20bb1d9a79171,high_fp_conflict_prob_ge_0.95,0,float32,256,FP,0.9637553096,1,,0,,float32,256,True,True,True,False,True,332,0,5,1,,C_unfixed_high_conflict,428,8206830fb5cf095e3b94ef18ebfaf2616c32855b7fde789e94f20bb1d9a79171,E:\Project\python\Axon_v2.6Exp\data\待加入白名单\8206830fb5cf095e3b94ef18ebfaf2616c32855b7fde789e94f20bb1d9a79171,8206830fb5cf095e3b94ef18ebfaf2616c32855b7fde789e94f20bb1d9a79171,float32,49,True
195753,test,,uint8,8192,0,True,1dd9397a6e8cb0ba68a445fc819c2b22fc62e812dc27077e57820c90a8252ab6,high_fp_conflict_prob_ge_0.95,0,float32,256,FP,0.9633229971,1,,0,,float32,256,True,True,True,True,False,332,18728,8,1,,C_unfixed_high_conflict,429,1dd9397a6e8cb0ba68a445fc819c2b22fc62e812dc27077e57820c90a8252ab6,E:\Project\python\Axon_v2.6Exp\data\待加入白名单\1DD9397A6E8CB0BA68A445FC819C2B22FC62E812DC27077E57820C90A8252AB6,1dd9397a6e8cb0ba68a445fc819c2b22fc62e812dc27077e57820c90a8252ab6,float32,49,True
131943,test,,uint8,8192,0,True,8bab02b7af2ac7c75321b9b96acbed00f77b6558a1926230f1da2aff270ba197,high_fp_conflict_prob_ge_0.95,0,float32,256,FP,0.9632384181,1,,0,,float32,256,False,True,True,False,False,332,6744,7,1,,C_unfixed_high_conflict,430,8bab02b7af2ac7c75321b9b96acbed00f77b6558a1926230f1da2aff270ba197,E:\Project\python\Axon_v2.6Exp\data\待加入白名单\8bab02b7af2ac7c75321b9b96acbed00f77b6558a1926230f1da2aff270ba197.exe,8bab02b7af2ac7c75321b9b96acbed00f77b6558a1926230f1da2aff270ba197,float32,49,True
92606,test,,uint8,8192,0,True,f936642d3312576ef0375f5e6050456c318ebb897f9f31ddda01fbe7dd7acdbf,high_fp_conflict_prob_ge_0.95,0,float32,256,FP,0.9624382257,1,,0,,float32,256,True,True,True,False,True,332,0,7,1,,C_unfixed_high_conflict,431,f936642d3312576ef0375f5e6050456c318ebb897f9f31ddda01fbe7dd7acdbf,E:\Project\python\Axon_v2.6Exp\data\待加入白名单\f936642d3312576ef0375f5e6050456c318ebb897f9f31ddda01fbe7dd7acdbf,f936642d3312576ef0375f5e6050456c318ebb897f9f31ddda01fbe7dd7acdbf,float32,49,True
183863,test,,uint8,8192,0,True,e089dfe2f3fe9bcc88894047af5bbef25938a6350b7ca3022bb157737d6edf31,high_fp_conflict_prob_ge_0.95,0,float32,256,FP,0.9624276757,1,,0,,float32,256,False,True,True,False,False,332,0,4,1,,C_unfixed_high_conflict,432,e089dfe2f3fe9bcc88894047af5bbef25938a6350b7ca3022bb157737d6edf31,E:\Project\python\Axon_v2.6Exp\data\待加入白名单\e089dfe2f3fe9bcc88894047af5bbef25938a6350b7ca3022bb157737d6edf31,e089dfe2f3fe9bcc88894047af5bbef25938a6350b7ca3022bb157737d6edf31,float32,49,True
95432,test,,uint8,8192,0,True,ed5bad0f7c74d764a78b4a79b3805ccc482ae556cef94db961c026768ab441bc,high_fp_conflict_prob_ge_0.95,0,float32,256,FP,0.9610479474,1,,0,,float32,256,False,True,True,False,False,332,0,8,1,,C_unfixed_high_conflict,433,ed5bad0f7c74d764a78b4a79b3805ccc482ae556cef94db961c026768ab441bc,E:\Project\python\Axon_v2.6Exp\data\待加入白名单\ed5bad0f7c74d764a78b4a79b3805ccc482ae556cef94db961c026768ab441bc,ed5bad0f7c74d764a78b4a79b3805ccc482ae556cef94db961c026768ab441bc,float32,49,True
131423,test,,uint8,8192,0,True,b0261a854de65416c5ea54b13d6443d543d8f3ada81cb4ebacd5effba679f0a1,high_fp_conflict_prob_ge_0.95,0,float32,256,FP,0.9599392414,1,,0,,float32,256,False,True,True,False,False,332,0,5,1,,C_unfixed_high_conflict,434,b0261a854de65416c5ea54b13d6443d543d8f3ada81cb4ebacd5effba679f0a1,E:\Project\python\Axon_v2.6Exp\data\待加入白名单\b0261a854de65416c5ea54b13d6443d543d8f3ada81cb4ebacd5effba679f0a1.exe,b0261a854de65416c5ea54b13d6443d543d8f3ada81cb4ebacd5effba679f0a1,float32,49,True
176834,test,,uint8,8192,0,True,68dbc5db436bddbc5e3d58158dd268c4947cd7fa5ba42017cf165a0da94fb5d4,high_fp_conflict_prob_ge_0.95,0,float32,256,FP,0.9593561292,1,,0,,float32,256,False,True,False,False,False,332,0,3,1,,C_unfixed_high_conflict,435,68dbc5db436bddbc5e3d58158dd268c4947cd7fa5ba42017cf165a0da94fb5d4,E:\Project\python\Axon_v2.6Exp\data\待加入白名单\68dbc5db436bddbc5e3d58158dd268c4947cd7fa5ba42017cf165a0da94fb5d4.exe,68dbc5db436bddbc5e3d58158dd268c4947cd7fa5ba42017cf165a0da94fb5d4,float32,49,True
123613,test,,uint8,8192,0,True,94da1d09d81d4afc0ec9b9b95ee8ebc9a47a9d709ffe452f39c4ecf7c140a009,high_fp_conflict_prob_ge_0.95,0,float32,256,FP,0.9586296678,1,,0,,float32,256,False,True,True,False,False,332,0,7,1,,C_unfixed_high_conflict,436,94da1d09d81d4afc0ec9b9b95ee8ebc9a47a9d709ffe452f39c4ecf7c140a009,E:\Project\python\Axon_v2.6Exp\data\待加入白名单\94da1d09d81d4afc0ec9b9b95ee8ebc9a47a9d709ffe452f39c4ecf7c140a009.exe,94da1d09d81d4afc0ec9b9b95ee8ebc9a47a9d709ffe452f39c4ecf7c140a009,float32,49,True
87071,test,,uint8,8192,0,True,d3ed997fed14d916641913804501c144d24d3bc1cd050a4398e3008c0aa5765e,high_fp_conflict_prob_ge_0.95,0,float32,256,FP,0.9584963918,1,,0,,float32,256,False,True,True,False,False,332,0,3,1,,C_unfixed_high_conflict,437,d3ed997fed14d916641913804501c144d24d3bc1cd050a4398e3008c0aa5765e,E:\Project\python\Axon_v2.6Exp\data\待加入白名单\d3ed997fed14d916641913804501c144d24d3bc1cd050a4398e3008c0aa5765e,d3ed997fed14d916641913804501c144d24d3bc1cd050a4398e3008c0aa5765e,float32,49,True
69753,test,,uint8,8192,0,True,fa1e60e83030b114d73acf1e3d348902885e9e24df4ed9e712946cf675528689,high_fp_conflict_prob_ge_0.95,0,float32,256,FP,0.9580296278,1,,0,,float32,256,False,True,False,False,False,34404,0,6,1,,C_unfixed_high_conflict,438,fa1e60e83030b114d73acf1e3d348902885e9e24df4ed9e712946cf675528689,E:\Project\python\Axon_v2.6Exp\data\待加入白名单\fa1e60e83030b114d73acf1e3d348902885e9e24df4ed9e712946cf675528689,fa1e60e83030b114d73acf1e3d348902885e9e24df4ed9e712946cf675528689,float32,49,True
44521,test,,uint8,8192,0,True,bc8d7fd86bd4eddfc0484888cb46382648b67728a51edcd297df359246ab8b9d,high_fp_conflict_prob_ge_0.95,0,float32,256,FP,0.9579442143,1,,0,,float32,256,False,True,True,False,False,332,0,8,1,,C_unfixed_high_conflict,439,bc8d7fd86bd4eddfc0484888cb46382648b67728a51edcd297df359246ab8b9d,E:\Project\python\Axon_v2.6Exp\data\待加入白名单\bc8d7fd86bd4eddfc0484888cb46382648b67728a51edcd297df359246ab8b9d.exe,bc8d7fd86bd4eddfc0484888cb46382648b67728a51edcd297df359246ab8b9d,float32,49,True
52012,test,,uint8,8192,0,True,ff00f5f7b8d6ca6a79aebd08f9625a5579affcd09f3a25fdf728a7942527a824,high_fp_conflict_prob_ge_0.95,0,float32,256,FP,0.9578823447,1,,0,,float32,256,True,True,False,False,True,332,0,4,1,,C_unfixed_high_conflict,440,ff00f5f7b8d6ca6a79aebd08f9625a5579affcd09f3a25fdf728a7942527a824,E:\Project\python\Axon_v2.6Exp\data\待加入白名单\ff00f5f7b8d6ca6a79aebd08f9625a5579affcd09f3a25fdf728a7942527a824,ff00f5f7b8d6ca6a79aebd08f9625a5579affcd09f3a25fdf728a7942527a824,float32,49,True
98004,test,,uint8,8192,0,True,11cea239deb263a7999fb84f04c61dc490018b2de2b43fe99539b626312512ce,high_fp_conflict_prob_ge_0.95,0,float32,256,FP,0.9575063586,1,,0,,float32,256,True,True,True,False,True,332,0,7,1,,C_unfixed_high_conflict,441,11cea239deb263a7999fb84f04c61dc490018b2de2b43fe99539b626312512ce,E:\Project\python\Axon_v2.6Exp\data\待加入白名单\11CEA239DEB263A7999FB84F04C61DC490018B2DE2B43FE99539B626312512CE,11cea239deb263a7999fb84f04c61dc490018b2de2b43fe99539b626312512ce,float32,49,True
187558,test,,uint8,8192,0,True,ae4a871c33f8cd3a6ad118247b6205219b2008425d018f56cb9feec8aca90cea,high_fp_conflict_prob_ge_0.95,0,float32,256,FP,0.9562053084,1,,0,,float32,256,False,True,False,True,False,34404,7088,6,1,,C_unfixed_high_conflict,442,ae4a871c33f8cd3a6ad118247b6205219b2008425d018f56cb9feec8aca90cea,E:\Project\python\Axon_v2.6Exp\data\待加入白名单\ae4a871c33f8cd3a6ad118247b6205219b2008425d018f56cb9feec8aca90cea,ae4a871c33f8cd3a6ad118247b6205219b2008425d018f56cb9feec8aca90cea,float32,49,True
159740,test,,uint8,8192,0,True,56a87f5abb22c06e339fbcd183d16e4c10c9e64f85ca93014cab40acfde6dce3,high_fp_conflict_prob_ge_0.95,0,float32,256,FP,0.9560689926,1,,0,,float32,256,False,True,False,False,False,34404,0,8,1,,C_unfixed_high_conflict,443,56a87f5abb22c06e339fbcd183d16e4c10c9e64f85ca93014cab40acfde6dce3,E:\Project\python\Axon_v2.6Exp\data\待加入白名单\56A87F5ABB22C06E339FBCD183D16E4C10C9E64F85CA93014CAB40ACFDE6DCE3,56a87f5abb22c06e339fbcd183d16e4c10c9e64f85ca93014cab40acfde6dce3,float32,49,True
67819,test,,uint8,8192,0,True,de716ba8aedb19b9d1c0b4064b7468427c4df16d96bfc5f3d33e02826778be1e,high_fp_conflict_prob_ge_0.95,0,float32,256,FP,0.9559873343,1,,0,,float32,256,False,True,True,False,False,332,0,6,1,,C_unfixed_high_conflict,444,de716ba8aedb19b9d1c0b4064b7468427c4df16d96bfc5f3d33e02826778be1e,E:\Project\python\Axon_v2.6Exp\data\待加入白名单\DE716BA8AEDB19B9D1C0B4064B7468427C4DF16D96BFC5F3D33E02826778BE1E,de716ba8aedb19b9d1c0b4064b7468427c4df16d96bfc5f3d33e02826778be1e,float32,49,True
136382,test,,uint8,8192,0,True,c04f04322ffb18c5ec84bf9b226385d6e2fc249d7beff5016d7f62cea93fd25a,high_fp_conflict_prob_ge_0.95,0,float32,256,FP,0.9557953477,1,,0,,float32,256,False,True,True,False,False,332,0,5,1,,C_unfixed_high_conflict,445,c04f04322ffb18c5ec84bf9b226385d6e2fc249d7beff5016d7f62cea93fd25a,E:\Project\python\Axon_v2.6Exp\data\待加入白名单\C04F04322FFB18C5EC84BF9B226385D6E2FC249D7BEFF5016D7F62CEA93FD25A,c04f04322ffb18c5ec84bf9b226385d6e2fc249d7beff5016d7f62cea93fd25a,float32,49,True
96753,test,,uint8,8192,0,True,3e43226bb788a5d0e18a4a1d63eda97b5073c59fc72e6aadcac1b9d34f0c2907,high_fp_conflict_prob_ge_0.95,0,float32,256,FP,0.9555617571,1,,0,,float32,256,False,True,True,False,False,332,0,11,1,,C_unfixed_high_conflict,446,3e43226bb788a5d0e18a4a1d63eda97b5073c59fc72e6aadcac1b9d34f0c2907,E:\Project\python\Axon_v2.6Exp\data\待加入白名单\3e43226bb788a5d0e18a4a1d63eda97b5073c59fc72e6aadcac1b9d34f0c2907.exe,3e43226bb788a5d0e18a4a1d63eda97b5073c59fc72e6aadcac1b9d34f0c2907,float32,49,True
148867,test,,uint8,8192,0,True,a8a809d8d527ccbc4fbb4411d6eb3b4296d1e3725119d2ea3777d790cd5d30a2,high_fp_conflict_prob_ge_0.95,0,float32,256,FP,0.9555371404,1,,0,,float32,256,False,True,True,False,False,332,0,5,1,,C_unfixed_high_conflict,447,a8a809d8d527ccbc4fbb4411d6eb3b4296d1e3725119d2ea3777d790cd5d30a2,E:\Project\python\Axon_v2.6Exp\data\待加入白名单\A8A809D8D527CCBC4FBB4411D6EB3B4296D1E3725119D2EA3777D790CD5D30A2,a8a809d8d527ccbc4fbb4411d6eb3b4296d1e3725119d2ea3777d790cd5d30a2,float32,49,True
175287,test,,uint8,8192,0,True,9a4dac030f5de216deddaed7a7ef714fcc6f40115fff528de2ab9fc2c6e8719a,high_fp_conflict_prob_ge_0.95,0,float32,256,FP,0.9554023743,1,,0,,float32,256,True,True,True,True,False,332,21936,8,1,,C_unfixed_high_conflict,448,9a4dac030f5de216deddaed7a7ef714fcc6f40115fff528de2ab9fc2c6e8719a,E:\Project\python\Axon_v2.6Exp\data\待加入白名单\9A4DAC030F5DE216DEDDAED7A7EF714FCC6F40115FFF528DE2AB9FC2C6E8719A,9a4dac030f5de216deddaed7a7ef714fcc6f40115fff528de2ab9fc2c6e8719a,float32,49,True
162479,test,,uint8,8192,0,True,f17b9473f09d6f82f234cf668a803bdc6ffe2cfce14a6bca4cdb51da4714cb89,high_fp_conflict_prob_ge_0.95,0,float32,256,FP,0.9552807808,1,,0,,float32,256,False,True,True,False,False,332,0,5,1,,C_unfixed_high_conflict,449,f17b9473f09d6f82f234cf668a803bdc6ffe2cfce14a6bca4cdb51da4714cb89,E:\Project\python\Axon_v2.6Exp\data\待加入白名单\f17b9473f09d6f82f234cf668a803bdc6ffe2cfce14a6bca4cdb51da4714cb89,f17b9473f09d6f82f234cf668a803bdc6ffe2cfce14a6bca4cdb51da4714cb89,float32,49,True
189332,test,,uint8,8192,0,True,38bd1914470457052fcaf10b4d030bc08f29416a07c20db750ebc93ff1f755a8,high_fp_conflict_prob_ge_0.95,0,float32,256,FP,0.9535239339,1,,0,,float32,256,False,True,True,False,False,332,0,8,1,,C_unfixed_high_conflict,450,38bd1914470457052fcaf10b4d030bc08f29416a07c20db750ebc93ff1f755a8,E:\Project\python\Axon_v2.6Exp\data\待加入白名单\38bd1914470457052fcaf10b4d030bc08f29416a07c20db750ebc93ff1f755a8.exe,38bd1914470457052fcaf10b4d030bc08f29416a07c20db750ebc93ff1f755a8,float32,49,True
62886,test,,uint8,8192,0,True,5ae0da15759304ff4a7de0e5e3846786029d6164f8a20375091ed502edd3a481,high_fp_conflict_prob_ge_0.95,0,float32,256,FP,0.9533504248,1,,0,,float32,256,True,True,True,True,False,332,13096,10,1,,C_unfixed_high_conflict,451,5ae0da15759304ff4a7de0e5e3846786029d6164f8a20375091ed502edd3a481,E:\Project\python\Axon_v2.6Exp\data\待加入白名单\5AE0DA15759304FF4A7DE0E5E3846786029D6164F8A20375091ED502EDD3A481,5ae0da15759304ff4a7de0e5e3846786029d6164f8a20375091ed502edd3a481,float32,49,True
91914,test,,uint8,8192,0,True,e852d2b89476c5d54a1ed0c2e764e48d72266a6c110a05f67d6d8273f04f8bd5,high_fp_conflict_prob_ge_0.95,0,float32,256,FP,0.9525857568,1,,0,,float32,256,False,True,True,False,False,332,7024,8,1,,C_unfixed_high_conflict,452,e852d2b89476c5d54a1ed0c2e764e48d72266a6c110a05f67d6d8273f04f8bd5,E:\Project\python\Axon_v2.6Exp\data\待加入白名单\e852d2b89476c5d54a1ed0c2e764e48d72266a6c110a05f67d6d8273f04f8bd5.exe,e852d2b89476c5d54a1ed0c2e764e48d72266a6c110a05f67d6d8273f04f8bd5,float32,49,True
63530,test,,uint8,8192,0,True,386ac7e63d3ef17fbd3e9bb9d670544b9c2d03a9a1ab7769cc85a8fb37fee484,high_fp_conflict_prob_ge_0.95,0,float32,256,FP,0.9520621896,1,,0,,float32,256,False,True,True,False,False,332,0,2,1,,C_unfixed_high_conflict,453,386ac7e63d3ef17fbd3e9bb9d670544b9c2d03a9a1ab7769cc85a8fb37fee484,E:\Project\python\Axon_v2.6Exp\data\待加入白名单\386ac7e63d3ef17fbd3e9bb9d670544b9c2d03a9a1ab7769cc85a8fb37fee484.exe,386ac7e63d3ef17fbd3e9bb9d670544b9c2d03a9a1ab7769cc85a8fb37fee484,float32,49,True
148526,test,,uint8,8192,0,True,3a9469c7aa36bb29fb84a7edca4ee9e5f558a11a6b983aba5f95f849e61d11e8,high_fp_conflict_prob_ge_0.95,0,float32,256,FP,0.9520621896,1,,0,,float32,256,False,True,True,False,False,332,0,2,1,,C_unfixed_high_conflict,454,3a9469c7aa36bb29fb84a7edca4ee9e5f558a11a6b983aba5f95f849e61d11e8,E:\Project\python\Axon_v2.6Exp\data\待加入白名单\3a9469c7aa36bb29fb84a7edca4ee9e5f558a11a6b983aba5f95f849e61d11e8.exe,3a9469c7aa36bb29fb84a7edca4ee9e5f558a11a6b983aba5f95f849e61d11e8,float32,49,True
166797,test,,uint8,8192,0,True,8def9daba0817636962e60878e117ee1dcba6c3f64fb4bc13449d447385f1b5b,high_fp_conflict_prob_ge_0.95,0,float32,256,FP,0.9520524144,1,,0,,float32,256,False,True,True,False,False,34404,0,3,1,,C_unfixed_high_conflict,455,8def9daba0817636962e60878e117ee1dcba6c3f64fb4bc13449d447385f1b5b,E:\Project\python\Axon_v2.6Exp\data\待加入白名单\8DEF9DABA0817636962E60878E117EE1DCBA6C3F64FB4BC13449D447385F1B5B,8def9daba0817636962e60878e117ee1dcba6c3f64fb4bc13449d447385f1b5b,float32,49,True
102754,test,,uint8,8192,0,True,a304abe9c0a0c20ede269a318cd3aff5434a824a752c2f940e6e2cb33dbe2043,high_fp_conflict_prob_ge_0.95,0,float32,256,FP,0.9518431425,1,,0,,float32,256,False,False,False,False,False,34404,0,4,1,,C_unfixed_high_conflict,456,a304abe9c0a0c20ede269a318cd3aff5434a824a752c2f940e6e2cb33dbe2043,E:\Project\python\Axon_v2.6Exp\data\待加入白名单\a304abe9c0a0c20ede269a318cd3aff5434a824a752c2f940e6e2cb33dbe2043,a304abe9c0a0c20ede269a318cd3aff5434a824a752c2f940e6e2cb33dbe2043,float32,49,True
138655,test,,uint8,8192,0,True,d42ca0404cd535f5e2dee6c976e7e1cd8f2a2532ee5fc9d12c7678f7bd39cea0,high_fp_conflict_prob_ge_0.95,0,float32,256,FP,0.9516590834,1,,0,,float32,256,True,True,True,True,False,332,10560,4,1,,C_unfixed_high_conflict,457,d42ca0404cd535f5e2dee6c976e7e1cd8f2a2532ee5fc9d12c7678f7bd39cea0,E:\Project\python\Axon_v2.6Exp\data\待加入白名单\d42ca0404cd535f5e2dee6c976e7e1cd8f2a2532ee5fc9d12c7678f7bd39cea0,d42ca0404cd535f5e2dee6c976e7e1cd8f2a2532ee5fc9d12c7678f7bd39cea0,float32,49,True
199492,test,,uint8,8192,0,True,5e009cdfc283d7f0d3dd777d40bcd23ecd78d8d7e93fc9cedcfb6d9dbe0b7701,high_fp_conflict_prob_ge_0.95,0,float32,256,FP,0.9515561461,1,,0,,float32,256,True,True,True,False,False,34404,1972639,12,1,,C_unfixed_high_conflict,458,5e009cdfc283d7f0d3dd777d40bcd23ecd78d8d7e93fc9cedcfb6d9dbe0b7701,E:\Project\python\Axon_v2.6Exp\data\待加入白名单\5E009CDFC283D7F0D3DD777D40BCD23ECD78D8D7E93FC9CEDCFB6D9DBE0B7701,5e009cdfc283d7f0d3dd777d40bcd23ecd78d8d7e93fc9cedcfb6d9dbe0b7701,float32,49,True
174753,test,,uint8,8192,0,True,86f717cca38ea371c1c0d882e98ebcc667f48785cdc52a35b63a949d4234fcf3,high_fp_conflict_prob_ge_0.95,0,float32,256,FP,0.9514951706,1,,0,,float32,256,False,True,True,False,False,332,18440,8,1,,C_unfixed_high_conflict,459,86f717cca38ea371c1c0d882e98ebcc667f48785cdc52a35b63a949d4234fcf3,E:\Project\python\Axon_v2.6Exp\data\待加入白名单\86f717cca38ea371c1c0d882e98ebcc667f48785cdc52a35b63a949d4234fcf3.exe,86f717cca38ea371c1c0d882e98ebcc667f48785cdc52a35b63a949d4234fcf3,float32,49,True
179384,test,,uint8,8192,0,True,8e881905169194a99fd5a1b00c72c7588e3cabc9aa750811abfc02fafa4f90a3,high_fp_conflict_prob_ge_0.95,0,float32,256,FP,0.9514003396,1,,0,,float32,256,False,True,True,True,False,332,270800,5,1,,C_unfixed_high_conflict,460,8e881905169194a99fd5a1b00c72c7588e3cabc9aa750811abfc02fafa4f90a3,E:\Project\python\Axon_v2.6Exp\data\待加入白名单\8e881905169194a99fd5a1b00c72c7588e3cabc9aa750811abfc02fafa4f90a3,8e881905169194a99fd5a1b00c72c7588e3cabc9aa750811abfc02fafa4f90a3,float32,49,True
46342,test,,uint8,8192,0,True,3fda8ea189f8483b9e271feb8ad6f186cf6742376e725c766feff2f932c2f77a,high_fp_conflict_prob_ge_0.95,0,float32,256,FP,0.9512291551,1,,0,,float32,256,True,True,True,False,True,332,0,7,1,,C_unfixed_high_conflict,461,3fda8ea189f8483b9e271feb8ad6f186cf6742376e725c766feff2f932c2f77a,E:\Project\python\Axon_v2.6Exp\data\待加入白名单\3FDA8EA189F8483B9E271FEB8AD6F186CF6742376E725C766FEFF2F932C2F77A,3fda8ea189f8483b9e271feb8ad6f186cf6742376e725c766feff2f932c2f77a,float32,49,True
195577,test,,uint8,8192,0,True,f356f294dd790083dbf4ff6305b59d2f61bcb1e83654904cf4a30e2ecb6d5692,high_fp_conflict_prob_ge_0.95,0,float32,256,FP,0.9512265921,1,,0,,float32,256,False,True,False,False,False,332,0,4,1,,C_unfixed_high_conflict,462,f356f294dd790083dbf4ff6305b59d2f61bcb1e83654904cf4a30e2ecb6d5692,E:\Project\python\Axon_v2.6Exp\data\待加入白名单\f356f294dd790083dbf4ff6305b59d2f61bcb1e83654904cf4a30e2ecb6d5692.exe,f356f294dd790083dbf4ff6305b59d2f61bcb1e83654904cf4a30e2ecb6d5692,float32,49,True
90559,test,,uint8,8192,0,True,71b532e7247f5c0437c951d5eb1c3e361b50a80e114cfa3fd9d5b02e83f05250,high_fp_conflict_prob_ge_0.95,0,float32,256,FP,0.9505367875,1,,0,,float32,256,True,True,True,False,False,332,0,5,1,,C_unfixed_high_conflict,463,71b532e7247f5c0437c951d5eb1c3e361b50a80e114cfa3fd9d5b02e83f05250,E:\Project\python\Axon_v2.6Exp\data\待加入白名单\71B532E7247F5C0437C951D5EB1C3E361B50A80E114CFA3FD9D5B02E83F05250,71b532e7247f5c0437c951d5eb1c3e361b50a80e114cfa3fd9d5b02e83f05250,float32,49,True
83826,test,,uint8,8192,1,True,4b5ee9962063e5db3c8a8b4467fb43c826e54a60b43583ba06f828cedf27d1b4,high_fn_conflict_prob_le_0.05,1,float32,256,FN,0.0120763145,1,,0,,float32,256,False,True,True,True,False,34404,20320,7,1,,C_unfixed_high_conflict,464,4b5ee9962063e5db3c8a8b4467fb43c826e54a60b43583ba06f828cedf27d1b4,E:\Project\python\Axon_v2.6Exp\data\待拉黑\2026-03\2026-03-01\4b5ee9962063e5db3c8a8b4467fb43c826e54a60b43583ba06f828cedf27d1b4.exe,4b5ee9962063e5db3c8a8b4467fb43c826e54a60b43583ba06f828cedf27d1b4,float32,49,True
100739,test,,uint8,8192,1,True,74c931ee8a2e96b4ca8c48dab25e084bf29069eae66be182bd5f4243f5418f63,high_fn_conflict_prob_le_0.05,1,float32,256,FN,0.0129639367,1,,0,,float32,256,True,True,True,False,True,34404,16,6,1,,C_unfixed_high_conflict,465,74c931ee8a2e96b4ca8c48dab25e084bf29069eae66be182bd5f4243f5418f63,E:\Project\python\Axon_v2.6Exp\data\待拉黑\2026-03\2026-03-01\74c931ee8a2e96b4ca8c48dab25e084bf29069eae66be182bd5f4243f5418f63.exe,74c931ee8a2e96b4ca8c48dab25e084bf29069eae66be182bd5f4243f5418f63,float32,49,True
89505,test,,uint8,8192,1,True,8bacb2082eb37fd7aed5bb6a7fc766d9937d9f3ed926ae82420d37af754a216c,high_fn_conflict_prob_le_0.05,1,float32,256,FN,0.0148757929,1,,0,,float32,256,True,True,True,False,True,34404,0,10,1,,C_unfixed_high_conflict,466,8bacb2082eb37fd7aed5bb6a7fc766d9937d9f3ed926ae82420d37af754a216c,E:\Project\python\Axon_v2.6Exp\data\待拉黑\2026-03\2026-03-01\8bacb2082eb37fd7aed5bb6a7fc766d9937d9f3ed926ae82420d37af754a216c.exe,8bacb2082eb37fd7aed5bb6a7fc766d9937d9f3ed926ae82420d37af754a216c,float32,49,True
63159,test,,uint8,8192,1,True,04de630d6f6cd8888597b55581032d01d6b6f1c26e106e7aae40ce6f2374d865,high_fn_conflict_prob_le_0.05,1,float32,256,FN,0.015718475,1,,0,,float32,256,False,True,True,False,False,332,0,6,1,,C_unfixed_high_conflict,467,04de630d6f6cd8888597b55581032d01d6b6f1c26e106e7aae40ce6f2374d865,E:\Project\python\Axon_v2.6Exp\data\待拉黑\2026-03\2026-03-01\04de630d6f6cd8888597b55581032d01d6b6f1c26e106e7aae40ce6f2374d865_04DE630D6F6CD8888597B55581032D01D6B6F1C26E106E7AAE40CE6F2374D865.exe,04de630d6f6cd8888597b55581032d01d6b6f1c26e106e7aae40ce6f2374d865,float32,49,True
71936,test,,uint8,8192,1,True,056e009d92a06f8d1db6110dfe6371edb28634a5fe915d2c1a34686b1b639145,high_fn_conflict_prob_le_0.05,1,float32,256,FN,0.0172991212,1,,0,,float32,256,False,True,True,True,False,34404,28808,8,1,,C_unfixed_high_conflict,468,056e009d92a06f8d1db6110dfe6371edb28634a5fe915d2c1a34686b1b639145,E:\Project\python\Axon_v2.6Exp\data\待拉黑\2026-03\2026-03-01\056e009d92a06f8d1db6110dfe6371edb28634a5fe915d2c1a34686b1b639145.exe,056e009d92a06f8d1db6110dfe6371edb28634a5fe915d2c1a34686b1b639145,float32,49,True
60378,test,,uint8,8192,1,True,2451c750a51fb4d0059d12398bf944bf2ed4d09766c48f6404616ab5b0e87565,high_fn_conflict_prob_le_0.05,1,float32,256,FN,0.0172991212,1,,0,,float32,256,False,True,True,True,False,34404,28813,8,1,,C_unfixed_high_conflict,469,2451c750a51fb4d0059d12398bf944bf2ed4d09766c48f6404616ab5b0e87565,E:\Project\python\Axon_v2.6Exp\data\待拉黑\2026-03\2026-03-01\2451c750a51fb4d0059d12398bf944bf2ed4d09766c48f6404616ab5b0e87565.exe,2451c750a51fb4d0059d12398bf944bf2ed4d09766c48f6404616ab5b0e87565,float32,49,True
122492,test,,uint8,8192,1,True,3f44fbef79c5da44b34ea4e05334f563b5bde533ddc3cc174ed71a0250969f23,high_fn_conflict_prob_le_0.05,1,float32,256,FN,0.0190545917,1,,0,,float32,256,False,True,False,False,False,34404,14,11,1,,C_unfixed_high_conflict,470,3f44fbef79c5da44b34ea4e05334f563b5bde533ddc3cc174ed71a0250969f23,E:\Project\python\Axon_v2.6Exp\data\待拉黑\2026-03\2026-03-01\3f44fbef79c5da44b34ea4e05334f563b5bde533ddc3cc174ed71a0250969f23.exe,3f44fbef79c5da44b34ea4e05334f563b5bde533ddc3cc174ed71a0250969f23,float32,49,True
40731,test,,uint8,8192,1,True,4c0a0d105e1c8398cbefae89e2409d764bd3d0abfbbb72fb56332f3be72d85c1,high_fn_conflict_prob_le_0.05,1,float32,256,FN,0.0200470835,1,,0,,float32,256,False,True,False,False,False,34404,14,11,1,,C_unfixed_high_conflict,471,4c0a0d105e1c8398cbefae89e2409d764bd3d0abfbbb72fb56332f3be72d85c1,E:\Project\python\Axon_v2.6Exp\data\待拉黑\2026-03\2026-03-01\4c0a0d105e1c8398cbefae89e2409d764bd3d0abfbbb72fb56332f3be72d85c1.exe,4c0a0d105e1c8398cbefae89e2409d764bd3d0abfbbb72fb56332f3be72d85c1,float32,49,True
118625,test,,uint8,8192,1,True,b5b913c9c636c9270a1a5a7726f2f596d220cfa2192151e03d25e34d8f1bab9c,high_fn_conflict_prob_le_0.05,1,float32,256,FN,0.0216744784,1,,0,,float32,256,True,True,True,True,True,34404,9085,7,1,,C_unfixed_high_conflict,472,b5b913c9c636c9270a1a5a7726f2f596d220cfa2192151e03d25e34d8f1bab9c,E:\Project\python\Axon_v2.6Exp\data\待拉黑\2026-03\2026-03-01\b5b913c9c636c9270a1a5a7726f2f596d220cfa2192151e03d25e34d8f1bab9c.dll,b5b913c9c636c9270a1a5a7726f2f596d220cfa2192151e03d25e34d8f1bab9c,float32,49,True
87631,test,,uint8,8192,1,True,8e408e96635bc20fb8a5e64ae8bee4fafcb0935029f73bd25594650c6afc5f82,high_fn_conflict_prob_le_0.05,1,float32,256,FN,0.0280339494,1,,0,,float32,256,False,False,True,True,False,34404,7243,2,1,,C_unfixed_high_conflict,473,8e408e96635bc20fb8a5e64ae8bee4fafcb0935029f73bd25594650c6afc5f82,E:\Project\python\Axon_v2.6Exp\data\待拉黑\2026-03\2026-03-01\8e408e96635bc20fb8a5e64ae8bee4fafcb0935029f73bd25594650c6afc5f82.exe,8e408e96635bc20fb8a5e64ae8bee4fafcb0935029f73bd25594650c6afc5f82,float32,49,True
181553,test,,uint8,8192,1,True,a307152375cbaa31badc16ea85638b2ee2aada36d245aeb492edf408fd2b52d2,high_fn_conflict_prob_le_0.05,1,float32,256,FN,0.0331722386,1,,0,,float32,256,False,True,True,False,True,332,0,3,1,,C_unfixed_high_conflict,474,a307152375cbaa31badc16ea85638b2ee2aada36d245aeb492edf408fd2b52d2,E:\Project\python\Axon_v2.6Exp\data\待拉黑\2026-03\2026-03-01\a307152375cbaa31badc16ea85638b2ee2aada36d245aeb492edf408fd2b52d2.dll,a307152375cbaa31badc16ea85638b2ee2aada36d245aeb492edf408fd2b52d2,float32,49,True
186180,test,,uint8,8192,1,True,0bc86b678d20a0b33a5486de5d8882e084025689009cdf1c7cac5bf676b614f2,high_fn_conflict_prob_le_0.05,1,float32,256,FN,0.0391106643,1,,0,,float32,256,False,True,True,False,False,34404,0,6,1,,C_unfixed_high_conflict,475,0bc86b678d20a0b33a5486de5d8882e084025689009cdf1c7cac5bf676b614f2,E:\Project\python\Axon_v2.6Exp\data\待拉黑\2026-03\2026-03-01\0bc86b678d20a0b33a5486de5d8882e084025689009cdf1c7cac5bf676b614f2.exe,0bc86b678d20a0b33a5486de5d8882e084025689009cdf1c7cac5bf676b614f2,float32,49,True
88173,test,,uint8,8192,1,True,9a4d446043926e94dff957f7cc13326aca9565665f8e78c74885f3c1f4a12ce3,high_fn_conflict_prob_le_0.05,1,float32,256,FN,0.0453952588,1,,0,,float32,256,False,True,True,False,True,34404,4,6,1,,C_unfixed_high_conflict,476,9a4d446043926e94dff957f7cc13326aca9565665f8e78c74885f3c1f4a12ce3,E:\Project\python\Axon_v2.6Exp\data\待拉黑\2026-03\2026-03-01\9a4d446043926e94dff957f7cc13326aca9565665f8e78c74885f3c1f4a12ce3.exe,9a4d446043926e94dff957f7cc13326aca9565665f8e78c74885f3c1f4a12ce3,float32,49,True
55040,test,,uint8,8192,1,True,0f0a5bd83ca90797d7b722a030505692221798c3271336337b9288b3960a4b55,high_fn_conflict_prob_le_0.05,1,float32,256,FN,0.017593462,1,,0,,float32,256,False,True,True,False,True,332,0,3,1,,C_unfixed_high_conflict,477,0f0a5bd83ca90797d7b722a030505692221798c3271336337b9288b3960a4b55,E:\Project\python\Axon_v2.6Exp\data\待拉黑\2020-11\2020-11-17\0f0a5bd83ca90797d7b722a030505692221798c3271336337b9288b3960a4b55.dll,0f0a5bd83ca90797d7b722a030505692221798c3271336337b9288b3960a4b55,float32,49,True
77884,test,,uint8,8192,1,True,0aba5416ba793969887f3083b0859c4ab35bafd0a3797956f2626f22b5b35bc2,high_fn_conflict_prob_le_0.05,1,float32,256,FN,0.0394017398,1,,0,,float32,256,True,True,True,True,True,34404,14832,8,1,,C_unfixed_high_conflict,478,0aba5416ba793969887f3083b0859c4ab35bafd0a3797956f2626f22b5b35bc2,E:\Project\python\Axon_v2.6Exp\data\待拉黑\2020-11\2020-11-17\0aba5416ba793969887f3083b0859c4ab35bafd0a3797956f2626f22b5b35bc2.exe,0aba5416ba793969887f3083b0859c4ab35bafd0a3797956f2626f22b5b35bc2,float32,49,True
67156,test,,uint8,8192,1,True,ce8d7f8b041dbc6783f6bc618e1f3836055f13c935bcd28e2fe552ef23d636c1,high_fn_conflict_prob_le_0.05,1,float32,256,FN,0.0440041535,1,,0,,float32,256,False,True,True,True,False,332,6480,5,1,,C_unfixed_high_conflict,479,ce8d7f8b041dbc6783f6bc618e1f3836055f13c935bcd28e2fe552ef23d636c1,E:\Project\python\Axon_v2.6Exp\data\待拉黑\2020-11\2020-11-17\ce8d7f8b041dbc6783f6bc618e1f3836055f13c935bcd28e2fe552ef23d636c1.exe,ce8d7f8b041dbc6783f6bc618e1f3836055f13c935bcd28e2fe552ef23d636c1,float32,49,True
183339,test,,uint8,8192,1,True,0d185ea3b0a49c2fa65bfd2757c9d0705657f0639fd36f196ac394fcd38c361d,high_fn_conflict_prob_le_0.05,1,float32,256,FN,0.0265248846,1,,0,,float32,256,True,True,True,True,True,34404,0,7,1,,C_unfixed_high_conflict,480,0d185ea3b0a49c2fa65bfd2757c9d0705657f0639fd36f196ac394fcd38c361d,E:\Project\python\Axon_v2.6Exp\data\待拉黑\黑文件1\分类样本\Trojan\0d185ea3b0a49c2fa65bfd2757c9d0705657f0639fd36f196ac394fcd38c361d.exe,0d185ea3b0a49c2fa65bfd2757c9d0705657f0639fd36f196ac394fcd38c361d,float32,49,True
53033,test,,uint8,8192,1,True,c0c48afa5c73e1f1c9226433669ccfcfa66322594f9f01bf35cbe5cf3afd9514,high_fn_conflict_prob_le_0.05,1,float32,256,FN,0.0416899845,1,,0,,float32,256,False,True,False,False,False,34404,0,7,1,,C_unfixed_high_conflict,481,c0c48afa5c73e1f1c9226433669ccfcfa66322594f9f01bf35cbe5cf3afd9514,E:\Project\python\Axon_v2.6Exp\data\待拉黑\黑文件1\分类样本\Trojan\c0c48afa5c73e1f1c9226433669ccfcfa66322594f9f01bf35cbe5cf3afd9514.exe,c0c48afa5c73e1f1c9226433669ccfcfa66322594f9f01bf35cbe5cf3afd9514,float32,49,True
70110,test,,uint8,8192,1,True,2ccb6b36d3fde87cb057591fa9d154b96b8488dbd31f497fb377907408a05ad1,high_fn_conflict_prob_le_0.05,1,float32,256,FN,0.0265427195,1,,0,,float32,256,False,True,True,True,False,34404,11152,7,1,,C_unfixed_high_conflict,482,2ccb6b36d3fde87cb057591fa9d154b96b8488dbd31f497fb377907408a05ad1,E:\Project\python\Axon_v2.6Exp\data\待拉黑\2026-01\2026-01-06\2ccb6b36d3fde87cb057591fa9d154b96b8488dbd31f497fb377907408a05ad1.exe,2ccb6b36d3fde87cb057591fa9d154b96b8488dbd31f497fb377907408a05ad1,float32,49,True
72541,test,,uint8,8192,1,True,09a281ff8656e6de97f961cf97260b6477db426be0e4ac1c5e96f3a7b2106405,high_fn_conflict_prob_le_0.05,1,float32,256,FN,0.0374201089,1,,0,,float32,256,False,True,True,True,False,34404,11152,7,1,,C_unfixed_high_conflict,483,09a281ff8656e6de97f961cf97260b6477db426be0e4ac1c5e96f3a7b2106405,E:\Project\python\Axon_v2.6Exp\data\待拉黑\2026-01\2026-01-06\09a281ff8656e6de97f961cf97260b6477db426be0e4ac1c5e96f3a7b2106405.exe,09a281ff8656e6de97f961cf97260b6477db426be0e4ac1c5e96f3a7b2106405,float32,49,True
46860,test,,uint8,8192,1,True,58e768e30f6b8b7deecf73e11c89adf07bdc2094d532dfd989db2ad7ac8a48fe,high_fn_conflict_prob_le_0.05,1,float32,256,FN,0.0374201089,1,,0,,float32,256,False,True,True,True,False,34404,11152,7,1,,C_unfixed_high_conflict,484,58e768e30f6b8b7deecf73e11c89adf07bdc2094d532dfd989db2ad7ac8a48fe,E:\Project\python\Axon_v2.6Exp\data\待拉黑\2026-01\2026-01-06\58e768e30f6b8b7deecf73e11c89adf07bdc2094d532dfd989db2ad7ac8a48fe.exe,58e768e30f6b8b7deecf73e11c89adf07bdc2094d532dfd989db2ad7ac8a48fe,float32,49,True
61923,test,,uint8,8192,1,True,bf3d2eca4bdfd3be4d1b858c4fe7aba8e55e390605b9d88b5d8ab0d2ed657dea,high_fn_conflict_prob_le_0.05,1,float32,256,FN,0.0374201089,1,,0,,float32,256,False,True,True,True,False,34404,11152,7,1,,C_unfixed_high_conflict,485,bf3d2eca4bdfd3be4d1b858c4fe7aba8e55e390605b9d88b5d8ab0d2ed657dea,E:\Project\python\Axon_v2.6Exp\data\待拉黑\2026-01\2026-01-06\bf3d2eca4bdfd3be4d1b858c4fe7aba8e55e390605b9d88b5d8ab0d2ed657dea.exe,bf3d2eca4bdfd3be4d1b858c4fe7aba8e55e390605b9d88b5d8ab0d2ed657dea,float32,49,True
76703,test,,uint8,8192,1,True,cf85a4816715b8fa6c1eb5b50d1c70cfef116522742f6f1c77cb8689166b9f40,high_fn_conflict_prob_le_0.05,1,float32,256,FN,0.0293441694,1,,0,,float32,256,True,True,True,True,False,34404,26692536,10,1,,C_unfixed_high_conflict,486,cf85a4816715b8fa6c1eb5b50d1c70cfef116522742f6f1c77cb8689166b9f40,E:\Project\python\Axon_v2.6Exp\data\待拉黑\2026-02\2026-02-23\cf85a4816715b8fa6c1eb5b50d1c70cfef116522742f6f1c77cb8689166b9f40.exe,cf85a4816715b8fa6c1eb5b50d1c70cfef116522742f6f1c77cb8689166b9f40,float32,49,True
119274,test,,uint8,8192,1,True,01e8ccdd92f9a49d43e5fce5dbd3560296d36757f88d4bb06ebd1fac2d9510a1,high_fn_conflict_prob_le_0.05,1,float32,256,FN,0.0111326845,1,,0,,float32,256,True,False,False,False,True,34404,0,9,1,,C_unfixed_high_conflict,487,01e8ccdd92f9a49d43e5fce5dbd3560296d36757f88d4bb06ebd1fac2d9510a1,E:\Project\python\Axon_v2.6Exp\data\待拉黑\2020-06\2020-06-25\01e8ccdd92f9a49d43e5fce5dbd3560296d36757f88d4bb06ebd1fac2d9510a1.exe,01e8ccdd92f9a49d43e5fce5dbd3560296d36757f88d4bb06ebd1fac2d9510a1,float32,49,True
81281,test,,uint8,8192,1,True,218a8ab193e8825efb2edb3dc4cb26d23108ab1596025a98e82188bfe017842c,high_fn_conflict_prob_le_0.05,1,float32,256,FN,0.0111326845,1,,0,,float32,256,True,False,False,False,True,34404,0,9,1,,C_unfixed_high_conflict,488,218a8ab193e8825efb2edb3dc4cb26d23108ab1596025a98e82188bfe017842c,E:\Project\python\Axon_v2.6Exp\data\待拉黑\2020-06\2020-06-25\218a8ab193e8825efb2edb3dc4cb26d23108ab1596025a98e82188bfe017842c.exe,218a8ab193e8825efb2edb3dc4cb26d23108ab1596025a98e82188bfe017842c,float32,49,True
186935,test,,uint8,8192,1,True,186aa2c281ca7bb699ce0b48240b7559a9ac5b0ba260fb78b81ec53249548f62,high_fn_conflict_prob_le_0.05,1,float32,256,FN,0.0188100338,1,,0,,float32,256,False,False,True,True,False,34404,12072,2,1,,C_unfixed_high_conflict,489,186aa2c281ca7bb699ce0b48240b7559a9ac5b0ba260fb78b81ec53249548f62,E:\Project\python\Axon_v2.6Exp\data\待拉黑\2025-11\2025-11-22\186aa2c281ca7bb699ce0b48240b7559a9ac5b0ba260fb78b81ec53249548f62.exe,186aa2c281ca7bb699ce0b48240b7559a9ac5b0ba260fb78b81ec53249548f62,float32,49,True
94356,test,,uint8,8192,1,True,ae8cca2b0e0afc7fc2905983059d731a065be9313bdd97ffe94afd1169307116,high_fn_conflict_prob_le_0.05,1,float32,256,FN,0.0495347604,1,,0,,float32,256,False,True,True,True,False,34404,12136,6,1,,C_unfixed_high_conflict,490,ae8cca2b0e0afc7fc2905983059d731a065be9313bdd97ffe94afd1169307116,E:\Project\python\Axon_v2.6Exp\data\待拉黑\2025-11\2025-11-22\ae8cca2b0e0afc7fc2905983059d731a065be9313bdd97ffe94afd1169307116.exe,ae8cca2b0e0afc7fc2905983059d731a065be9313bdd97ffe94afd1169307116,float32,49,True
135831,test,,uint8,8192,1,True,657b2b7ae184db3d939c2e89ec276a01d225618684a814722522e356dab37df5,high_fn_conflict_prob_le_0.05,1,float32,256,FN,0.0104609886,1,,0,,float32,256,True,True,True,True,True,332,5976,4,1,,C_unfixed_high_conflict,491,657b2b7ae184db3d939c2e89ec276a01d225618684a814722522e356dab37df5,E:\Project\python\Axon_v2.6Exp\data\待拉黑\2026-02\2026-02-03\657b2b7ae184db3d939c2e89ec276a01d225618684a814722522e356dab37df5.dll,657b2b7ae184db3d939c2e89ec276a01d225618684a814722522e356dab37df5,float32,49,True
80139,test,,uint8,8192,1,True,5ffeeaf5b984521dc92adab9f51e853eed7eb5611154a425986653b7fe9401ee,high_fn_conflict_prob_le_0.05,1,float32,256,FN,0.0293441694,1,,0,,float32,256,True,True,True,True,False,34404,26692552,10,1,,C_unfixed_high_conflict,492,5ffeeaf5b984521dc92adab9f51e853eed7eb5611154a425986653b7fe9401ee,E:\Project\python\Axon_v2.6Exp\data\待拉黑\2026-02\2026-02-06\5ffeeaf5b984521dc92adab9f51e853eed7eb5611154a425986653b7fe9401ee.exe,5ffeeaf5b984521dc92adab9f51e853eed7eb5611154a425986653b7fe9401ee,float32,49,True
66553,test,,uint8,8192,1,True,8541a01b5cabba61606bb35d72edc829092c15cc0c56bf0e6fa9113f03bf68f2,high_fn_conflict_prob_le_0.05,1,float32,256,FN,0.0293441694,1,,0,,float32,256,True,True,True,True,False,34404,26694384,10,1,,C_unfixed_high_conflict,493,8541a01b5cabba61606bb35d72edc829092c15cc0c56bf0e6fa9113f03bf68f2,E:\Project\python\Axon_v2.6Exp\data\待拉黑\2026-02\2026-02-06\8541a01b5cabba61606bb35d72edc829092c15cc0c56bf0e6fa9113f03bf68f2.exe,8541a01b5cabba61606bb35d72edc829092c15cc0c56bf0e6fa9113f03bf68f2,float32,49,True
90337,test,,uint8,8192,1,True,3d8d0c15272b1c4f73a22af7599aad7c34b7c7bbff4030f11e8e15a1999b176f,high_fn_conflict_prob_le_0.05,1,float32,256,FN,0.0305795707,1,,0,,float32,256,True,True,True,False,True,34404,0,6,1,,C_unfixed_high_conflict,494,3d8d0c15272b1c4f73a22af7599aad7c34b7c7bbff4030f11e8e15a1999b176f,E:\Project\python\Axon_v2.6Exp\data\待拉黑\2026-02\2026-02-06\3d8d0c15272b1c4f73a22af7599aad7c34b7c7bbff4030f11e8e15a1999b176f.exe,3d8d0c15272b1c4f73a22af7599aad7c34b7c7bbff4030f11e8e15a1999b176f,float32,49,True
138834,test,,uint8,8192,1,True,bf68363c329fc5329ad2824795d0788834e35f05c6e5589061515cdc8cb81038,high_fn_conflict_prob_le_0.05,1,float32,256,FN,0.0265787765,1,,0,,float32,256,False,True,True,False,True,332,0,3,1,,C_unfixed_high_conflict,495,bf68363c329fc5329ad2824795d0788834e35f05c6e5589061515cdc8cb81038,E:\Project\python\Axon_v2.6Exp\data\待拉黑\2020-07\2020-07-09\bf68363c329fc5329ad2824795d0788834e35f05c6e5589061515cdc8cb81038.dll,bf68363c329fc5329ad2824795d0788834e35f05c6e5589061515cdc8cb81038,float32,49,True
147791,test,,uint8,8192,1,True,1f51e24421ded82d07273740060e9340235b5dabf48a31f45b9f0f935fd6621b,high_fn_conflict_prob_le_0.05,1,float32,256,FN,0.044416938,1,,0,,float32,256,False,True,True,False,True,332,0,3,1,,C_unfixed_high_conflict,496,1f51e24421ded82d07273740060e9340235b5dabf48a31f45b9f0f935fd6621b,E:\Project\python\Axon_v2.6Exp\data\待拉黑\2020-07\2020-07-09\1f51e24421ded82d07273740060e9340235b5dabf48a31f45b9f0f935fd6621b.dll,1f51e24421ded82d07273740060e9340235b5dabf48a31f45b9f0f935fd6621b,float32,49,True
110241,test,,uint8,8192,1,True,6d09fa6b81e9e39558e77a821e17b34b84e327be7d97e0cdb9efc146bf4e85f7,high_fn_conflict_prob_le_0.05,1,float32,256,FN,0.0101904375,1,,0,,float32,256,False,True,False,True,False,34404,8528,6,1,,C_unfixed_high_conflict,497,6d09fa6b81e9e39558e77a821e17b34b84e327be7d97e0cdb9efc146bf4e85f7,E:\Project\python\Axon_v2.6Exp\data\待拉黑\2020-09\2020-09-01\6d09fa6b81e9e39558e77a821e17b34b84e327be7d97e0cdb9efc146bf4e85f7.exe,6d09fa6b81e9e39558e77a821e17b34b84e327be7d97e0cdb9efc146bf4e85f7,float32,49,True
98708,test,,uint8,8192,1,True,7789d058979880e30a0b4da862fafd3eccf0e10c2c3bb46fe7877fb8c1c1f65e,high_fn_conflict_prob_le_0.05,1,float32,256,FN,0.0122256801,1,,0,,float32,256,False,True,True,False,True,332,0,3,1,,C_unfixed_high_conflict,498,7789d058979880e30a0b4da862fafd3eccf0e10c2c3bb46fe7877fb8c1c1f65e,E:\Project\python\Axon_v2.6Exp\data\待拉黑\2021-04\2021-04-07\7789d058979880e30a0b4da862fafd3eccf0e10c2c3bb46fe7877fb8c1c1f65e.dll,7789d058979880e30a0b4da862fafd3eccf0e10c2c3bb46fe7877fb8c1c1f65e,float32,49,True
40832,test,,uint8,8192,1,True,dabe67448d753a3b08dc3402e5f7824ec37bbb0cfdc0bfbc8ff563e63aad85e4,high_fn_conflict_prob_le_0.05,1,float32,256,FN,0.0136597902,1,,0,,float32,256,True,True,True,False,True,332,0,4,1,,C_unfixed_high_conflict,499,dabe67448d753a3b08dc3402e5f7824ec37bbb0cfdc0bfbc8ff563e63aad85e4,E:\Project\python\Axon_v2.6Exp\data\待拉黑\2021-04\2021-04-30\dabe67448d753a3b08dc3402e5f7824ec37bbb0cfdc0bfbc8ff563e63aad85e4.dll,dabe67448d753a3b08dc3402e5f7824ec37bbb0cfdc0bfbc8ff563e63aad85e4,float32,49,True
143069,test,,uint8,8192,1,True,ea82ec84d3fd7d52e55de18b097591ec2f8c7a995e89a27069fef571e90bc189,high_fn_conflict_prob_le_0.05,1,float32,256,FN,0.04835774,1,,0,,float32,256,True,True,True,False,True,332,0,4,1,,C_unfixed_high_conflict,500,ea82ec84d3fd7d52e55de18b097591ec2f8c7a995e89a27069fef571e90bc189,E:\Project\python\Axon_v2.6Exp\data\待拉黑\2021-04\2021-04-30\ea82ec84d3fd7d52e55de18b097591ec2f8c7a995e89a27069fef571e90bc189.dll,ea82ec84d3fd7d52e55de18b097591ec2f8c7a995e89a27069fef571e90bc189,float32,49,True
162271,test,,uint8,8192,1,True,9fd7252995365bc429770260a25bdc5b48e4bb284c4528355a1799e40ef7cab0,high_fn_conflict_prob_le_0.05,1,float32,256,FN,0.0191675313,1,,0,,float32,256,False,True,True,True,False,34404,8008,5,1,,C_unfixed_high_conflict,501,9fd7252995365bc429770260a25bdc5b48e4bb284c4528355a1799e40ef7cab0,E:\Project\python\Axon_v2.6Exp\data\待拉黑\2021-05\2021-05-31\9fd7252995365bc429770260a25bdc5b48e4bb284c4528355a1799e40ef7cab0.exe,9fd7252995365bc429770260a25bdc5b48e4bb284c4528355a1799e40ef7cab0,float32,49,True
117232,test,,uint8,8192,1,True,5f586759fb57a53f6ad65cec0208d9978e3fe6d5e46067f749c25af7596f1b0f,high_fn_conflict_prob_le_0.05,1,float32,256,FN,0.0250845272,1,,0,,float32,256,True,True,True,True,True,34404,8008,7,1,,C_unfixed_high_conflict,502,5f586759fb57a53f6ad65cec0208d9978e3fe6d5e46067f749c25af7596f1b0f,E:\Project\python\Axon_v2.6Exp\data\待拉黑\2021-05\2021-05-31\5f586759fb57a53f6ad65cec0208d9978e3fe6d5e46067f749c25af7596f1b0f.exe,5f586759fb57a53f6ad65cec0208d9978e3fe6d5e46067f749c25af7596f1b0f,float32,49,True
73163,test,,uint8,8192,1,True,51b9296ff1f562350cd63abd22c6032ef26d5ae6a3e2e5e0f851d8b1a5d0ee35,high_fn_conflict_prob_le_0.05,1,float32,256,FN,0.0175849292,1,,0,,float32,256,True,True,True,False,True,34404,0,7,1,,C_unfixed_high_conflict,503,51b9296ff1f562350cd63abd22c6032ef26d5ae6a3e2e5e0f851d8b1a5d0ee35,E:\Project\python\Axon_v2.6Exp\data\待拉黑\2021-06\2021-06-14\51b9296ff1f562350cd63abd22c6032ef26d5ae6a3e2e5e0f851d8b1a5d0ee35.exe,51b9296ff1f562350cd63abd22c6032ef26d5ae6a3e2e5e0f851d8b1a5d0ee35,float32,49,True
162001,test,,uint8,8192,1,True,3aa3a80a403194be781482d4c954adc4ebd773cfd1fa008c2072c591b4bb5c5f,high_fn_conflict_prob_le_0.05,1,float32,256,FN,0.0347807929,1,,0,,float32,256,True,True,True,False,True,332,0,6,1,,C_unfixed_high_conflict,504,3aa3a80a403194be781482d4c954adc4ebd773cfd1fa008c2072c591b4bb5c5f,E:\Project\python\Axon_v2.6Exp\data\待拉黑\2021-06\2021-06-14\3aa3a80a403194be781482d4c954adc4ebd773cfd1fa008c2072c591b4bb5c5f.dll,3aa3a80a403194be781482d4c954adc4ebd773cfd1fa008c2072c591b4bb5c5f,float32,49,True
61006,test,,uint8,8192,1,True,6880a560c6cc3dd49bdc94a90dcc8dc69e55a6d842e76bb0dff0038bad6a762f,high_fn_conflict_prob_le_0.05,1,float32,256,FN,0.0492537618,1,,0,,float32,256,True,True,True,True,True,34404,9184,8,1,,C_unfixed_high_conflict,505,6880a560c6cc3dd49bdc94a90dcc8dc69e55a6d842e76bb0dff0038bad6a762f,E:\Project\python\Axon_v2.6Exp\data\待拉黑\2021-07\2021-07-20\6880a560c6cc3dd49bdc94a90dcc8dc69e55a6d842e76bb0dff0038bad6a762f.exe,6880a560c6cc3dd49bdc94a90dcc8dc69e55a6d842e76bb0dff0038bad6a762f,float32,49,True
166002,test,,uint8,8192,1,True,e6f058e5fa0e769a8d00369e19d17c3ae2c36dcd697bebd701279438687f386d,high_fn_conflict_prob_le_0.05,1,float32,256,FN,0.013201165,1,,0,,float32,256,True,True,True,False,True,34404,0,7,1,,C_unfixed_high_conflict,506,e6f058e5fa0e769a8d00369e19d17c3ae2c36dcd697bebd701279438687f386d,E:\Project\python\Axon_v2.6Exp\data\待拉黑\2025-10\2025-10-19\e6f058e5fa0e769a8d00369e19d17c3ae2c36dcd697bebd701279438687f386d.exe,e6f058e5fa0e769a8d00369e19d17c3ae2c36dcd697bebd701279438687f386d,float32,49,True
47502,test,,uint8,8192,1,True,6b406379aead59573df6d5ca0eaa05966c6df67931d1d18faf4ffcf3e7ca9c3b,high_fn_conflict_prob_le_0.05,1,float32,256,FN,0.0200337041,1,,0,,float32,256,False,True,False,True,False,34404,10856,10,1,,C_unfixed_high_conflict,507,6b406379aead59573df6d5ca0eaa05966c6df67931d1d18faf4ffcf3e7ca9c3b,E:\Project\python\Axon_v2.6Exp\data\待拉黑\2025-12\2025-12-13\6b406379aead59573df6d5ca0eaa05966c6df67931d1d18faf4ffcf3e7ca9c3b.exe,6b406379aead59573df6d5ca0eaa05966c6df67931d1d18faf4ffcf3e7ca9c3b,float32,49,True
70620,test,,uint8,8192,1,True,a7b351abcc254df7750d69e327aabcf15bd458b229b0a43347cc1e374870d1bb,high_fn_conflict_prob_le_0.05,1,float32,256,FN,0.0392086543,1,,0,,float32,256,False,True,True,True,False,34404,11536,7,1,,C_unfixed_high_conflict,508,a7b351abcc254df7750d69e327aabcf15bd458b229b0a43347cc1e374870d1bb,E:\Project\python\Axon_v2.6Exp\data\待拉黑\2026-02\2026-02-11\a7b351abcc254df7750d69e327aabcf15bd458b229b0a43347cc1e374870d1bb.exe,a7b351abcc254df7750d69e327aabcf15bd458b229b0a43347cc1e374870d1bb,float32,49,True
76227,test,,uint8,8192,1,True,0c7b5f5ebd66465ca682b496f7937bd056c04ec7d156e78dde012ef8541ef4b4,high_fn_conflict_prob_le_0.05,1,float32,256,FN,0.0119286571,1,,0,,float32,256,True,True,True,True,True,332,11446328,6,1,,C_unfixed_high_conflict,509,0c7b5f5ebd66465ca682b496f7937bd056c04ec7d156e78dde012ef8541ef4b4,E:\Project\python\Axon_v2.6Exp\data\待拉黑\2026-03\2026-03-17\0c7b5f5ebd66465ca682b496f7937bd056c04ec7d156e78dde012ef8541ef4b4.dll,0c7b5f5ebd66465ca682b496f7937bd056c04ec7d156e78dde012ef8541ef4b4,float32,49,True
59516,test,,uint8,8192,1,True,d701d7d7db2536cc21ca3710872e9d86cba52d409eb4f88ae22b6c75ea924ecd,high_fn_conflict_prob_le_0.05,1,float32,256,FN,0.012819211,1,,0,,float32,256,False,True,False,True,False,34404,6160,6,1,,C_unfixed_high_conflict,510,d701d7d7db2536cc21ca3710872e9d86cba52d409eb4f88ae22b6c75ea924ecd,E:\Project\python\Axon_v2.6Exp\data\待拉黑\黑文件1\samples\samples\Winnti\d701d7d7db2536cc21ca3710872e9d86cba52d409eb4f88ae22b6c75ea924ecd_extracted\d701d7d7db2536cc21ca3710872e9d86cba52d409eb4f88ae22b6c75ea924ecd,d701d7d7db2536cc21ca3710872e9d86cba52d409eb4f88ae22b6c75ea924ecd,float32,49,True
58842,test,,uint8,8192,1,True,0fe4f7c5b0bee4f32d84db8cc6acdcb202f00e396bbda7770d3faafe066cb367,high_fn_conflict_prob_le_0.05,1,float32,256,FN,0.0134246061,1,,0,,float32,256,True,True,True,False,True,332,0,4,1,,C_unfixed_high_conflict,511,0fe4f7c5b0bee4f32d84db8cc6acdcb202f00e396bbda7770d3faafe066cb367,E:\Project\python\Axon_v2.6Exp\data\待拉黑\2020-08\2022-08-16\0fe4f7c5b0bee4f32d84db8cc6acdcb202f00e396bbda7770d3faafe066cb367.dll,0fe4f7c5b0bee4f32d84db8cc6acdcb202f00e396bbda7770d3faafe066cb367,float32,49,True
158057,test,,uint8,8192,1,True,cdf8c666defff2efee1f6becada73470e31f7ee13292631b32a5d6689dc3cb0a,high_fn_conflict_prob_le_0.05,1,float32,256,FN,0.0302196033,1,,0,,float32,256,True,True,True,True,False,332,15664,5,1,,C_unfixed_high_conflict,512,cdf8c666defff2efee1f6becada73470e31f7ee13292631b32a5d6689dc3cb0a,E:\Project\python\Axon_v2.6Exp\data\待拉黑\2020-10\2020-10-02\cdf8c666defff2efee1f6becada73470e31f7ee13292631b32a5d6689dc3cb0a.exe,cdf8c666defff2efee1f6becada73470e31f7ee13292631b32a5d6689dc3cb0a,float32,49,True
131986,test,,uint8,8192,1,True,d2eee2fa771e54c1a44cfc4d40eef50be4776a25987b72633f7b91faf2302092,high_fn_conflict_prob_le_0.05,1,float32,256,FN,0.0341436528,1,,0,,float32,256,False,True,True,True,False,34404,9936,7,1,,C_unfixed_high_conflict,513,d2eee2fa771e54c1a44cfc4d40eef50be4776a25987b72633f7b91faf2302092,E:\Project\python\Axon_v2.6Exp\data\待拉黑\2020-10\2020-10-19\d2eee2fa771e54c1a44cfc4d40eef50be4776a25987b72633f7b91faf2302092.exe,d2eee2fa771e54c1a44cfc4d40eef50be4776a25987b72633f7b91faf2302092,float32,49,True
106054,test,,uint8,8192,1,True,27679f682c29de1cfeb2e340de9cec9943714b02bee33245f6a4c322e11c2ab2,high_fn_conflict_prob_le_0.05,1,float32,256,FN,0.0207867455,1,,0,,float32,256,False,True,True,False,True,332,0,3,1,,C_unfixed_high_conflict,514,27679f682c29de1cfeb2e340de9cec9943714b02bee33245f6a4c322e11c2ab2,E:\Project\python\Axon_v2.6Exp\data\待拉黑\2021-04\2021-04-03\27679f682c29de1cfeb2e340de9cec9943714b02bee33245f6a4c322e11c2ab2.dll,27679f682c29de1cfeb2e340de9cec9943714b02bee33245f6a4c322e11c2ab2,float32,49,True
192479,test,,uint8,8192,1,True,f0519a2a17ee42d5c8b3a9c01a8d678aedccabf3007f119eab6e64c8338a1cfb,high_fn_conflict_prob_le_0.05,1,float32,256,FN,0.0157990158,1,,0,,float32,256,True,True,True,False,True,332,0,5,1,,C_unfixed_high_conflict,515,f0519a2a17ee42d5c8b3a9c01a8d678aedccabf3007f119eab6e64c8338a1cfb,E:\Project\python\Axon_v2.6Exp\data\待拉黑\2021-04\2021-04-26\f0519a2a17ee42d5c8b3a9c01a8d678aedccabf3007f119eab6e64c8338a1cfb.dll,f0519a2a17ee42d5c8b3a9c01a8d678aedccabf3007f119eab6e64c8338a1cfb,float32,49,True
76963,test,,uint8,8192,1,True,7ceafadb914fdfeae699b907e8fdacaaf039052a57cca3468621d813a974d942,high_fn_conflict_prob_le_0.05,1,float32,256,FN,0.0301323794,1,,0,,float32,256,True,True,True,True,True,34404,8200,7,1,,C_unfixed_high_conflict,516,7ceafadb914fdfeae699b907e8fdacaaf039052a57cca3468621d813a974d942,E:\Project\python\Axon_v2.6Exp\data\待拉黑\2021-04\2021-04-28\7ceafadb914fdfeae699b907e8fdacaaf039052a57cca3468621d813a974d942.exe,7ceafadb914fdfeae699b907e8fdacaaf039052a57cca3468621d813a974d942,float32,49,True
45905,test,,uint8,8192,1,True,0296e2ce999e67c76352613a718e11516fe1b0efc3ffdb8918fc999dd76a73a5,high_fn_conflict_prob_le_0.05,1,float32,256,FN,0.0219665114,1,,0,,float32,256,False,True,False,True,False,34404,6648,6,1,,C_unfixed_high_conflict,517,0296e2ce999e67c76352613a718e11516fe1b0efc3ffdb8918fc999dd76a73a5,E:\Project\python\Axon_v2.6Exp\data\待拉黑\2021-05\2021-05-05\0296e2ce999e67c76352613a718e11516fe1b0efc3ffdb8918fc999dd76a73a5.exe,0296e2ce999e67c76352613a718e11516fe1b0efc3ffdb8918fc999dd76a73a5,float32,49,True
86412,test,,uint8,8192,1,True,9753aa0861a3f7689476ec1c808cc6a242687d7d6e2091c1e414a9ae9139a603,high_fn_conflict_prob_le_0.05,1,float32,256,FN,0.0448891148,1,,0,,float32,256,False,True,True,False,False,34404,0,4,1,,C_unfixed_high_conflict,518,9753aa0861a3f7689476ec1c808cc6a242687d7d6e2091c1e414a9ae9139a603,E:\Project\python\Axon_v2.6Exp\data\待拉黑\2021-07\2021-07-02\9753aa0861a3f7689476ec1c808cc6a242687d7d6e2091c1e414a9ae9139a603.exe,9753aa0861a3f7689476ec1c808cc6a242687d7d6e2091c1e414a9ae9139a603,float32,49,True
133583,test,,uint8,8192,1,True,4c1b0156ae10399cd738495c490b4586160ad4f28d5fed767c593baefd0fd893,high_fn_conflict_prob_le_0.05,1,float32,256,FN,0.0171615127,1,,0,,float32,256,False,True,True,False,True,332,0,3,1,,C_unfixed_high_conflict,519,4c1b0156ae10399cd738495c490b4586160ad4f28d5fed767c593baefd0fd893,E:\Project\python\Axon_v2.6Exp\data\待拉黑\2021-08\2021-08-06\4c1b0156ae10399cd738495c490b4586160ad4f28d5fed767c593baefd0fd893.dll,4c1b0156ae10399cd738495c490b4586160ad4f28d5fed767c593baefd0fd893,float32,49,True
147006,test,,uint8,8192,1,True,d2ddb3b216a6f13aec2537f159784b8aa971abbe24f79646e867123eb630ef14,high_fn_conflict_prob_le_0.05,1,float32,256,FN,0.0378719829,1,,0,,float32,256,False,True,True,True,False,332,3888,3,1,,C_unfixed_high_conflict,520,d2ddb3b216a6f13aec2537f159784b8aa971abbe24f79646e867123eb630ef14,E:\Project\python\Axon_v2.6Exp\data\待拉黑\2021-09\2021-09-01\d2ddb3b216a6f13aec2537f159784b8aa971abbe24f79646e867123eb630ef14.exe,d2ddb3b216a6f13aec2537f159784b8aa971abbe24f79646e867123eb630ef14,float32,49,True
62553,test,,uint8,8192,1,True,dd0b096af19eee7655ba36897db7d5c51355390eb7f6f11b08ff1dc56511970d,high_fn_conflict_prob_le_0.05,1,float32,256,FN,0.0184755195,1,,0,,float32,256,True,True,True,True,True,34404,8672,7,1,,C_unfixed_high_conflict,521,dd0b096af19eee7655ba36897db7d5c51355390eb7f6f11b08ff1dc56511970d,E:\Project\python\Axon_v2.6Exp\data\待拉黑\2021-10\2021-10-27\dd0b096af19eee7655ba36897db7d5c51355390eb7f6f11b08ff1dc56511970d.exe,dd0b096af19eee7655ba36897db7d5c51355390eb7f6f11b08ff1dc56511970d,float32,49,True
96948,test,,uint8,8192,1,True,72727bcae8d2079d29a6b04140410ff53b960686281f67abebe6cd1d0b50d31c,high_fn_conflict_prob_le_0.05,1,float32,256,FN,0.0399419889,1,,0,,float32,256,False,True,True,False,True,332,0,3,1,,C_unfixed_high_conflict,522,72727bcae8d2079d29a6b04140410ff53b960686281f67abebe6cd1d0b50d31c,E:\Project\python\Axon_v2.6Exp\data\待拉黑\2021-11\2021-11-10\72727bcae8d2079d29a6b04140410ff53b960686281f67abebe6cd1d0b50d31c.dll,72727bcae8d2079d29a6b04140410ff53b960686281f67abebe6cd1d0b50d31c,float32,49,True
116356,test,,uint8,8192,1,True,649be16e3a4b97eb66bbf76b23257663ba8cff36fff825c83d9f99711aa9432e,high_fn_conflict_prob_le_0.05,1,float32,256,FN,0.0196509399,1,,0,,float32,256,True,True,True,False,True,34404,0,6,1,,C_unfixed_high_conflict,523,649be16e3a4b97eb66bbf76b23257663ba8cff36fff825c83d9f99711aa9432e,E:\Project\python\Axon_v2.6Exp\data\待拉黑\2021-11\2021-11-22\649be16e3a4b97eb66bbf76b23257663ba8cff36fff825c83d9f99711aa9432e.xll,649be16e3a4b97eb66bbf76b23257663ba8cff36fff825c83d9f99711aa9432e,float32,49,True
82966,test,,uint8,8192,1,True,bd1f381e5a3db22e88776b7873d4d2835e9a1ec620571d2b1da0c58f81c84a56,high_fn_conflict_prob_le_0.05,1,float32,256,FN,0.0404954031,1,,0,,float32,256,False,True,False,False,False,34404,0,6,1,,C_unfixed_high_conflict,524,bd1f381e5a3db22e88776b7873d4d2835e9a1ec620571d2b1da0c58f81c84a56,E:\Project\python\Axon_v2.6Exp\data\待拉黑\2025-10\2025-10-01\bd1f381e5a3db22e88776b7873d4d2835e9a1ec620571d2b1da0c58f81c84a56.exe,bd1f381e5a3db22e88776b7873d4d2835e9a1ec620571d2b1da0c58f81c84a56,float32,49,True
149546,test,,uint8,8192,1,True,50fefd857653c1a19cad5060d2cbc6a738563ce9a2ad9761d198e06a8fc99ccd,high_fn_conflict_prob_le_0.05,1,float32,256,FN,0.0152901774,1,,0,,float32,256,False,True,True,True,False,34404,11528,6,1,,C_unfixed_high_conflict,525,50fefd857653c1a19cad5060d2cbc6a738563ce9a2ad9761d198e06a8fc99ccd,E:\Project\python\Axon_v2.6Exp\data\待拉黑\2025-10\2025-10-06\50fefd857653c1a19cad5060d2cbc6a738563ce9a2ad9761d198e06a8fc99ccd.exe,50fefd857653c1a19cad5060d2cbc6a738563ce9a2ad9761d198e06a8fc99ccd,float32,49,True
77370,test,,uint8,8192,1,True,048647d28cac6d6aeb68d941d0ddeedc7967d6725d2e181535e106e457a17008,high_fn_conflict_prob_le_0.05,1,float32,256,FN,0.0315163396,1,,0,,float32,256,False,True,False,False,False,34404,23903,17,1,,C_unfixed_high_conflict,526,048647d28cac6d6aeb68d941d0ddeedc7967d6725d2e181535e106e457a17008,E:\Project\python\Axon_v2.6Exp\data\待拉黑\2025-10\2025-10-08\048647d28cac6d6aeb68d941d0ddeedc7967d6725d2e181535e106e457a17008.exe,048647d28cac6d6aeb68d941d0ddeedc7967d6725d2e181535e106e457a17008,float32,49,True
59637,test,,uint8,8192,1,True,a0e963ac1cc0d8e2b7e00466a69523bff662a2dd26ff48e2879cd9f7eab520ab,high_fn_conflict_prob_le_0.05,1,float32,256,FN,0.0372472219,1,,0,,float32,256,False,True,True,True,False,34404,10120,7,1,,C_unfixed_high_conflict,527,a0e963ac1cc0d8e2b7e00466a69523bff662a2dd26ff48e2879cd9f7eab520ab,E:\Project\python\Axon_v2.6Exp\data\待拉黑\2025-10\2025-10-24\a0e963ac1cc0d8e2b7e00466a69523bff662a2dd26ff48e2879cd9f7eab520ab.exe,a0e963ac1cc0d8e2b7e00466a69523bff662a2dd26ff48e2879cd9f7eab520ab,float32,49,True
118298,test,,uint8,8192,1,True,2bcd41e70901d1cd0fc6cb33775e8686470a11804f0df51ee784cd4b5f3c2ce5,high_fn_conflict_prob_le_0.05,1,float32,256,FN,0.0340092145,1,,0,,float32,256,False,True,False,True,False,34404,10408,5,1,,C_unfixed_high_conflict,528,2bcd41e70901d1cd0fc6cb33775e8686470a11804f0df51ee784cd4b5f3c2ce5,E:\Project\python\Axon_v2.6Exp\data\待拉黑\2025-10\2025-10-30\2bcd41e70901d1cd0fc6cb33775e8686470a11804f0df51ee784cd4b5f3c2ce5.exe,2bcd41e70901d1cd0fc6cb33775e8686470a11804f0df51ee784cd4b5f3c2ce5,float32,49,True
70394,test,,uint8,8192,1,True,21ecc1b02f9c4ef5caac772f712f4fb21195f6181ebcc434cc574859074ffa0e,high_fn_conflict_prob_le_0.05,1,float32,256,FN,0.0194529425,1,,0,,float32,256,False,True,True,True,False,332,6144,3,1,,C_unfixed_high_conflict,529,21ecc1b02f9c4ef5caac772f712f4fb21195f6181ebcc434cc574859074ffa0e,E:\Project\python\Axon_v2.6Exp\data\待拉黑\2025-11\2025-11-05\21ecc1b02f9c4ef5caac772f712f4fb21195f6181ebcc434cc574859074ffa0e.exe,21ecc1b02f9c4ef5caac772f712f4fb21195f6181ebcc434cc574859074ffa0e,float32,49,True
81203,test,,uint8,8192,1,True,739e2dcccc16b4398c4f895dae20325eb13947bfdde2612305a6e56d738bdb26,high_fn_conflict_prob_le_0.05,1,float32,256,FN,0.0103823123,1,,0,,float32,256,False,True,True,False,False,34404,0,7,1,,C_unfixed_high_conflict,530,739e2dcccc16b4398c4f895dae20325eb13947bfdde2612305a6e56d738bdb26,E:\Project\python\Axon_v2.6Exp\data\待拉黑\2025-11\2025-11-10\739e2dcccc16b4398c4f895dae20325eb13947bfdde2612305a6e56d738bdb26.exe,739e2dcccc16b4398c4f895dae20325eb13947bfdde2612305a6e56d738bdb26,float32,49,True
197037,test,,uint8,8192,1,True,b5c8fe1adfcecb2a827b117dacf3647b3746104d2bb9191ccec28e463781e3bc,high_fn_conflict_prob_le_0.05,1,float32,256,FN,0.024254648,1,,0,,float32,256,False,True,True,True,False,34404,11472,6,1,,C_unfixed_high_conflict,531,b5c8fe1adfcecb2a827b117dacf3647b3746104d2bb9191ccec28e463781e3bc,E:\Project\python\Axon_v2.6Exp\data\待拉黑\2025-11\2025-11-25\b5c8fe1adfcecb2a827b117dacf3647b3746104d2bb9191ccec28e463781e3bc.exe,b5c8fe1adfcecb2a827b117dacf3647b3746104d2bb9191ccec28e463781e3bc,float32,49,True
180106,test,,uint8,8192,1,True,56d0c21d6550f5d4f2574d5ead5f1396fa289d9e6d0cb57a5e9d76342ecae05d,high_fn_conflict_prob_le_0.05,1,float32,256,FN,0.01704848,1,,0,,float32,256,False,True,True,True,False,34404,10120,7,1,,C_unfixed_high_conflict,532,56d0c21d6550f5d4f2574d5ead5f1396fa289d9e6d0cb57a5e9d76342ecae05d,E:\Project\python\Axon_v2.6Exp\data\待拉黑\2025-12\2025-12-07\56d0c21d6550f5d4f2574d5ead5f1396fa289d9e6d0cb57a5e9d76342ecae05d.exe,56d0c21d6550f5d4f2574d5ead5f1396fa289d9e6d0cb57a5e9d76342ecae05d,float32,49,True
107894,test,,uint8,8192,1,True,ab4695e5d5472af124ea69e0c1abb4c9726980b4c99c5da10ae2ba85f55bf1e4,high_fn_conflict_prob_le_0.05,1,float32,256,FN,0.0133554973,1,,0,,float32,256,True,True,True,False,True,34404,0,6,1,,C_unfixed_high_conflict,533,ab4695e5d5472af124ea69e0c1abb4c9726980b4c99c5da10ae2ba85f55bf1e4,E:\Project\python\Axon_v2.6Exp\data\待拉黑\2025-12\2025-12-12\ab4695e5d5472af124ea69e0c1abb4c9726980b4c99c5da10ae2ba85f55bf1e4.exe,ab4695e5d5472af124ea69e0c1abb4c9726980b4c99c5da10ae2ba85f55bf1e4,float32,49,True
153607,test,,uint8,8192,1,True,52673e2e0161c9ac49e9cdde37ad5cf843bb834790b17eea9cb3410972e54c6c,high_fn_conflict_prob_le_0.05,1,float32,256,FN,0.0113132931,1,,0,,float32,256,False,True,False,True,False,34404,3112,6,1,,C_unfixed_high_conflict,534,52673e2e0161c9ac49e9cdde37ad5cf843bb834790b17eea9cb3410972e54c6c,E:\Project\python\Axon_v2.6Exp\data\待拉黑\2026-01\2026-01-03\52673e2e0161c9ac49e9cdde37ad5cf843bb834790b17eea9cb3410972e54c6c.sys,52673e2e0161c9ac49e9cdde37ad5cf843bb834790b17eea9cb3410972e54c6c,float32,49,True
166390,test,,uint8,8192,1,True,2c70e3b4af65679fc4f4c135dc1c03bd7ec2ae8065e2e5c50db3aaec0effc11f,high_fn_conflict_prob_le_0.05,1,float32,256,FN,0.0201463513,1,,0,,float32,256,False,True,True,True,False,34404,11464,6,1,,C_unfixed_high_conflict,535,2c70e3b4af65679fc4f4c135dc1c03bd7ec2ae8065e2e5c50db3aaec0effc11f,E:\Project\python\Axon_v2.6Exp\data\待拉黑\2026-01\2026-01-27\2c70e3b4af65679fc4f4c135dc1c03bd7ec2ae8065e2e5c50db3aaec0effc11f.exe,2c70e3b4af65679fc4f4c135dc1c03bd7ec2ae8065e2e5c50db3aaec0effc11f,float32,49,True
179521,test,,uint8,8192,1,True,d5e76679fbd2f3070f64e06eea4ad435b416063b5e9576614bcb44837c8c65b4,high_fn_conflict_prob_le_0.05,1,float32,256,FN,0.0293441694,1,,0,,float32,256,True,True,True,True,False,34404,26694304,10,1,,C_unfixed_high_conflict,536,d5e76679fbd2f3070f64e06eea4ad435b416063b5e9576614bcb44837c8c65b4,E:\Project\python\Axon_v2.6Exp\data\待拉黑\2026-02\2026-02-13\d5e76679fbd2f3070f64e06eea4ad435b416063b5e9576614bcb44837c8c65b4.exe,d5e76679fbd2f3070f64e06eea4ad435b416063b5e9576614bcb44837c8c65b4,float32,49,True
127253,test,,uint8,8192,1,True,5701dabdba685b903a84de6977a9f946accc08acf2111e5d91bc189a83c3faea,high_fn_conflict_prob_le_0.05,1,float32,256,FN,0.0293441694,1,,0,,float32,256,True,True,True,True,False,34404,26694272,10,1,,C_unfixed_high_conflict,537,5701dabdba685b903a84de6977a9f946accc08acf2111e5d91bc189a83c3faea,E:\Project\python\Axon_v2.6Exp\data\待拉黑\2026-02\2026-02-18\5701dabdba685b903a84de6977a9f946accc08acf2111e5d91bc189a83c3faea.exe,5701dabdba685b903a84de6977a9f946accc08acf2111e5d91bc189a83c3faea,float32,49,True
55500,test,,uint8,8192,1,True,af607e275da4a3bc9bfd365e262addf5d17e5ac83c9cef9bc9e535394a3ef59f,high_fn_conflict_prob_le_0.05,1,float32,256,FN,0.0249861218,1,,0,,float32,256,False,True,True,False,False,34404,0,6,1,,C_unfixed_high_conflict,538,af607e275da4a3bc9bfd365e262addf5d17e5ac83c9cef9bc9e535394a3ef59f,E:\Project\python\Axon_v2.6Exp\data\待拉黑\2026-02\2026-02-24\af607e275da4a3bc9bfd365e262addf5d17e5ac83c9cef9bc9e535394a3ef59f.exe,af607e275da4a3bc9bfd365e262addf5d17e5ac83c9cef9bc9e535394a3ef59f,float32,49,True
119161,test,,uint8,8192,1,True,7c3fcca703baa7116ca39cc90bcd506d0212ab94c7e21b9871418eb5d4764c2c,high_fn_conflict_prob_le_0.05,1,float32,256,FN,0.0266925711,1,,0,,float32,256,True,True,True,True,False,34404,26575656,10,1,,C_unfixed_high_conflict,539,7c3fcca703baa7116ca39cc90bcd506d0212ab94c7e21b9871418eb5d4764c2c,E:\Project\python\Axon_v2.6Exp\data\待拉黑\2026-02\2026-02-25\7c3fcca703baa7116ca39cc90bcd506d0212ab94c7e21b9871418eb5d4764c2c.exe,7c3fcca703baa7116ca39cc90bcd506d0212ab94c7e21b9871418eb5d4764c2c,float32,49,True
113815,test,,uint8,8192,1,True,b0a4e2cccb195f00cf2376e0fe9fd9764aa774b76f76acad93ae453b2b9a2930,high_fn_conflict_prob_le_0.05,1,float32,256,FN,0.0246125162,1,,0,,float32,256,False,True,True,False,True,34404,0,6,1,,C_unfixed_high_conflict,540,b0a4e2cccb195f00cf2376e0fe9fd9764aa774b76f76acad93ae453b2b9a2930,E:\Project\python\Axon_v2.6Exp\data\待拉黑\2026-02\2026-02-26\b0a4e2cccb195f00cf2376e0fe9fd9764aa774b76f76acad93ae453b2b9a2930.exe,b0a4e2cccb195f00cf2376e0fe9fd9764aa774b76f76acad93ae453b2b9a2930,float32,49,True
157235,test,,uint8,8192,1,True,ac4b77a008784a1f7f4006b3167ab274f1c616adfb3de90d287fcddd5e0bc243,high_fn_conflict_prob_le_0.05,1,float32,256,FN,0.0125800921,1,,0,,float32,256,False,True,True,True,False,34404,2408,6,1,,C_unfixed_high_conflict,541,ac4b77a008784a1f7f4006b3167ab274f1c616adfb3de90d287fcddd5e0bc243,E:\Project\python\Axon_v2.6Exp\data\待拉黑\2026-03\2026-03-05\ac4b77a008784a1f7f4006b3167ab274f1c616adfb3de90d287fcddd5e0bc243.exe,ac4b77a008784a1f7f4006b3167ab274f1c616adfb3de90d287fcddd5e0bc243,float32,49,True
153123,test,,uint8,8192,1,True,8e6bc92bf150ecb9f27400b21dd2c4392248aad8dfff04e7c98b3183013c9e64,high_fn_conflict_prob_le_0.05,1,float32,256,FN,0.0141266948,1,,0,,float32,256,True,True,True,True,True,332,23144,6,1,,C_unfixed_high_conflict,542,8e6bc92bf150ecb9f27400b21dd2c4392248aad8dfff04e7c98b3183013c9e64,E:\Project\python\Axon_v2.6Exp\data\待拉黑\2026-03\2026-03-07\8e6bc92bf150ecb9f27400b21dd2c4392248aad8dfff04e7c98b3183013c9e64.dll,8e6bc92bf150ecb9f27400b21dd2c4392248aad8dfff04e7c98b3183013c9e64,float32,49,True
85058,test,,uint8,8192,1,True,b4c08722442b890a0219b005c47e7ebd0b45e9b54ff196d8c5e4f50b0f38fa80,high_fn_conflict_prob_le_0.05,1,float32,256,FN,0.0275238473,1,,0,,float32,256,True,True,True,True,False,34404,42451312,10,1,,C_unfixed_high_conflict,543,b4c08722442b890a0219b005c47e7ebd0b45e9b54ff196d8c5e4f50b0f38fa80,E:\Project\python\Axon_v2.6Exp\data\待拉黑\2026-03\2026-03-10\b4c08722442b890a0219b005c47e7ebd0b45e9b54ff196d8c5e4f50b0f38fa80.exe,b4c08722442b890a0219b005c47e7ebd0b45e9b54ff196d8c5e4f50b0f38fa80,float32,49,True
112411,test,,uint8,8192,0,True,aac9983ba4fb451f011fcb9da1876dcb2b0176c74651b7b9f640fcaef1a7ba31,high_fp_conflict_prob_ge_0.95,0,float32,256,FP,0.9899322987,1,,0,,float32,256,False,True,True,True,False,34404,0,6,1,,D_corrected_high_conflict,544,aac9983ba4fb451f011fcb9da1876dcb2b0176c74651b7b9f640fcaef1a7ba31,E:\Project\python\Axon_v2.6Exp\data\待加入白名单\AAC9983BA4FB451F011FCB9DA1876DCB2B0176C74651B7B9F640FCAEF1A7BA31,aac9983ba4fb451f011fcb9da1876dcb2b0176c74651b7b9f640fcaef1a7ba31,float32,49,True
104301,test,,uint8,8192,0,True,f057eae17dabf76429502fe5a7f5aa7998281dcddd0d7189357916cfda145fd7,high_fp_conflict_prob_ge_0.95,0,float32,256,FP,0.9898109436,1,,0,,float32,256,False,True,True,False,False,332,0,4,1,,D_corrected_high_conflict,545,f057eae17dabf76429502fe5a7f5aa7998281dcddd0d7189357916cfda145fd7,E:\Project\python\Axon_v2.6Exp\data\待加入白名单\f057eae17dabf76429502fe5a7f5aa7998281dcddd0d7189357916cfda145fd7,f057eae17dabf76429502fe5a7f5aa7998281dcddd0d7189357916cfda145fd7,float32,49,True
149144,test,,uint8,8192,0,True,6a06e95eb822ce6420203ac9e1891380ee64dec271ff54894a1797940a3e3742,high_fp_conflict_prob_ge_0.95,0,float32,256,FP,0.9890357256,1,,0,,float32,256,False,True,True,False,False,332,0,3,1,,D_corrected_high_conflict,546,6a06e95eb822ce6420203ac9e1891380ee64dec271ff54894a1797940a3e3742,E:\Project\python\Axon_v2.6Exp\data\待加入白名单\6A06E95EB822CE6420203AC9E1891380EE64DEC271FF54894A1797940A3E3742,6a06e95eb822ce6420203ac9e1891380ee64dec271ff54894a1797940a3e3742,float32,49,True
182137,test,,uint8,8192,0,True,5ab531024d6c0a4de393db46bb6135d06fa12b7ca8cec279bc86f2e842eede27,high_fp_conflict_prob_ge_0.95,0,float32,256,FP,0.9870917201,1,,0,,float32,256,False,True,True,False,False,34404,0,8,1,,D_corrected_high_conflict,547,5ab531024d6c0a4de393db46bb6135d06fa12b7ca8cec279bc86f2e842eede27,E:\Project\python\Axon_v2.6Exp\data\待加入白名单\5ab531024d6c0a4de393db46bb6135d06fa12b7ca8cec279bc86f2e842eede27,5ab531024d6c0a4de393db46bb6135d06fa12b7ca8cec279bc86f2e842eede27,float32,49,True
48600,test,,uint8,8192,0,True,f70de9c912de3f686d106a238fae00338dd6c24394b1d66c455f8d04da16a52b,high_fp_conflict_prob_ge_0.95,0,float32,256,FP,0.985599637,1,,0,,float32,256,False,True,True,False,False,34404,0,7,1,,D_corrected_high_conflict,548,f70de9c912de3f686d106a238fae00338dd6c24394b1d66c455f8d04da16a52b,E:\Project\python\Axon_v2.6Exp\data\待加入白名单\f70de9c912de3f686d106a238fae00338dd6c24394b1d66c455f8d04da16a52b,f70de9c912de3f686d106a238fae00338dd6c24394b1d66c455f8d04da16a52b,float32,49,True
81973,test,,uint8,8192,0,True,e97900c7147e378b2e63d9151076a5937a55e8736b485e5ad2c95d49bed5b8c3,high_fp_conflict_prob_ge_0.95,0,float32,256,FP,0.9847693443,1,,0,,float32,256,False,True,True,False,False,332,21370,6,1,,D_corrected_high_conflict,549,e97900c7147e378b2e63d9151076a5937a55e8736b485e5ad2c95d49bed5b8c3,E:\Project\python\Axon_v2.6Exp\data\待加入白名单\e97900c7147e378b2e63d9151076a5937a55e8736b485e5ad2c95d49bed5b8c3.exe,e97900c7147e378b2e63d9151076a5937a55e8736b485e5ad2c95d49bed5b8c3,float32,49,True
135446,test,,uint8,8192,0,True,e475f2e600c98fe9d2ab7f72ac4a7cd67537a50db75ead04f186467ec82de034,high_fp_conflict_prob_ge_0.95,0,float32,256,FP,0.9843097925,1,,0,,float32,256,False,True,True,False,False,34404,0,7,1,,D_corrected_high_conflict,550,e475f2e600c98fe9d2ab7f72ac4a7cd67537a50db75ead04f186467ec82de034,E:\Project\python\Axon_v2.6Exp\data\待加入白名单\E475F2E600C98FE9D2AB7F72AC4A7CD67537A50DB75EAD04F186467EC82DE034,e475f2e600c98fe9d2ab7f72ac4a7cd67537a50db75ead04f186467ec82de034,float32,49,True
46335,test,,uint8,8192,0,True,9034addf9bdcc0be76cf322f462a75bd3a11f8072fa1f0ac5edac957d68e4e4a,high_fp_conflict_prob_ge_0.95,0,float32,256,FP,0.9831028581,1,,0,,float32,256,False,True,True,False,False,34404,0,6,1,,D_corrected_high_conflict,551,9034addf9bdcc0be76cf322f462a75bd3a11f8072fa1f0ac5edac957d68e4e4a,E:\Project\python\Axon_v2.6Exp\data\待加入白名单\9034addf9bdcc0be76cf322f462a75bd3a11f8072fa1f0ac5edac957d68e4e4a,9034addf9bdcc0be76cf322f462a75bd3a11f8072fa1f0ac5edac957d68e4e4a,float32,49,True
102333,test,,uint8,8192,0,True,baf775f7462353f070ec047dc2ff9eca49c7ca9a94b887b5e19a14813d1e9f4c,high_fp_conflict_prob_ge_0.95,0,float32,256,FP,0.9816257358,1,,0,,float32,256,False,True,True,False,False,332,0,2,1,,D_corrected_high_conflict,552,baf775f7462353f070ec047dc2ff9eca49c7ca9a94b887b5e19a14813d1e9f4c,E:\Project\python\Axon_v2.6Exp\data\待加入白名单\baf775f7462353f070ec047dc2ff9eca49c7ca9a94b887b5e19a14813d1e9f4c.EXE,baf775f7462353f070ec047dc2ff9eca49c7ca9a94b887b5e19a14813d1e9f4c,float32,49,True
168302,test,,uint8,8192,0,True,f7526918e721f0be41c2b5904c4227b31be5ea5bb1a81fe6e651f4e42a1bc281,high_fp_conflict_prob_ge_0.95,0,float32,256,FP,0.9801379442,1,,0,,float32,256,False,True,True,False,False,34404,0,4,1,,D_corrected_high_conflict,553,f7526918e721f0be41c2b5904c4227b31be5ea5bb1a81fe6e651f4e42a1bc281,E:\Project\python\Axon_v2.6Exp\data\待加入白名单\f7526918e721f0be41c2b5904c4227b31be5ea5bb1a81fe6e651f4e42a1bc281,f7526918e721f0be41c2b5904c4227b31be5ea5bb1a81fe6e651f4e42a1bc281,float32,49,True
192211,test,,uint8,8192,0,True,ed04a24f7065b38830d46db81616e0de1af741f4f93745c146f52583abea6502,high_fp_conflict_prob_ge_0.95,0,float32,256,FP,0.9787822366,1,,0,,float32,256,False,True,True,False,False,34404,0,4,1,,D_corrected_high_conflict,554,ed04a24f7065b38830d46db81616e0de1af741f4f93745c146f52583abea6502,E:\Project\python\Axon_v2.6Exp\data\待加入白名单\ed04a24f7065b38830d46db81616e0de1af741f4f93745c146f52583abea6502,ed04a24f7065b38830d46db81616e0de1af741f4f93745c146f52583abea6502,float32,49,True
167027,test,,uint8,8192,0,True,d3b01f029cc2076f4528863234ec1a6382b2397988cc1347badd9d1deac900dd,high_fp_conflict_prob_ge_0.95,0,float32,256,FP,0.9775609374,1,,0,,float32,256,True,True,True,True,False,332,6016,13,1,,D_corrected_high_conflict,555,d3b01f029cc2076f4528863234ec1a6382b2397988cc1347badd9d1deac900dd,E:\Project\python\Axon_v2.6Exp\data\待加入白名单\d3b01f029cc2076f4528863234ec1a6382b2397988cc1347badd9d1deac900dd,d3b01f029cc2076f4528863234ec1a6382b2397988cc1347badd9d1deac900dd,float32,49,True
176073,test,,uint8,8192,0,True,39cf6e0be58eb23288bbcadd12f739facee08a05b974aadacc018b8b6558df79,high_fp_conflict_prob_ge_0.95,0,float32,256,FP,0.977340281,1,,0,,float32,256,False,True,False,False,False,332,0,2,1,,D_corrected_high_conflict,556,39cf6e0be58eb23288bbcadd12f739facee08a05b974aadacc018b8b6558df79,E:\Project\python\Axon_v2.6Exp\data\待加入白名单\39CF6E0BE58EB23288BBCADD12F739FACEE08A05B974AADACC018B8B6558DF79,39cf6e0be58eb23288bbcadd12f739facee08a05b974aadacc018b8b6558df79,float32,49,True
118850,test,,uint8,8192,0,True,3952091d006c85251a3dd2af9c5b4f37b0697a5154af210ca94cf56673e4d74b,high_fp_conflict_prob_ge_0.95,0,float32,256,FP,0.9771229029,1,,0,,float32,256,False,True,True,False,False,34404,0,7,1,,D_corrected_high_conflict,557,3952091d006c85251a3dd2af9c5b4f37b0697a5154af210ca94cf56673e4d74b,E:\Project\python\Axon_v2.6Exp\data\待加入白名单\3952091D006C85251A3DD2AF9C5B4F37B0697A5154AF210CA94CF56673E4D74B,3952091d006c85251a3dd2af9c5b4f37b0697a5154af210ca94cf56673e4d74b,float32,49,True
76438,test,,uint8,8192,0,True,71f0502ca422079b46760a29e4018642b5a0f0446cc551de46064445ca69158f,high_fp_conflict_prob_ge_0.95,0,float32,256,FP,0.9768179655,1,,0,,float32,256,False,True,True,False,False,332,12344,12,1,,D_corrected_high_conflict,558,71f0502ca422079b46760a29e4018642b5a0f0446cc551de46064445ca69158f,E:\Project\python\Axon_v2.6Exp\data\待加入白名单\71f0502ca422079b46760a29e4018642b5a0f0446cc551de46064445ca69158f.EXE,71f0502ca422079b46760a29e4018642b5a0f0446cc551de46064445ca69158f,float32,49,True
174838,test,,uint8,8192,0,True,2a052cad9dbc133415f51eb6092b804539525957a166a9f5119811bc4167cfb1,high_fp_conflict_prob_ge_0.95,0,float32,256,FP,0.9765245318,1,,0,,float32,256,False,True,True,False,False,332,0,2,1,,D_corrected_high_conflict,559,2a052cad9dbc133415f51eb6092b804539525957a166a9f5119811bc4167cfb1,E:\Project\python\Axon_v2.6Exp\data\待加入白名单\2a052cad9dbc133415f51eb6092b804539525957a166a9f5119811bc4167cfb1.exe,2a052cad9dbc133415f51eb6092b804539525957a166a9f5119811bc4167cfb1,float32,49,True
155205,test,,uint8,8192,0,True,6248a36587481b49358df7943ecf98d57e369f829e324c816c818d137920ca84,high_fp_conflict_prob_ge_0.95,0,float32,256,FP,0.9764834046,1,,0,,float32,256,False,True,True,False,False,332,0,2,1,,D_corrected_high_conflict,560,6248a36587481b49358df7943ecf98d57e369f829e324c816c818d137920ca84,E:\Project\python\Axon_v2.6Exp\data\待加入白名单\6248a36587481b49358df7943ecf98d57e369f829e324c816c818d137920ca84.exe,6248a36587481b49358df7943ecf98d57e369f829e324c816c818d137920ca84,float32,49,True
46680,test,,uint8,8192,0,True,47872cc77f8e18cf642f868f23340a468e537e64521d9a3a416c8b84384d064b,high_fp_conflict_prob_ge_0.95,0,float32,256,FP,0.9759263992,1,,0,,float32,256,False,True,True,False,False,332,0,5,1,,D_corrected_high_conflict,561,47872cc77f8e18cf642f868f23340a468e537e64521d9a3a416c8b84384d064b,E:\Project\python\Axon_v2.6Exp\data\待加入白名单\47872CC77F8E18CF642F868F23340A468E537E64521D9A3A416C8B84384D064B,47872cc77f8e18cf642f868f23340a468e537e64521d9a3a416c8b84384d064b,float32,49,True
191246,test,,uint8,8192,0,True,a79e47618a8e236f104fd0076c6ee1494dda346132309feb7ee87046e395faf4,high_fp_conflict_prob_ge_0.95,0,float32,256,FP,0.9756523371,1,,0,,float32,256,False,True,True,False,False,332,0,3,1,,D_corrected_high_conflict,562,a79e47618a8e236f104fd0076c6ee1494dda346132309feb7ee87046e395faf4,E:\Project\python\Axon_v2.6Exp\data\待加入白名单\a79e47618a8e236f104fd0076c6ee1494dda346132309feb7ee87046e395faf4,a79e47618a8e236f104fd0076c6ee1494dda346132309feb7ee87046e395faf4,float32,49,True
99196,test,,uint8,8192,0,True,d4c62e74c5fa1aa2d6101da60fd53c109d47bfdb6af9d0a24c810099ccc0d69a,high_fp_conflict_prob_ge_0.95,0,float32,256,FP,0.9754098654,1,,0,,float32,256,False,True,True,True,False,332,9832,6,1,,D_corrected_high_conflict,563,d4c62e74c5fa1aa2d6101da60fd53c109d47bfdb6af9d0a24c810099ccc0d69a,E:\Project\python\Axon_v2.6Exp\data\待加入白名单\d4c62e74c5fa1aa2d6101da60fd53c109d47bfdb6af9d0a24c810099ccc0d69a,d4c62e74c5fa1aa2d6101da60fd53c109d47bfdb6af9d0a24c810099ccc0d69a,float32,49,True
139788,test,,uint8,8192,0,True,b3c9de37442028b5762a938bf7f43db688cfab371d748598e1f89ccdd8a43049,high_fp_conflict_prob_ge_0.95,0,float32,256,FP,0.9744156599,1,,0,,float32,256,False,True,True,False,False,34404,0,7,1,,D_corrected_high_conflict,564,b3c9de37442028b5762a938bf7f43db688cfab371d748598e1f89ccdd8a43049,E:\Project\python\Axon_v2.6Exp\data\待加入白名单\B3C9DE37442028B5762A938BF7F43DB688CFAB371D748598E1F89CCDD8A43049,b3c9de37442028b5762a938bf7f43db688cfab371d748598e1f89ccdd8a43049,float32,49,True
170409,test,,uint8,8192,0,True,ff2f0e766fa89869acefe61ea18954f1b02060826215b6331548ae481862c145,high_fp_conflict_prob_ge_0.95,0,float32,256,FP,0.9740118384,1,,0,,float32,256,False,True,True,True,False,332,5984,3,1,,D_corrected_high_conflict,565,ff2f0e766fa89869acefe61ea18954f1b02060826215b6331548ae481862c145,E:\Project\python\Axon_v2.6Exp\data\待加入白名单\ff2f0e766fa89869acefe61ea18954f1b02060826215b6331548ae481862c145,ff2f0e766fa89869acefe61ea18954f1b02060826215b6331548ae481862c145,float32,49,True
169229,test,,uint8,8192,0,True,3aa7ef6f9b319a2738515eea5e7197b2a404384af88003aa7f95dcd5c31fa54c,high_fp_conflict_prob_ge_0.95,0,float32,256,FP,0.972459197,1,,0,,float32,256,False,True,True,False,False,332,0,2,1,,D_corrected_high_conflict,566,3aa7ef6f9b319a2738515eea5e7197b2a404384af88003aa7f95dcd5c31fa54c,E:\Project\python\Axon_v2.6Exp\data\待加入白名单\3aa7ef6f9b319a2738515eea5e7197b2a404384af88003aa7f95dcd5c31fa54c.EXE,3aa7ef6f9b319a2738515eea5e7197b2a404384af88003aa7f95dcd5c31fa54c,float32,49,True
58109,test,,uint8,8192,0,True,db07aa5889d14a10e946da788356abd15bc50b39fca7a6f5b121411de057e6be,high_fp_conflict_prob_ge_0.95,0,float32,256,FP,0.972299397,1,,0,,float32,256,False,True,True,False,False,34404,0,4,1,,D_corrected_high_conflict,567,db07aa5889d14a10e946da788356abd15bc50b39fca7a6f5b121411de057e6be,E:\Project\python\Axon_v2.6Exp\data\待加入白名单\db07aa5889d14a10e946da788356abd15bc50b39fca7a6f5b121411de057e6be,db07aa5889d14a10e946da788356abd15bc50b39fca7a6f5b121411de057e6be,float32,49,True
156218,test,,uint8,8192,0,True,e7353497db4f3c0cbca36dbac2f216e16ff3db3f449b783017099115bd0f49d3,high_fp_conflict_prob_ge_0.95,0,float32,256,FP,0.972299397,1,,0,,float32,256,False,True,True,False,False,34404,0,4,1,,D_corrected_high_conflict,568,e7353497db4f3c0cbca36dbac2f216e16ff3db3f449b783017099115bd0f49d3,E:\Project\python\Axon_v2.6Exp\data\待加入白名单\e7353497db4f3c0cbca36dbac2f216e16ff3db3f449b783017099115bd0f49d3,e7353497db4f3c0cbca36dbac2f216e16ff3db3f449b783017099115bd0f49d3,float32,49,True
122463,test,,uint8,8192,0,True,adb28491ec232854d8d8998f407cd5076adcc58ece8bdd356264a2735c018701,high_fp_conflict_prob_ge_0.95,0,float32,256,FP,0.9722676873,1,,0,,float32,256,False,True,True,False,False,34404,0,4,1,,D_corrected_high_conflict,569,adb28491ec232854d8d8998f407cd5076adcc58ece8bdd356264a2735c018701,E:\Project\python\Axon_v2.6Exp\data\待加入白名单\adb28491ec232854d8d8998f407cd5076adcc58ece8bdd356264a2735c018701,adb28491ec232854d8d8998f407cd5076adcc58ece8bdd356264a2735c018701,float32,49,True
187543,test,,uint8,8192,0,True,dcd9115db058587e5aecb0a812bb12ebfbec7aeb45c2cc79812245f93853a41e,high_fp_conflict_prob_ge_0.95,0,float32,256,FP,0.9699829817,1,,0,,float32,256,False,True,True,False,False,332,0,4,1,,D_corrected_high_conflict,570,dcd9115db058587e5aecb0a812bb12ebfbec7aeb45c2cc79812245f93853a41e,E:\Project\python\Axon_v2.6Exp\data\待加入白名单\dcd9115db058587e5aecb0a812bb12ebfbec7aeb45c2cc79812245f93853a41e.exe,dcd9115db058587e5aecb0a812bb12ebfbec7aeb45c2cc79812245f93853a41e,float32,49,True
79460,test,,uint8,8192,0,True,9e02d558a163742a4ec32f2bd4e74deba54c95d485065cea4cda3b59f8fd6519,high_fp_conflict_prob_ge_0.95,0,float32,256,FP,0.9698906541,1,,0,,float32,256,True,True,True,True,True,332,5784,12,1,,D_corrected_high_conflict,571,9e02d558a163742a4ec32f2bd4e74deba54c95d485065cea4cda3b59f8fd6519,E:\Project\python\Axon_v2.6Exp\data\待加入白名单\9e02d558a163742a4ec32f2bd4e74deba54c95d485065cea4cda3b59f8fd6519,9e02d558a163742a4ec32f2bd4e74deba54c95d485065cea4cda3b59f8fd6519,float32,49,True
74742,test,,uint8,8192,0,True,5b3d4c16f0cefd10175c12bddeac62061b9c616ec425693e8d6070b7f9b43329,high_fp_conflict_prob_ge_0.95,0,float32,256,FP,0.969845295,1,,0,,float32,256,False,True,True,False,False,332,0,2,1,,D_corrected_high_conflict,572,5b3d4c16f0cefd10175c12bddeac62061b9c616ec425693e8d6070b7f9b43329,E:\Project\python\Axon_v2.6Exp\data\待加入白名单\5b3d4c16f0cefd10175c12bddeac62061b9c616ec425693e8d6070b7f9b43329.exe,5b3d4c16f0cefd10175c12bddeac62061b9c616ec425693e8d6070b7f9b43329,float32,49,True
111442,test,,uint8,8192,0,True,6d70fc5a0d51a4b92191bfe7b10df0ff33c1c9c79550f2ddbe0a312fe81176b5,high_fp_conflict_prob_ge_0.95,0,float32,256,FP,0.9690572619,1,,0,,float32,256,False,True,False,False,False,332,0,2,1,,D_corrected_high_conflict,573,6d70fc5a0d51a4b92191bfe7b10df0ff33c1c9c79550f2ddbe0a312fe81176b5,E:\Project\python\Axon_v2.6Exp\data\待加入白名单\6D70FC5A0D51A4B92191BFE7B10DF0FF33C1C9C79550F2DDBE0A312FE81176B5,6d70fc5a0d51a4b92191bfe7b10df0ff33c1c9c79550f2ddbe0a312fe81176b5,float32,49,True
142598,test,,uint8,8192,0,True,94734aef0f2698863c0570c05955b3c297b038dfe74a759896588c4aaaab557f,high_fp_conflict_prob_ge_0.95,0,float32,256,FP,0.9686985612,1,,0,,float32,256,False,True,True,False,False,34404,0,8,1,,D_corrected_high_conflict,574,94734aef0f2698863c0570c05955b3c297b038dfe74a759896588c4aaaab557f,E:\Project\python\Axon_v2.6Exp\data\待加入白名单\94734AEF0F2698863C0570C05955B3C297B038DFE74A759896588C4AAAAB557F,94734aef0f2698863c0570c05955b3c297b038dfe74a759896588c4aaaab557f,float32,49,True
90472,test,,uint8,8192,0,True,4c70f937ee56e005ca29b555265e2114d883a037d9762d6c2678a8eb985ecf60,high_fp_conflict_prob_ge_0.95,0,float32,256,FP,0.9667235613,1,,0,,float32,256,False,True,True,False,False,34404,9980276,7,1,,D_corrected_high_conflict,575,4c70f937ee56e005ca29b555265e2114d883a037d9762d6c2678a8eb985ecf60,E:\Project\python\Axon_v2.6Exp\data\待加入白名单\4c70f937ee56e005ca29b555265e2114d883a037d9762d6c2678a8eb985ecf60.exe,4c70f937ee56e005ca29b555265e2114d883a037d9762d6c2678a8eb985ecf60,float32,49,True
151831,test,,uint8,8192,0,True,d0a5b430aa7dd343b97149896605f8586c29513ff5ad5de62e7d8a8a6aca30df,high_fp_conflict_prob_ge_0.95,0,float32,256,FP,0.9662201405,1,,0,,float32,256,False,True,True,False,False,332,0,3,1,,D_corrected_high_conflict,576,d0a5b430aa7dd343b97149896605f8586c29513ff5ad5de62e7d8a8a6aca30df,E:\Project\python\Axon_v2.6Exp\data\待加入白名单\d0a5b430aa7dd343b97149896605f8586c29513ff5ad5de62e7d8a8a6aca30df,d0a5b430aa7dd343b97149896605f8586c29513ff5ad5de62e7d8a8a6aca30df,float32,49,True
50252,test,,uint8,8192,0,True,0cf9864ae3a8679ed503f954a453452c93fa44f99ca6f39bbc5860abde7fd35e,high_fp_conflict_prob_ge_0.95,0,float32,256,FP,0.9658405185,1,,0,,float32,256,False,True,True,False,False,34404,0,7,1,,D_corrected_high_conflict,577,0cf9864ae3a8679ed503f954a453452c93fa44f99ca6f39bbc5860abde7fd35e,E:\Project\python\Axon_v2.6Exp\data\待加入白名单\0cf9864ae3a8679ed503f954a453452c93fa44f99ca6f39bbc5860abde7fd35e.exe,0cf9864ae3a8679ed503f954a453452c93fa44f99ca6f39bbc5860abde7fd35e,float32,49,True
186664,test,,uint8,8192,0,True,c55eec4cd341b27df7b1b27de69cd70a496038a4b2a0a7f4798fcacc72926e68,high_fp_conflict_prob_ge_0.95,0,float32,256,FP,0.9654167891,1,,0,,float32,256,True,True,True,False,True,34404,0,7,1,,D_corrected_high_conflict,578,c55eec4cd341b27df7b1b27de69cd70a496038a4b2a0a7f4798fcacc72926e68,E:\Project\python\Axon_v2.6Exp\data\待加入白名单\C55EEC4CD341B27DF7B1B27DE69CD70A496038A4B2A0A7F4798FCACC72926E68,c55eec4cd341b27df7b1b27de69cd70a496038a4b2a0a7f4798fcacc72926e68,float32,49,True
145153,test,,uint8,8192,0,True,e22724a34ad42d209f0a5ee71409f76b61aa10f50446d8a3bc12c60bb42eea38,high_fp_conflict_prob_ge_0.95,0,float32,256,FP,0.9642105103,1,,0,,float32,256,False,True,True,False,False,332,0,5,1,,D_corrected_high_conflict,579,e22724a34ad42d209f0a5ee71409f76b61aa10f50446d8a3bc12c60bb42eea38,E:\Project\python\Axon_v2.6Exp\data\待加入白名单\e22724a34ad42d209f0a5ee71409f76b61aa10f50446d8a3bc12c60bb42eea38,e22724a34ad42d209f0a5ee71409f76b61aa10f50446d8a3bc12c60bb42eea38,float32,49,True
50523,test,,uint8,8192,0,True,db16cd02c8fa86b049ef630ef2a9167319db940be0dd0929b72d6f61838fd5f0,high_fp_conflict_prob_ge_0.95,0,float32,256,FP,0.9635406733,1,,0,,float32,256,False,True,True,False,False,34404,0,4,1,,D_corrected_high_conflict,580,db16cd02c8fa86b049ef630ef2a9167319db940be0dd0929b72d6f61838fd5f0,E:\Project\python\Axon_v2.6Exp\data\待加入白名单\db16cd02c8fa86b049ef630ef2a9167319db940be0dd0929b72d6f61838fd5f0,db16cd02c8fa86b049ef630ef2a9167319db940be0dd0929b72d6f61838fd5f0,float32,49,True
134661,test,,uint8,8192,0,True,934013b08f541ad8bfd47151fdade606e4c664474bf5a54f4ccdde47cec484ce,high_fp_conflict_prob_ge_0.95,0,float32,256,FP,0.9611822367,1,,0,,float32,256,False,False,True,False,False,34404,0,2,1,,D_corrected_high_conflict,581,934013b08f541ad8bfd47151fdade606e4c664474bf5a54f4ccdde47cec484ce,E:\Project\python\Axon_v2.6Exp\data\待加入白名单\934013b08f541ad8bfd47151fdade606e4c664474bf5a54f4ccdde47cec484ce,934013b08f541ad8bfd47151fdade606e4c664474bf5a54f4ccdde47cec484ce,float32,49,True
92379,test,,uint8,8192,0,True,50256eeadbbc5cccf3ebaeb9020d91edb9961e7404bd41067a4290362be6962f,high_fp_conflict_prob_ge_0.95,0,float32,256,FP,0.9591295719,1,,0,,float32,256,True,True,True,False,False,34404,0,8,1,,D_corrected_high_conflict,582,50256eeadbbc5cccf3ebaeb9020d91edb9961e7404bd41067a4290362be6962f,E:\Project\python\Axon_v2.6Exp\data\待加入白名单\50256EEADBBC5CCCF3EBAEB9020D91EDB9961E7404BD41067A4290362BE6962F,50256eeadbbc5cccf3ebaeb9020d91edb9961e7404bd41067a4290362be6962f,float32,49,True
181012,test,,uint8,8192,0,True,e6c6321820afb4d3abf2daf894efe0e8fc308f5de6f9fe2ffe56f89a319c8c0e,high_fp_conflict_prob_ge_0.95,0,float32,256,FP,0.9580796957,1,,0,,float32,256,False,True,True,False,False,34404,0,8,1,,D_corrected_high_conflict,583,e6c6321820afb4d3abf2daf894efe0e8fc308f5de6f9fe2ffe56f89a319c8c0e,E:\Project\python\Axon_v2.6Exp\data\待加入白名单\E6C6321820AFB4D3ABF2DAF894EFE0E8FC308F5DE6F9FE2FFE56F89A319C8C0E,e6c6321820afb4d3abf2daf894efe0e8fc308f5de6f9fe2ffe56f89a319c8c0e,float32,49,True
92082,test,,uint8,8192,0,True,34dc09cc015cbdb5d3dd90d0ed663db8ddfe297945c73133635975e9089186da,high_fp_conflict_prob_ge_0.95,0,float32,256,FP,0.9566218853,1,,0,,float32,256,False,True,True,False,False,332,0,2,1,,D_corrected_high_conflict,584,34dc09cc015cbdb5d3dd90d0ed663db8ddfe297945c73133635975e9089186da,E:\Project\python\Axon_v2.6Exp\data\待加入白名单\34dc09cc015cbdb5d3dd90d0ed663db8ddfe297945c73133635975e9089186da.exe,34dc09cc015cbdb5d3dd90d0ed663db8ddfe297945c73133635975e9089186da,float32,49,True
171970,test,,uint8,8192,0,True,402319ae8162e4429a53dad2dbd62040d9ad1ec32c98872531a2cf79ecae6b18,high_fp_conflict_prob_ge_0.95,0,float32,256,FP,0.9560462832,1,,0,,float32,256,False,True,True,False,True,332,0,8,1,,D_corrected_high_conflict,585,402319ae8162e4429a53dad2dbd62040d9ad1ec32c98872531a2cf79ecae6b18,E:\Project\python\Axon_v2.6Exp\data\待加入白名单\402319ae8162e4429a53dad2dbd62040d9ad1ec32c98872531a2cf79ecae6b18,402319ae8162e4429a53dad2dbd62040d9ad1ec32c98872531a2cf79ecae6b18,float32,49,True
191148,test,,uint8,8192,0,True,d81e2202d8b2b21c4b6a9489f3c3f20291e2fa14279410cd04ba27332d73a3b2,high_fp_conflict_prob_ge_0.95,0,float32,256,FP,0.9547290206,1,,0,,float32,256,False,False,True,False,False,34404,0,2,1,,D_corrected_high_conflict,586,d81e2202d8b2b21c4b6a9489f3c3f20291e2fa14279410cd04ba27332d73a3b2,E:\Project\python\Axon_v2.6Exp\data\待加入白名单\d81e2202d8b2b21c4b6a9489f3c3f20291e2fa14279410cd04ba27332d73a3b2,d81e2202d8b2b21c4b6a9489f3c3f20291e2fa14279410cd04ba27332d73a3b2,float32,49,True
124106,test,,uint8,8192,0,True,ce976d87b6708a46454a2f6bcd58c92e3f99b3eb8a9d8a3c8edafe46bc851738,high_fp_conflict_prob_ge_0.95,0,float32,256,FP,0.9542868137,1,,0,,float32,256,True,True,True,False,False,34404,172346698,10,1,,D_corrected_high_conflict,587,ce976d87b6708a46454a2f6bcd58c92e3f99b3eb8a9d8a3c8edafe46bc851738,E:\Project\python\Axon_v2.6Exp\data\待加入白名单\ce976d87b6708a46454a2f6bcd58c92e3f99b3eb8a9d8a3c8edafe46bc851738,ce976d87b6708a46454a2f6bcd58c92e3f99b3eb8a9d8a3c8edafe46bc851738,float32,49,True
115120,test,,uint8,8192,0,True,b28a04d0dca1cccb8c0fa8e55d463d874b55bb13386e90c18020f5c60390107d,high_fp_conflict_prob_ge_0.95,0,float32,256,FP,0.953343451,1,,0,,float32,256,False,True,True,False,False,34404,0,6,1,,D_corrected_high_conflict,588,b28a04d0dca1cccb8c0fa8e55d463d874b55bb13386e90c18020f5c60390107d,E:\Project\python\Axon_v2.6Exp\data\待加入白名单\b28a04d0dca1cccb8c0fa8e55d463d874b55bb13386e90c18020f5c60390107d,b28a04d0dca1cccb8c0fa8e55d463d874b55bb13386e90c18020f5c60390107d,float32,49,True
47020,test,,uint8,8192,0,True,df962833e8d5ec646b5702f8af50998757dcec948862ba51cad2f6679dde9ddf,high_fp_conflict_prob_ge_0.95,0,float32,256,FP,0.9532458782,1,,0,,float32,256,False,True,True,False,False,34404,0,6,1,,D_corrected_high_conflict,589,df962833e8d5ec646b5702f8af50998757dcec948862ba51cad2f6679dde9ddf,E:\Project\python\Axon_v2.6Exp\data\待加入白名单\df962833e8d5ec646b5702f8af50998757dcec948862ba51cad2f6679dde9ddf,df962833e8d5ec646b5702f8af50998757dcec948862ba51cad2f6679dde9ddf,float32,49,True
170411,test,,uint8,8192,0,True,180d6c484976553b5d0e2c822ab662489b2dee8e5e6aa7c281fbd9db65df3dff,high_fp_conflict_prob_ge_0.95,0,float32,256,FP,0.9529069066,1,,0,,float32,256,False,True,True,False,False,34404,5429851,7,1,,D_corrected_high_conflict,590,180d6c484976553b5d0e2c822ab662489b2dee8e5e6aa7c281fbd9db65df3dff,E:\Project\python\Axon_v2.6Exp\data\待加入白名单\180D6C484976553B5D0E2C822AB662489B2DEE8E5E6AA7C281FBD9DB65DF3DFF,180d6c484976553b5d0e2c822ab662489b2dee8e5e6aa7c281fbd9db65df3dff,float32,49,True
62740,test,,uint8,8192,0,True,b19513eb299d86da741d95f34996b784cca64ede203193f504db0845fc8b873f,high_fp_conflict_prob_ge_0.95,0,float32,256,FP,0.9527462721,1,,0,,float32,256,False,True,True,False,False,34404,0,7,1,,D_corrected_high_conflict,591,b19513eb299d86da741d95f34996b784cca64ede203193f504db0845fc8b873f,E:\Project\python\Axon_v2.6Exp\data\待加入白名单\B19513EB299D86DA741D95F34996B784CCA64EDE203193F504DB0845FC8B873F,b19513eb299d86da741d95f34996b784cca64ede203193f504db0845fc8b873f,float32,49,True
196261,test,,uint8,8192,0,True,d4a2aeba039bb0f4f394bcd9fc9acd435c3dfbeac40d970f369b15ea52c2f544,high_fp_conflict_prob_ge_0.95,0,float32,256,FP,0.9524868131,1,,0,,float32,256,False,True,True,False,False,34404,0,6,1,,D_corrected_high_conflict,592,d4a2aeba039bb0f4f394bcd9fc9acd435c3dfbeac40d970f369b15ea52c2f544,E:\Project\python\Axon_v2.6Exp\data\待加入白名单\d4a2aeba039bb0f4f394bcd9fc9acd435c3dfbeac40d970f369b15ea52c2f544,d4a2aeba039bb0f4f394bcd9fc9acd435c3dfbeac40d970f369b15ea52c2f544,float32,49,True
191073,test,,uint8,8192,0,True,cc50e92dfacbbab0d436c6f7c283c5ce7cab0e4578f137d8306237bdd4fd5f25,high_fp_conflict_prob_ge_0.95,0,float32,256,FP,0.9519316554,1,,0,,float32,256,False,True,True,False,False,34404,0,7,1,,D_corrected_high_conflict,593,cc50e92dfacbbab0d436c6f7c283c5ce7cab0e4578f137d8306237bdd4fd5f25,E:\Project\python\Axon_v2.6Exp\data\待加入白名单\CC50E92DFACBBAB0D436C6F7C283C5CE7CAB0E4578F137D8306237BDD4FD5F25,cc50e92dfacbbab0d436c6f7c283c5ce7cab0e4578f137d8306237bdd4fd5f25,float32,49,True
103110,test,,uint8,8192,0,True,a94b5e589e1aea02dbebedad9874f1677dd0cf43f2ada224d1a9ecaf3c308a43,high_fp_conflict_prob_ge_0.95,0,float32,256,FP,0.9510634542,1,,0,,float32,256,False,True,True,False,False,34404,4140134,6,1,,D_corrected_high_conflict,594,a94b5e589e1aea02dbebedad9874f1677dd0cf43f2ada224d1a9ecaf3c308a43,E:\Project\python\Axon_v2.6Exp\data\待加入白名单\a94b5e589e1aea02dbebedad9874f1677dd0cf43f2ada224d1a9ecaf3c308a43,a94b5e589e1aea02dbebedad9874f1677dd0cf43f2ada224d1a9ecaf3c308a43,float32,49,True
52360,test,,uint8,8192,1,True,4a9563b1b8552dc93c73fc7be0eaf241a4d53747e51691aa189305b0bc64a512,high_fn_conflict_prob_le_0.05,1,float32,256,FN,0.0109405443,1,,0,,float32,256,False,True,True,True,False,332,14696,9,1,,D_corrected_high_conflict,595,4a9563b1b8552dc93c73fc7be0eaf241a4d53747e51691aa189305b0bc64a512,E:\Project\python\Axon_v2.6Exp\data\待拉黑\2026-03\2026-03-01\4a9563b1b8552dc93c73fc7be0eaf241a4d53747e51691aa189305b0bc64a512_4A9563B1B8552DC93C73FC7BE0EAF241A4D53747E51691AA189305B0BC64A512.exe,4a9563b1b8552dc93c73fc7be0eaf241a4d53747e51691aa189305b0bc64a512,float32,49,True
132766,test,,uint8,8192,1,True,093bd795acecd203a52c70a081f61c530514d943522e0484dc524f1b1e01abbb,high_fn_conflict_prob_le_0.05,1,float32,256,FN,0.0351167582,1,,0,,float32,256,False,True,True,True,False,332,10768,5,1,,D_corrected_high_conflict,596,093bd795acecd203a52c70a081f61c530514d943522e0484dc524f1b1e01abbb,E:\Project\python\Axon_v2.6Exp\data\待拉黑\2026-03\2026-03-01\093bd795acecd203a52c70a081f61c530514d943522e0484dc524f1b1e01abbb.exe,093bd795acecd203a52c70a081f61c530514d943522e0484dc524f1b1e01abbb,float32,49,True
143171,test,,uint8,8192,1,True,3fb38a5da2067b28c4efd0b3532aea44a9d4d73024b606fe03395d4521b5a791,high_fn_conflict_prob_le_0.05,1,float32,256,FN,0.0412218124,1,,0,,float32,256,False,True,True,False,False,332,29,9,1,,D_corrected_high_conflict,597,3fb38a5da2067b28c4efd0b3532aea44a9d4d73024b606fe03395d4521b5a791,E:\Project\python\Axon_v2.6Exp\data\待拉黑\2026-03\2026-03-01\3fb38a5da2067b28c4efd0b3532aea44a9d4d73024b606fe03395d4521b5a791.exe,3fb38a5da2067b28c4efd0b3532aea44a9d4d73024b606fe03395d4521b5a791,float32,49,True
72308,test,,uint8,8192,1,True,920e1b08b8db562c90ae32d2f9842cd1249b3c14ef5cd0b7143fe2172c595872,high_fn_conflict_prob_le_0.05,1,float32,256,FN,0.0128071504,1,,0,,float32,256,True,True,True,True,True,332,6480,5,1,,D_corrected_high_conflict,598,920e1b08b8db562c90ae32d2f9842cd1249b3c14ef5cd0b7143fe2172c595872,E:\Project\python\Axon_v2.6Exp\data\待拉黑\2020-11\2020-11-17\920e1b08b8db562c90ae32d2f9842cd1249b3c14ef5cd0b7143fe2172c595872.dll,920e1b08b8db562c90ae32d2f9842cd1249b3c14ef5cd0b7143fe2172c595872,float32,49,True
169696,test,,uint8,8192,1,True,89add2f9a1d09f94d95d83d844d2ed61fc7701deab8f3caa97810df4ce5af9b0,high_fn_conflict_prob_le_0.05,1,float32,256,FN,0.0199720617,1,,0,,float32,256,True,True,True,False,True,332,0,4,1,,D_corrected_high_conflict,599,89add2f9a1d09f94d95d83d844d2ed61fc7701deab8f3caa97810df4ce5af9b0,E:\Project\python\Axon_v2.6Exp\data\待拉黑\2020-11\2020-11-17\89add2f9a1d09f94d95d83d844d2ed61fc7701deab8f3caa97810df4ce5af9b0.dll,89add2f9a1d09f94d95d83d844d2ed61fc7701deab8f3caa97810df4ce5af9b0,float32,49,True
85825,test,,uint8,8192,1,True,73cd03c8bf2c4cf14dc6939ff60c91e6f399a3824a65307f55e599f6b5d982f5,high_fn_conflict_prob_le_0.05,1,float32,256,FN,0.027470272,1,,0,,float32,256,False,True,True,False,False,332,0,4,1,,D_corrected_high_conflict,600,73cd03c8bf2c4cf14dc6939ff60c91e6f399a3824a65307f55e599f6b5d982f5,E:\Project\python\Axon_v2.6Exp\data\待拉黑\2020-11\2020-11-17\73cd03c8bf2c4cf14dc6939ff60c91e6f399a3824a65307f55e599f6b5d982f5.exe,73cd03c8bf2c4cf14dc6939ff60c91e6f399a3824a65307f55e599f6b5d982f5,float32,49,True
136203,test,,uint8,8192,1,True,f874fa379dc8557f5d640a17753900a7c1a1d5f93a13aeeef176316b8ccf0764,high_fn_conflict_prob_le_0.05,1,float32,256,FN,0.0220341906,1,,0,,float32,256,True,True,True,False,True,332,0,5,1,,D_corrected_high_conflict,601,f874fa379dc8557f5d640a17753900a7c1a1d5f93a13aeeef176316b8ccf0764,E:\Project\python\Axon_v2.6Exp\data\待拉黑\黑文件1\分类样本\Trojan\f874fa379dc8557f5d640a17753900a7c1a1d5f93a13aeeef176316b8ccf0764.dll,f874fa379dc8557f5d640a17753900a7c1a1d5f93a13aeeef176316b8ccf0764,float32,49,True
70809,test,,uint8,8192,1,True,11bd2f957e6e59703bd92d284c5c832c109b40b8a5842d3983f870906618f8f2,high_fn_conflict_prob_le_0.05,1,float32,256,FN,0.0250437893,1,,0,,float32,256,True,True,True,True,True,332,0,5,1,,D_corrected_high_conflict,602,11bd2f957e6e59703bd92d284c5c832c109b40b8a5842d3983f870906618f8f2,E:\Project\python\Axon_v2.6Exp\data\待拉黑\黑文件1\分类样本\PikaBot\11bd2f957e6e59703bd92d284c5c832c109b40b8a5842d3983f870906618f8f2.dll,11bd2f957e6e59703bd92d284c5c832c109b40b8a5842d3983f870906618f8f2,float32,49,True
171803,test,,uint8,8192,1,True,7b1c5147c903892f8888f91c98097c89e419ddcc89958a33e294e6dd192b6d4e,high_fn_conflict_prob_le_0.05,1,float32,256,FN,0.0250437893,1,,0,,float32,256,True,True,True,True,True,332,0,5,1,,D_corrected_high_conflict,603,7b1c5147c903892f8888f91c98097c89e419ddcc89958a33e294e6dd192b6d4e,E:\Project\python\Axon_v2.6Exp\data\待拉黑\黑文件1\分类样本\PikaBot\7b1c5147c903892f8888f91c98097c89e419ddcc89958a33e294e6dd192b6d4e.dll,7b1c5147c903892f8888f91c98097c89e419ddcc89958a33e294e6dd192b6d4e,float32,49,True
85480,test,,uint8,8192,1,True,184e53af04ff158a22facbe4499694223462bfed7d6c96e83ec1be69272348e4,high_fn_conflict_prob_le_0.05,1,float32,256,FN,0.0260674357,1,,0,,float32,256,True,True,True,True,True,332,0,5,1,,D_corrected_high_conflict,604,184e53af04ff158a22facbe4499694223462bfed7d6c96e83ec1be69272348e4,E:\Project\python\Axon_v2.6Exp\data\待拉黑\黑文件1\分类样本\PikaBot\184e53af04ff158a22facbe4499694223462bfed7d6c96e83ec1be69272348e4.dll,184e53af04ff158a22facbe4499694223462bfed7d6c96e83ec1be69272348e4,float32,49,True
133066,test,,uint8,8192,1,True,2c77cb1e4d50d7afc8704eb6d169c724ce12626830e01e2b0994eda11ae816a1,high_fn_conflict_prob_le_0.05,1,float32,256,FN,0.0103095323,1,,0,,float32,256,True,True,True,True,True,332,6264,6,1,,D_corrected_high_conflict,605,2c77cb1e4d50d7afc8704eb6d169c724ce12626830e01e2b0994eda11ae816a1,E:\Project\python\Axon_v2.6Exp\data\待拉黑\2020-11\2020-11-07\2c77cb1e4d50d7afc8704eb6d169c724ce12626830e01e2b0994eda11ae816a1.dll,2c77cb1e4d50d7afc8704eb6d169c724ce12626830e01e2b0994eda11ae816a1,float32,49,True
180339,test,,uint8,8192,1,True,013c1ba4e5021b62cc85dcf852c444e58233ca15bc17085ea50523aecfed014c,high_fn_conflict_prob_le_0.05,1,float32,256,FN,0.0433818437,1,,0,,float32,256,True,True,True,False,True,332,17865,3,1,,D_corrected_high_conflict,606,013c1ba4e5021b62cc85dcf852c444e58233ca15bc17085ea50523aecfed014c,E:\Project\python\Axon_v2.6Exp\data\待拉黑\2020-11\2020-11-07\013c1ba4e5021b62cc85dcf852c444e58233ca15bc17085ea50523aecfed014c.dll,013c1ba4e5021b62cc85dcf852c444e58233ca15bc17085ea50523aecfed014c,float32,49,True
147877,test,,uint8,8192,1,True,69f450c7c825ae968489f892f37bc16177f943348b41b5d9750a595ed40386f6,high_fn_conflict_prob_le_0.05,1,float32,256,FN,0.048801478,1,,0,,float32,256,False,True,True,True,False,332,11552,5,1,,D_corrected_high_conflict,607,69f450c7c825ae968489f892f37bc16177f943348b41b5d9750a595ed40386f6,E:\Project\python\Axon_v2.6Exp\data\待拉黑\2026-02\2026-02-23\69f450c7c825ae968489f892f37bc16177f943348b41b5d9750a595ed40386f6.exe,69f450c7c825ae968489f892f37bc16177f943348b41b5d9750a595ed40386f6,float32,49,True
196980,test,,uint8,8192,1,True,7f305e7523e0e51a9b685d323545969630262998dc433e675c7e76a8b0f18ce9,high_fn_conflict_prob_le_0.05,1,float32,256,FN,0.048801478,1,,0,,float32,256,False,True,True,True,False,332,11536,5,1,,D_corrected_high_conflict,608,7f305e7523e0e51a9b685d323545969630262998dc433e675c7e76a8b0f18ce9,E:\Project\python\Axon_v2.6Exp\data\待拉黑\2026-02\2026-02-23\7f305e7523e0e51a9b685d323545969630262998dc433e675c7e76a8b0f18ce9.exe,7f305e7523e0e51a9b685d323545969630262998dc433e675c7e76a8b0f18ce9,float32,49,True
95948,test,,uint8,8192,1,True,c63c71cd99b222247ec33ef3d0a9ee58cd59486e5f0f6bb1dd46a3cf6192fba8,high_fn_conflict_prob_le_0.05,1,float32,256,FN,0.048801478,1,,0,,float32,256,False,True,True,True,False,332,11544,5,1,,D_corrected_high_conflict,609,c63c71cd99b222247ec33ef3d0a9ee58cd59486e5f0f6bb1dd46a3cf6192fba8,E:\Project\python\Axon_v2.6Exp\data\待拉黑\2026-02\2026-02-23\c63c71cd99b222247ec33ef3d0a9ee58cd59486e5f0f6bb1dd46a3cf6192fba8.exe,c63c71cd99b222247ec33ef3d0a9ee58cd59486e5f0f6bb1dd46a3cf6192fba8,float32,49,True
187186,test,,uint8,8192,1,True,4ba3bd623a9919a357708da57bbbbc978706dad8d57da64e89c780147843c7ce,high_fn_conflict_prob_le_0.05,1,float32,256,FN,0.0157190524,1,,0,,float32,256,True,True,True,True,True,332,8160,5,1,,D_corrected_high_conflict,610,4ba3bd623a9919a357708da57bbbbc978706dad8d57da64e89c780147843c7ce,E:\Project\python\Axon_v2.6Exp\data\待拉黑\2021-09\2021-09-15\4ba3bd623a9919a357708da57bbbbc978706dad8d57da64e89c780147843c7ce.dll,4ba3bd623a9919a357708da57bbbbc978706dad8d57da64e89c780147843c7ce,float32,49,True
55183,test,,uint8,8192,1,True,bceaee3c8ba7b332ab7291b8d146df1a3cbe8c7c50d879af4b2f4850288f7cf6,high_fn_conflict_prob_le_0.05,1,float32,256,FN,0.0130034126,1,,0,,float32,256,False,False,False,True,False,34404,12288,3,1,,D_corrected_high_conflict,611,bceaee3c8ba7b332ab7291b8d146df1a3cbe8c7c50d879af4b2f4850288f7cf6,E:\Project\python\Axon_v2.6Exp\data\待拉黑\2025-03\2025-03-21\bceaee3c8ba7b332ab7291b8d146df1a3cbe8c7c50d879af4b2f4850288f7cf6.exe,bceaee3c8ba7b332ab7291b8d146df1a3cbe8c7c50d879af4b2f4850288f7cf6,float32,49,True
106213,test,,uint8,8192,1,True,13fb3010aac0038b70a239f4d185f3fd7915cce4dfae5917069497c32788e41f,high_fn_conflict_prob_le_0.05,1,float32,256,FN,0.0108456388,1,,0,,float32,256,True,True,False,False,False,332,0,5,1,,D_corrected_high_conflict,612,13fb3010aac0038b70a239f4d185f3fd7915cce4dfae5917069497c32788e41f,E:\Project\python\Axon_v2.6Exp\data\待拉黑\2025-03\2025-03-24\13fb3010aac0038b70a239f4d185f3fd7915cce4dfae5917069497c32788e41f.exe,13fb3010aac0038b70a239f4d185f3fd7915cce4dfae5917069497c32788e41f,float32,49,True
102329,test,,uint8,8192,1,True,d20cf360812688382a9b89a8be832aec9e0a87f6cba2e68d34ca7beec8c37c66,high_fn_conflict_prob_le_0.05,1,float32,256,FN,0.041490864,1,,0,,float32,256,True,True,True,False,True,332,0,5,1,,D_corrected_high_conflict,613,d20cf360812688382a9b89a8be832aec9e0a87f6cba2e68d34ca7beec8c37c66,E:\Project\python\Axon_v2.6Exp\data\待拉黑\2025-03\2025-03-24\d20cf360812688382a9b89a8be832aec9e0a87f6cba2e68d34ca7beec8c37c66.dll,d20cf360812688382a9b89a8be832aec9e0a87f6cba2e68d34ca7beec8c37c66,float32,49,True
144109,test,,uint8,8192,1,True,362bff3c31671ce55194e6ca7998a764c78e047454dbde971ab6219d1d5eebd9,high_fn_conflict_prob_le_0.05,1,float32,256,FN,0.0340501927,1,,0,,float32,256,True,True,True,True,True,332,26112,5,1,,D_corrected_high_conflict,614,362bff3c31671ce55194e6ca7998a764c78e047454dbde971ab6219d1d5eebd9,E:\Project\python\Axon_v2.6Exp\data\待拉黑\2026-02\2026-02-03\362bff3c31671ce55194e6ca7998a764c78e047454dbde971ab6219d1d5eebd9.dll,362bff3c31671ce55194e6ca7998a764c78e047454dbde971ab6219d1d5eebd9,float32,49,True
173614,test,,uint8,8192,1,True,ddeba7517da7fa1908955eb4d2623eca805fd2b5675b80597138df8e46fdaf3a,high_fn_conflict_prob_le_0.05,1,float32,256,FN,0.0103329998,1,,0,,float32,256,True,True,True,True,True,332,8376,5,1,,D_corrected_high_conflict,615,ddeba7517da7fa1908955eb4d2623eca805fd2b5675b80597138df8e46fdaf3a,E:\Project\python\Axon_v2.6Exp\data\待拉黑\2021-07\2021-07-12\ddeba7517da7fa1908955eb4d2623eca805fd2b5675b80597138df8e46fdaf3a.dll,ddeba7517da7fa1908955eb4d2623eca805fd2b5675b80597138df8e46fdaf3a,float32,49,True
42099,test,,uint8,8192,1,True,e6902e5efb53a1de2af93809a5103603aa8115e0f80fa95ade2461947bff4c7e,high_fn_conflict_prob_le_0.05,1,float32,256,FN,0.0201976188,1,,0,,float32,256,False,True,True,True,False,332,10068,4,1,,D_corrected_high_conflict,616,e6902e5efb53a1de2af93809a5103603aa8115e0f80fa95ade2461947bff4c7e,E:\Project\python\Axon_v2.6Exp\data\待拉黑\2021-07\2021-07-12\e6902e5efb53a1de2af93809a5103603aa8115e0f80fa95ade2461947bff4c7e.exe,e6902e5efb53a1de2af93809a5103603aa8115e0f80fa95ade2461947bff4c7e,float32,49,True
158648,test,,uint8,8192,1,True,738f4267728385be1d6336685338a0af96f09587218dbc6b3b88db07d1326877,high_fn_conflict_prob_le_0.05,1,float32,256,FN,0.0130341519,1,,0,,float32,256,True,False,False,False,True,34404,132,5,1,,D_corrected_high_conflict,617,738f4267728385be1d6336685338a0af96f09587218dbc6b3b88db07d1326877,E:\Project\python\Axon_v2.6Exp\data\待拉黑\2021-07\2021-07-21\738f4267728385be1d6336685338a0af96f09587218dbc6b3b88db07d1326877.exe,738f4267728385be1d6336685338a0af96f09587218dbc6b3b88db07d1326877,float32,49,True
167882,test,,uint8,8192,1,True,73c50889c593697a4affe04c30f5ce63c13d7bac6543c56074caa2f2fd7261ab,high_fn_conflict_prob_le_0.05,1,float32,256,FN,0.0196857527,1,,0,,float32,256,True,True,True,True,True,332,0,6,1,,D_corrected_high_conflict,618,73c50889c593697a4affe04c30f5ce63c13d7bac6543c56074caa2f2fd7261ab,E:\Project\python\Axon_v2.6Exp\data\待拉黑\2025-03\2025-03-22\73c50889c593697a4affe04c30f5ce63c13d7bac6543c56074caa2f2fd7261ab.dll,73c50889c593697a4affe04c30f5ce63c13d7bac6543c56074caa2f2fd7261ab,float32,49,True
156503,test,,uint8,8192,1,True,f0783ad4ef6966175ef799a6a29fd4f1fd3c1a25ccc0cfbab43bf75b2c034875,high_fn_conflict_prob_le_0.05,1,float32,256,FN,0.0255416185,1,,0,,float32,256,True,True,True,True,True,332,0,5,1,,D_corrected_high_conflict,619,f0783ad4ef6966175ef799a6a29fd4f1fd3c1a25ccc0cfbab43bf75b2c034875,E:\Project\python\Axon_v2.6Exp\data\待拉黑\2025-03\2025-03-22\f0783ad4ef6966175ef799a6a29fd4f1fd3c1a25ccc0cfbab43bf75b2c034875.dll,f0783ad4ef6966175ef799a6a29fd4f1fd3c1a25ccc0cfbab43bf75b2c034875,float32,49,True
70615,test,,uint8,8192,1,True,285d3b2944739544d4609d18cee50d7922ef8b8ee4d3f17dfcdffe3ce901bbdd,high_fn_conflict_prob_le_0.05,1,float32,256,FN,0.0386589654,1,,0,,float32,256,False,True,True,True,False,34404,9640,6,1,,D_corrected_high_conflict,620,285d3b2944739544d4609d18cee50d7922ef8b8ee4d3f17dfcdffe3ce901bbdd,E:\Project\python\Axon_v2.6Exp\data\待拉黑\2025-10\2025-10-12\285d3b2944739544d4609d18cee50d7922ef8b8ee4d3f17dfcdffe3ce901bbdd.exe,285d3b2944739544d4609d18cee50d7922ef8b8ee4d3f17dfcdffe3ce901bbdd,float32,49,True
93823,test,,uint8,8192,1,True,c1b6222ac56428f20da72236d9a7d62cf7424c8e93335e995e5600bf412e90d2,high_fn_conflict_prob_le_0.05,1,float32,256,FN,0.0164069179,1,,0,,float32,256,False,True,True,False,True,332,0,3,1,,D_corrected_high_conflict,621,c1b6222ac56428f20da72236d9a7d62cf7424c8e93335e995e5600bf412e90d2,E:\Project\python\Axon_v2.6Exp\data\待拉黑\2026-01\2026-01-31\c1b6222ac56428f20da72236d9a7d62cf7424c8e93335e995e5600bf412e90d2.dll,c1b6222ac56428f20da72236d9a7d62cf7424c8e93335e995e5600bf412e90d2,float32,49,True
159317,test,,uint8,8192,1,True,b7a7013b951c3cea178ece3363e3dd06626b9b98ee27ebfd7c161d0bbcfbd894,high_fn_conflict_prob_le_0.05,1,float32,256,FN,0.0238219853,1,,0,,float32,256,False,True,True,True,False,332,13272,5,1,,D_corrected_high_conflict,622,b7a7013b951c3cea178ece3363e3dd06626b9b98ee27ebfd7c161d0bbcfbd894,E:\Project\python\Axon_v2.6Exp\data\待拉黑\2026-02\2026-02-11\b7a7013b951c3cea178ece3363e3dd06626b9b98ee27ebfd7c161d0bbcfbd894.exe,b7a7013b951c3cea178ece3363e3dd06626b9b98ee27ebfd7c161d0bbcfbd894,float32,49,True
176642,test,,uint8,8192,1,True,13d5829ecced67bca7295591da922eba16055f0b35279593589f7a65fa9d65a4,high_fn_conflict_prob_le_0.05,1,float32,256,FN,0.0166540518,1,,0,,float32,256,True,True,True,True,True,332,9960,5,1,,D_corrected_high_conflict,623,13d5829ecced67bca7295591da922eba16055f0b35279593589f7a65fa9d65a4,E:\Project\python\Axon_v2.6Exp\data\待拉黑\2020-06\2020-06-22\13d5829ecced67bca7295591da922eba16055f0b35279593589f7a65fa9d65a4.dll,13d5829ecced67bca7295591da922eba16055f0b35279593589f7a65fa9d65a4,float32,49,True
106648,test,,uint8,8192,1,True,09f446e213c161b3bd401f622a509f32973b08b7faf402a208cfd2166cfa0556,high_fn_conflict_prob_le_0.05,1,float32,256,FN,0.0136140548,1,,0,,float32,256,False,True,True,False,True,332,0,3,1,,D_corrected_high_conflict,624,09f446e213c161b3bd401f622a509f32973b08b7faf402a208cfd2166cfa0556,E:\Project\python\Axon_v2.6Exp\data\待拉黑\2020-08\2022-08-08\09f446e213c161b3bd401f622a509f32973b08b7faf402a208cfd2166cfa0556.dll,09f446e213c161b3bd401f622a509f32973b08b7faf402a208cfd2166cfa0556,float32,49,True
109654,test,,uint8,8192,1,True,7afbd413c8df77b0c1e0de046c6a726b5afce28efc06f7986c1d8c107cfa89b1,high_fn_conflict_prob_le_0.05,1,float32,256,FN,0.0499480069,1,,0,,float32,256,True,True,False,True,True,332,5528,6,1,,D_corrected_high_conflict,625,7afbd413c8df77b0c1e0de046c6a726b5afce28efc06f7986c1d8c107cfa89b1,E:\Project\python\Axon_v2.6Exp\data\待拉黑\2020-08\2022-08-09\7afbd413c8df77b0c1e0de046c6a726b5afce28efc06f7986c1d8c107cfa89b1.dll,7afbd413c8df77b0c1e0de046c6a726b5afce28efc06f7986c1d8c107cfa89b1,float32,49,True
191932,test,,uint8,8192,1,True,605d6dbb783fb7ffd54f5f8d9a3cbaf6aa23bbe5c7b384b3c9aa7a23b9b3c150,high_fn_conflict_prob_le_0.05,1,float32,256,FN,0.0417372994,1,,0,,float32,256,True,True,True,False,True,332,2,5,1,,D_corrected_high_conflict,626,605d6dbb783fb7ffd54f5f8d9a3cbaf6aa23bbe5c7b384b3c9aa7a23b9b3c150,E:\Project\python\Axon_v2.6Exp\data\待拉黑\2020-10\2020-10-21\605d6dbb783fb7ffd54f5f8d9a3cbaf6aa23bbe5c7b384b3c9aa7a23b9b3c150.dll,605d6dbb783fb7ffd54f5f8d9a3cbaf6aa23bbe5c7b384b3c9aa7a23b9b3c150,float32,49,True
176759,test,,uint8,8192,1,True,bdb87729fff77c9ec0093fc10afa1a6356698db20c794dc63d17b05219f26c65,high_fn_conflict_prob_le_0.05,1,float32,256,FN,0.0233685505,1,,0,,float32,256,False,True,True,True,False,332,3723268,7,1,,D_corrected_high_conflict,627,bdb87729fff77c9ec0093fc10afa1a6356698db20c794dc63d17b05219f26c65,E:\Project\python\Axon_v2.6Exp\data\待拉黑\2020-11\2020-11-13\bdb87729fff77c9ec0093fc10afa1a6356698db20c794dc63d17b05219f26c65.exe,bdb87729fff77c9ec0093fc10afa1a6356698db20c794dc63d17b05219f26c65,float32,49,True
127999,test,,uint8,8192,1,True,b17b6ada47cabb61e9540d0a1e997dc5175f71efc793fb613e5a99baf53baa2a,high_fn_conflict_prob_le_0.05,1,float32,256,FN,0.0454591326,1,,0,,float32,256,True,True,True,True,True,332,7376,5,1,,D_corrected_high_conflict,628,b17b6ada47cabb61e9540d0a1e997dc5175f71efc793fb613e5a99baf53baa2a,E:\Project\python\Axon_v2.6Exp\data\待拉黑\2020-11\2020-11-30\b17b6ada47cabb61e9540d0a1e997dc5175f71efc793fb613e5a99baf53baa2a.dll,b17b6ada47cabb61e9540d0a1e997dc5175f71efc793fb613e5a99baf53baa2a,float32,49,True
83761,test,,uint8,8192,1,True,d6b876d72dba94fc0bacbe1cb45aba493e4b71572a7713a1a0ae844609a72504,high_fn_conflict_prob_le_0.05,1,float32,256,FN,0.0384955816,1,,0,,float32,256,False,True,True,False,True,332,0,3,1,,D_corrected_high_conflict,629,d6b876d72dba94fc0bacbe1cb45aba493e4b71572a7713a1a0ae844609a72504,E:\Project\python\Axon_v2.6Exp\data\待拉黑\2021-04\2021-04-16\d6b876d72dba94fc0bacbe1cb45aba493e4b71572a7713a1a0ae844609a72504.dll,d6b876d72dba94fc0bacbe1cb45aba493e4b71572a7713a1a0ae844609a72504,float32,49,True
198710,test,,uint8,8192,1,True,3156efc2fb1eafc783f5e10990b0d4208481fc6f554edc3235fe48e4a71eadac,high_fn_conflict_prob_le_0.05,1,float32,256,FN,0.0165786371,1,,0,,float32,256,True,True,False,True,True,332,8200,4,1,,D_corrected_high_conflict,630,3156efc2fb1eafc783f5e10990b0d4208481fc6f554edc3235fe48e4a71eadac,E:\Project\python\Axon_v2.6Exp\data\待拉黑\2021-04\2021-04-27\3156efc2fb1eafc783f5e10990b0d4208481fc6f554edc3235fe48e4a71eadac.dll,3156efc2fb1eafc783f5e10990b0d4208481fc6f554edc3235fe48e4a71eadac,float32,49,True
92512,test,,uint8,8192,1,True,f75efd25362d8eed3c2b190e3ba178b2cbbcf7c7da0b991f4fe1d85072e8dcc6,high_fn_conflict_prob_le_0.05,1,float32,256,FN,0.0370649025,1,,0,,float32,256,True,True,False,False,True,34404,0,4,1,,D_corrected_high_conflict,631,f75efd25362d8eed3c2b190e3ba178b2cbbcf7c7da0b991f4fe1d85072e8dcc6,E:\Project\python\Axon_v2.6Exp\data\待拉黑\2021-05\2021-05-17\f75efd25362d8eed3c2b190e3ba178b2cbbcf7c7da0b991f4fe1d85072e8dcc6.exe,f75efd25362d8eed3c2b190e3ba178b2cbbcf7c7da0b991f4fe1d85072e8dcc6,float32,49,True
150530,test,,uint8,8192,1,True,39dde7049b772424639030d139edf59fb1f227604c6a3a16218868f9c64cbee5,high_fn_conflict_prob_le_0.05,1,float32,256,FN,0.0300804172,1,,0,,float32,256,True,False,False,False,True,34404,127,4,1,,D_corrected_high_conflict,632,39dde7049b772424639030d139edf59fb1f227604c6a3a16218868f9c64cbee5,E:\Project\python\Axon_v2.6Exp\data\待拉黑\2021-05\2021-05-27\39dde7049b772424639030d139edf59fb1f227604c6a3a16218868f9c64cbee5.exe,39dde7049b772424639030d139edf59fb1f227604c6a3a16218868f9c64cbee5,float32,49,True
72263,test,,uint8,8192,1,True,8271e9ecfcb429a49cb977f6e9586f6adf1a65254934f2312888a50580de9efa,high_fn_conflict_prob_le_0.05,1,float32,256,FN,0.0489715822,1,,0,,float32,256,False,True,True,True,False,332,4976,3,1,,D_corrected_high_conflict,633,8271e9ecfcb429a49cb977f6e9586f6adf1a65254934f2312888a50580de9efa,E:\Project\python\Axon_v2.6Exp\data\待拉黑\2021-05\2021-05-28\8271e9ecfcb429a49cb977f6e9586f6adf1a65254934f2312888a50580de9efa.exe,8271e9ecfcb429a49cb977f6e9586f6adf1a65254934f2312888a50580de9efa,float32,49,True
108409,test,,uint8,8192,1,True,c2148996c74f2e0e4334ad036889a9fcf737aec7de30c1ffe7613b46498ea9d4,high_fn_conflict_prob_le_0.05,1,float32,256,FN,0.0400047563,1,,0,,float32,256,False,True,True,True,False,332,4976,3,1,,D_corrected_high_conflict,634,c2148996c74f2e0e4334ad036889a9fcf737aec7de30c1ffe7613b46498ea9d4,E:\Project\python\Axon_v2.6Exp\data\待拉黑\2021-06\2021-06-02\c2148996c74f2e0e4334ad036889a9fcf737aec7de30c1ffe7613b46498ea9d4.exe,c2148996c74f2e0e4334ad036889a9fcf737aec7de30c1ffe7613b46498ea9d4,float32,49,True
161107,test,,uint8,8192,1,True,0af922d3a06fdd474a4bbfbf35b5aa5ea28946209e65e91889d81b9ce77f1777,high_fn_conflict_prob_le_0.05,1,float32,256,FN,0.0471856333,1,,0,,float32,256,False,True,True,True,False,332,4976,3,1,,D_corrected_high_conflict,635,0af922d3a06fdd474a4bbfbf35b5aa5ea28946209e65e91889d81b9ce77f1777,E:\Project\python\Axon_v2.6Exp\data\待拉黑\2021-06\2021-06-09\0af922d3a06fdd474a4bbfbf35b5aa5ea28946209e65e91889d81b9ce77f1777.exe,0af922d3a06fdd474a4bbfbf35b5aa5ea28946209e65e91889d81b9ce77f1777,float32,49,True
149958,test,,uint8,8192,1,True,5551014543bed9e2f9337ed423533fff41d4223a294efbd0fde6bd95296adc71,high_fn_conflict_prob_le_0.05,1,float32,256,FN,0.028276002,1,,0,,float32,256,False,True,True,True,False,332,10904,3,1,,D_corrected_high_conflict,636,5551014543bed9e2f9337ed423533fff41d4223a294efbd0fde6bd95296adc71,E:\Project\python\Axon_v2.6Exp\data\待拉黑\2021-07\2021-07-30\5551014543bed9e2f9337ed423533fff41d4223a294efbd0fde6bd95296adc71.exe,5551014543bed9e2f9337ed423533fff41d4223a294efbd0fde6bd95296adc71,float32,49,True
109498,test,,uint8,8192,1,True,80090b0a08a890c21fca4111ed6990f48ffa121b3da4703172a37659e2178d64,high_fn_conflict_prob_le_0.05,1,float32,256,FN,0.0353909396,1,,0,,float32,256,False,True,True,False,False,332,4,3,1,,D_corrected_high_conflict,637,80090b0a08a890c21fca4111ed6990f48ffa121b3da4703172a37659e2178d64,E:\Project\python\Axon_v2.6Exp\data\待拉黑\2021-09\2021-09-29\80090b0a08a890c21fca4111ed6990f48ffa121b3da4703172a37659e2178d64.exe,80090b0a08a890c21fca4111ed6990f48ffa121b3da4703172a37659e2178d64,float32,49,True
159906,test,,uint8,8192,1,True,826fd6bd344dfbc47eaba524afa822dc105a69beac5c7da9bbe60987a5e40f1a,high_fn_conflict_prob_le_0.05,1,float32,256,FN,0.0413173959,1,,0,,float32,256,False,True,True,True,False,332,9792,5,1,,D_corrected_high_conflict,638,826fd6bd344dfbc47eaba524afa822dc105a69beac5c7da9bbe60987a5e40f1a,E:\Project\python\Axon_v2.6Exp\data\待拉黑\2021-10\2021-10-21\826fd6bd344dfbc47eaba524afa822dc105a69beac5c7da9bbe60987a5e40f1a.exe,826fd6bd344dfbc47eaba524afa822dc105a69beac5c7da9bbe60987a5e40f1a,float32,49,True
68028,test,,uint8,8192,1,True,7852cf2dfe60b60194dae9b037298ed0a9c84fa1d850f3898751575f4377215f,high_fn_conflict_prob_le_0.05,1,float32,256,FN,0.0271777567,1,,0,,float32,256,False,True,True,True,False,332,9760,4,1,,D_corrected_high_conflict,639,7852cf2dfe60b60194dae9b037298ed0a9c84fa1d850f3898751575f4377215f,E:\Project\python\Axon_v2.6Exp\data\待拉黑\2021-12\2021-12-17\7852cf2dfe60b60194dae9b037298ed0a9c84fa1d850f3898751575f4377215f.exe,7852cf2dfe60b60194dae9b037298ed0a9c84fa1d850f3898751575f4377215f,float32,49,True
111476,test,,uint8,8192,1,True,af555d61becfcf0c13d4bc8ea7ab97dcdc6591f8c6bb892290898d28ebce1c5d,high_fn_conflict_prob_le_0.05,1,float32,256,FN,0.0245567486,1,,0,,float32,256,True,True,True,True,True,332,9728,5,1,,D_corrected_high_conflict,640,af555d61becfcf0c13d4bc8ea7ab97dcdc6591f8c6bb892290898d28ebce1c5d,E:\Project\python\Axon_v2.6Exp\data\待拉黑\2021-12\2021-12-23\af555d61becfcf0c13d4bc8ea7ab97dcdc6591f8c6bb892290898d28ebce1c5d.dll,af555d61becfcf0c13d4bc8ea7ab97dcdc6591f8c6bb892290898d28ebce1c5d,float32,49,True
85987,test,,uint8,8192,1,True,8e1e0ddeb249b9f8331b1562498d2cbd9138ec5e00c55a521d489e65b7ef447d,high_fn_conflict_prob_le_0.05,1,float32,256,FN,0.0421749912,1,,0,,float32,256,False,True,True,False,True,332,0,3,1,,D_corrected_high_conflict,641,8e1e0ddeb249b9f8331b1562498d2cbd9138ec5e00c55a521d489e65b7ef447d,E:\Project\python\Axon_v2.6Exp\data\待拉黑\2021-12\2021-12-27\8e1e0ddeb249b9f8331b1562498d2cbd9138ec5e00c55a521d489e65b7ef447d.dll,8e1e0ddeb249b9f8331b1562498d2cbd9138ec5e00c55a521d489e65b7ef447d,float32,49,True
104047,test,,uint8,8192,1,True,2317c8c93609b5a04b8e17ec008ba76ec10337e9476258190054fc79ac0351e9,high_fn_conflict_prob_le_0.05,1,float32,256,FN,0.0398966484,1,,0,,float32,256,True,True,True,False,True,332,0,7,1,,D_corrected_high_conflict,642,2317c8c93609b5a04b8e17ec008ba76ec10337e9476258190054fc79ac0351e9,E:\Project\python\Axon_v2.6Exp\data\待拉黑\2025-03\2025-03-23\2317c8c93609b5a04b8e17ec008ba76ec10337e9476258190054fc79ac0351e9.dll,2317c8c93609b5a04b8e17ec008ba76ec10337e9476258190054fc79ac0351e9,float32,49,True
131526,test,,uint8,8192,1,True,24b06b5caad5b09729ccaffa5a43352afd2da2c29c3675b17cae975b7d2a1e62,high_fn_conflict_prob_le_0.05,1,float32,256,FN,0.0225439314,1,,0,,float32,256,False,True,True,False,True,332,0,3,1,,D_corrected_high_conflict,643,24b06b5caad5b09729ccaffa5a43352afd2da2c29c3675b17cae975b7d2a1e62,E:\Project\python\Axon_v2.6Exp\data\待拉黑\2025-10\2025-10-07\24b06b5caad5b09729ccaffa5a43352afd2da2c29c3675b17cae975b7d2a1e62.dll,24b06b5caad5b09729ccaffa5a43352afd2da2c29c3675b17cae975b7d2a1e62,float32,49,True
63726,test,,uint8,8192,1,True,39b3314443d89800c8a25d236e1ca9a534c6d35bb103c21215eb7cf10708c54f,high_fn_conflict_prob_le_0.05,1,float32,256,FN,0.0375575535,1,,0,,float32,256,True,True,True,False,True,332,0,5,1,,D_corrected_high_conflict,644,39b3314443d89800c8a25d236e1ca9a534c6d35bb103c21215eb7cf10708c54f,E:\Project\python\Axon_v2.6Exp\data\待拉黑\2025-10\2025-10-11\39b3314443d89800c8a25d236e1ca9a534c6d35bb103c21215eb7cf10708c54f.dll,39b3314443d89800c8a25d236e1ca9a534c6d35bb103c21215eb7cf10708c54f,float32,49,True
60175,test,,uint8,8192,1,True,bcd643265785cf0f2a523b015b113eaeb825738b64784b3f6935bcb86796165a,high_fn_conflict_prob_le_0.05,1,float32,256,FN,0.0433220416,1,,0,,float32,256,True,True,True,True,True,34404,10456,6,1,,D_corrected_high_conflict,645,bcd643265785cf0f2a523b015b113eaeb825738b64784b3f6935bcb86796165a,E:\Project\python\Axon_v2.6Exp\data\待拉黑\2025-11\2025-11-04\bcd643265785cf0f2a523b015b113eaeb825738b64784b3f6935bcb86796165a.exe,bcd643265785cf0f2a523b015b113eaeb825738b64784b3f6935bcb86796165a,float32,49,True
59565,test,,uint8,8192,1,True,e6dbc536c9ffddace324bc8a049ca4384076c30b999bb198c4ddc4a220d02aff,high_fn_conflict_prob_le_0.05,1,float32,256,FN,0.02453335,1,,0,,float32,256,False,True,True,False,False,332,0,4,1,,D_corrected_high_conflict,646,e6dbc536c9ffddace324bc8a049ca4384076c30b999bb198c4ddc4a220d02aff,E:\Project\python\Axon_v2.6Exp\data\待拉黑\2025-11\2025-11-23\e6dbc536c9ffddace324bc8a049ca4384076c30b999bb198c4ddc4a220d02aff.exe,e6dbc536c9ffddace324bc8a049ca4384076c30b999bb198c4ddc4a220d02aff,float32,49,True
49284,test,,uint8,8192,1,True,e0d6d7869a834294fb21ad3e0f8348733dd28168193b5e4c90ccd8fa1f8018ff,high_fn_conflict_prob_le_0.05,1,float32,256,FN,0.0161941405,1,,0,,float32,256,True,True,True,True,True,332,10552,5,1,,D_corrected_high_conflict,647,e0d6d7869a834294fb21ad3e0f8348733dd28168193b5e4c90ccd8fa1f8018ff,E:\Project\python\Axon_v2.6Exp\data\待拉黑\2026-01\2026-01-05\e0d6d7869a834294fb21ad3e0f8348733dd28168193b5e4c90ccd8fa1f8018ff.dll,e0d6d7869a834294fb21ad3e0f8348733dd28168193b5e4c90ccd8fa1f8018ff,float32,49,True
63794,test,,uint8,8192,1,True,edb873a5f0ef7f5f3d162cdd84267329cbda6c145ed90bb5f3c0589b9d820997,high_fn_conflict_prob_le_0.05,1,float32,256,FN,0.0183048621,1,,0,,float32,256,False,True,True,True,False,332,10296,5,1,,D_corrected_high_conflict,648,edb873a5f0ef7f5f3d162cdd84267329cbda6c145ed90bb5f3c0589b9d820997,E:\Project\python\Axon_v2.6Exp\data\待拉黑\2026-01\2026-01-18\edb873a5f0ef7f5f3d162cdd84267329cbda6c145ed90bb5f3c0589b9d820997.exe,edb873a5f0ef7f5f3d162cdd84267329cbda6c145ed90bb5f3c0589b9d820997,float32,49,True
113478,test,,uint8,8192,1,True,de68226566cbf1d6f5030a84abefa1621c625c22f2ae31866af2d4afc48d51cf,high_fn_conflict_prob_le_0.05,1,float32,256,FN,0.0220817234,1,,0,,float32,256,False,True,True,True,False,332,11480,3,1,,D_corrected_high_conflict,649,de68226566cbf1d6f5030a84abefa1621c625c22f2ae31866af2d4afc48d51cf,E:\Project\python\Axon_v2.6Exp\data\待拉黑\2026-03\2026-03-19\de68226566cbf1d6f5030a84abefa1621c625c22f2ae31866af2d4afc48d51cf.exe,de68226566cbf1d6f5030a84abefa1621c625c22f2ae31866af2d4afc48d51cf,float32,49,True
