blind_review_id,current_label,loop106_focus_bucket,loop106_focus_reasons,review_tags,content_evidence_fields,source_size_bytes,file_entropy,pe_parse_status,pe_number_of_sections,pe_section_names,pe_has_import_directory,pe_import_directory_size,pe_has_resource_directory,pe_resource_directory_size,pe_has_security_directory,pe_security_directory_size,overlay_size,overlay_entropy,overlay_after_security_size,overlay_after_security_entropy,duplicate_manifest_sha_group,manifest_duplicate_group_size,objective_issue_count,objective_issue_flags
blind-01317,0,benign_label_content_review,overlay_present|high_overlay_entropy|post_security_overlay_present|high_post_security_overlay_entropy|high_file_entropy|many_sections|benign_label_malware_like_static_shape,has_resource_directory|overlay_present|overlay_after_security_present|high_file_entropy|high_overlay_entropy|many_sections,source_size_bytes|file_entropy|mz_signature|pe_parse_status|pe_machine|pe_characteristics|pe_optional_magic|pe_subsystem|pe_dll_characteristics|pe_number_of_sections|pe_section_names|pe_section_raw_size_total|pe_has_export_directory|pe_has_import_directory|pe_has_resource_directory|pe_has_security_directory|overlay_size|overlay_entropy|overlay_after_security_size|overlay_after_security_entropy,23430594,7.993970,ok,11,.text|.itext|.data|.bss|.idata|.didata|.edata|.tls|.rdata|.reloc|.rsrc,true,4160,true,18576,false,0,22600130,7.999991,22600130,7.999991,false,,0,
blind-01629,1,malicious_label_content_review,overlay_present|high_overlay_entropy|post_security_overlay_present|high_post_security_overlay_entropy|high_file_entropy|has_security_directory|security_directory_with_extra_overlay,has_resource_directory|has_security_directory|overlay_present|overlay_after_security_present|high_file_entropy|high_overlay_entropy,source_size_bytes|file_entropy|mz_signature|pe_parse_status|pe_machine|pe_characteristics|pe_optional_magic|pe_subsystem|pe_dll_characteristics|pe_number_of_sections|pe_section_names|pe_section_raw_size_total|pe_has_export_directory|pe_has_import_directory|pe_has_resource_directory|pe_has_security_directory|overlay_size|overlay_entropy|overlay_after_security_size|overlay_after_security_entropy,31883264,7.989606,ok,5,.text|.rdata|.data|.rsrc|.reloc,true,100,true,444113,true,12768,31234048,7.998917,31208512,7.998920,false,,0,
blind-01558,1,malicious_label_content_review,overlay_present|high_overlay_entropy|post_security_overlay_present|high_post_security_overlay_entropy|high_file_entropy|has_security_directory|security_directory_with_extra_overlay,has_resource_directory|has_security_directory|overlay_present|overlay_after_security_present|high_file_entropy|high_overlay_entropy,source_size_bytes|file_entropy|mz_signature|pe_parse_status|pe_machine|pe_characteristics|pe_optional_magic|pe_subsystem|pe_dll_characteristics|pe_number_of_sections|pe_section_names|pe_section_raw_size_total|pe_has_export_directory|pe_has_import_directory|pe_has_resource_directory|pe_has_security_directory|overlay_size|overlay_entropy|overlay_after_security_size|overlay_after_security_entropy,23435721,7.999902,ok,5,.text|.rdata|.data|.ndata|.rsrc,true,160,true,49896,true,11064,23351241,7.999981,78289,7.672393,false,,0,
blind-00156,0,benign_label_content_review,overlay_present|high_overlay_entropy|post_security_overlay_present|high_post_security_overlay_entropy|high_file_entropy|has_security_directory|security_directory_with_extra_overlay|benign_label_malware_like_static_shape,has_resource_directory|has_security_directory|overlay_present|overlay_after_security_present|high_file_entropy|high_overlay_entropy,source_size_bytes|file_entropy|mz_signature|pe_parse_status|pe_machine|pe_characteristics|pe_optional_magic|pe_subsystem|pe_dll_characteristics|pe_number_of_sections|pe_section_names|pe_section_raw_size_total|pe_has_export_directory|pe_has_import_directory|pe_has_resource_directory|pe_has_security_directory|overlay_size|overlay_entropy|overlay_after_security_size|overlay_after_security_entropy,12381744,7.993384,ok,7,.text|.rdata|.data|.pdata|_rdata|.rsrc|.reloc,true,120,true,69180,true,9640,12042288,7.998404,512,7.617694,false,,0,
blind-00202,0,benign_label_content_review,overlay_present|high_overlay_entropy|post_security_overlay_present|high_post_security_overlay_entropy|high_file_entropy|many_sections|benign_label_malware_like_static_shape,has_resource_directory|overlay_present|overlay_after_security_present|high_overlay_entropy|many_sections,source_size_bytes|file_entropy|mz_signature|pe_parse_status|pe_machine|pe_characteristics|pe_optional_magic|pe_subsystem|pe_dll_characteristics|pe_number_of_sections|pe_section_names|pe_section_raw_size_total|pe_has_export_directory|pe_has_import_directory|pe_has_resource_directory|pe_has_security_directory|overlay_size|overlay_entropy|overlay_after_security_size|overlay_after_security_entropy,1477078,7.126397,ok,8,.text|.data|.tls|.rdata|.idata|.edata|.rsrc|.reloc,true,7303,true,397728,false,0,176086,7.961591,176086,7.961591,false,,0,
blind-00738,0,benign_label_content_review,overlay_present|high_overlay_entropy|post_security_overlay_present|high_post_security_overlay_entropy|high_file_entropy|many_sections|benign_label_malware_like_static_shape,has_resource_directory|overlay_present|overlay_after_security_present|high_overlay_entropy|many_sections,source_size_bytes|file_entropy|mz_signature|pe_parse_status|pe_machine|pe_characteristics|pe_optional_magic|pe_subsystem|pe_dll_characteristics|pe_number_of_sections|pe_section_names|pe_section_raw_size_total|pe_has_export_directory|pe_has_import_directory|pe_has_resource_directory|pe_has_security_directory|overlay_size|overlay_entropy|overlay_after_security_size|overlay_after_security_entropy,1293790,7.151021,ok,8,.text|.data|.tls|.rdata|.idata|.edata|.rsrc|.reloc,true,7303,true,219648,false,0,176094,7.964302,176094,7.964302,false,,0,
blind-01186,0,benign_label_content_review,overlay_present|high_overlay_entropy|post_security_overlay_present|high_post_security_overlay_entropy|high_file_entropy|many_sections|benign_label_malware_like_static_shape,has_resource_directory|overlay_present|overlay_after_security_present|high_file_entropy|high_overlay_entropy|many_sections,source_size_bytes|file_entropy|mz_signature|pe_parse_status|pe_machine|pe_characteristics|pe_optional_magic|pe_subsystem|pe_dll_characteristics|pe_number_of_sections|pe_section_names|pe_section_raw_size_total|pe_has_export_directory|pe_has_import_directory|pe_has_resource_directory|pe_has_security_directory|overlay_size|overlay_entropy|overlay_after_security_size|overlay_after_security_entropy,3697608,7.965530,ok,9,|        |        |        |        |.idata|.rsrc|.themida|.boot,true,444,true,1344,false,0,18888,7.490536,18888,7.490536,false,,0,
blind-01044,0,benign_label_content_review,overlay_present|high_overlay_entropy|post_security_overlay_present|high_post_security_overlay_entropy|high_file_entropy|many_sections|benign_label_malware_like_static_shape,has_resource_directory|overlay_present|overlay_after_security_present|high_file_entropy|high_overlay_entropy|many_sections,source_size_bytes|file_entropy|mz_signature|pe_parse_status|pe_machine|pe_characteristics|pe_optional_magic|pe_subsystem|pe_dll_characteristics|pe_number_of_sections|pe_section_names|pe_section_raw_size_total|pe_has_export_directory|pe_has_import_directory|pe_has_resource_directory|pe_has_security_directory|overlay_size|overlay_entropy|overlay_after_security_size|overlay_after_security_entropy,12979408,7.988549,ok,10,|        |        |        |        |        |.idata|.rsrc|.themida|.boot,true,584,true,124922,false,0,14032,7.278049,14032,7.278049,false,,0,
blind-00830,0,benign_label_content_review,overlay_present|high_overlay_entropy|post_security_overlay_present|high_post_security_overlay_entropy|high_file_entropy|many_sections|benign_label_malware_like_static_shape,has_resource_directory|overlay_present|overlay_after_security_present|high_file_entropy|high_overlay_entropy|many_sections,source_size_bytes|file_entropy|mz_signature|pe_parse_status|pe_machine|pe_characteristics|pe_optional_magic|pe_subsystem|pe_dll_characteristics|pe_number_of_sections|pe_section_names|pe_section_raw_size_total|pe_has_export_directory|pe_has_import_directory|pe_has_resource_directory|pe_has_security_directory|overlay_size|overlay_entropy|overlay_after_security_size|overlay_after_security_entropy,2962184,7.947816,ok,9,|        |        |        |        |.idata|.rsrc|.themida|.boot,true,416,true,2668,false,0,16136,7.419048,16136,7.419048,false,,0,
blind-01484,0,benign_label_content_review,overlay_present|high_overlay_entropy|post_security_overlay_present|high_post_security_overlay_entropy|high_file_entropy|many_sections|benign_label_malware_like_static_shape,has_resource_directory|overlay_present|overlay_after_security_present|high_file_entropy|high_overlay_entropy|many_sections,source_size_bytes|file_entropy|mz_signature|pe_parse_status|pe_machine|pe_characteristics|pe_optional_magic|pe_subsystem|pe_dll_characteristics|pe_number_of_sections|pe_section_names|pe_section_raw_size_total|pe_has_export_directory|pe_has_import_directory|pe_has_resource_directory|pe_has_security_directory|overlay_size|overlay_entropy|overlay_after_security_size|overlay_after_security_entropy,4668136,7.969595,ok,9,|        |        |        |        |.idata|.rsrc|.themida|.boot,true,668,true,6740,false,0,16104,7.421500,16104,7.421500,false,,0,
blind-01793,0,benign_label_content_review,overlay_present|high_overlay_entropy|post_security_overlay_present|high_post_security_overlay_entropy|high_file_entropy|many_sections|benign_label_malware_like_static_shape,has_resource_directory|overlay_present|overlay_after_security_present|high_file_entropy|high_overlay_entropy|many_sections,source_size_bytes|file_entropy|mz_signature|pe_parse_status|pe_machine|pe_characteristics|pe_optional_magic|pe_subsystem|pe_dll_characteristics|pe_number_of_sections|pe_section_names|pe_section_raw_size_total|pe_has_export_directory|pe_has_import_directory|pe_has_resource_directory|pe_has_security_directory|overlay_size|overlay_entropy|overlay_after_security_size|overlay_after_security_entropy,2885280,7.949239,ok,9,|        |        |        |        |.idata|.rsrc|.themida|.boot,true,220,true,2634,false,0,16032,7.433809,16032,7.433809,false,,0,
blind-00519,0,benign_label_content_review,overlay_present|high_overlay_entropy|post_security_overlay_present|high_post_security_overlay_entropy|high_file_entropy|many_sections|benign_label_malware_like_static_shape,has_resource_directory|overlay_present|overlay_after_security_present|high_file_entropy|high_overlay_entropy|many_sections,source_size_bytes|file_entropy|mz_signature|pe_parse_status|pe_machine|pe_characteristics|pe_optional_magic|pe_subsystem|pe_dll_characteristics|pe_number_of_sections|pe_section_names|pe_section_raw_size_total|pe_has_export_directory|pe_has_import_directory|pe_has_resource_directory|pe_has_security_directory|overlay_size|overlay_entropy|overlay_after_security_size|overlay_after_security_entropy,5744720,7.967684,ok,9,|        |        |        |.idata|.tls|.rsrc|.themida|.boot,true,528,true,157456,false,0,15440,7.353705,15440,7.353705,false,,0,
blind-00938,0,benign_label_content_review,overlay_present|high_overlay_entropy|post_security_overlay_present|high_post_security_overlay_entropy|high_file_entropy|many_sections|benign_label_malware_like_static_shape,has_resource_directory|overlay_present|overlay_after_security_present|high_file_entropy|many_sections,source_size_bytes|file_entropy|mz_signature|pe_parse_status|pe_machine|pe_characteristics|pe_optional_magic|pe_subsystem|pe_dll_characteristics|pe_number_of_sections|pe_section_names|pe_section_raw_size_total|pe_has_export_directory|pe_has_import_directory|pe_has_resource_directory|pe_has_security_directory|overlay_size|overlay_entropy|overlay_after_security_size|overlay_after_security_entropy,4114952,7.968855,ok,8,|        |        |        |.idata|.rsrc|.themida|.boot,true,360,true,115824,false,0,18440,7.187889,18440,7.187889,false,,0,
blind-00141,0,benign_label_content_review,overlay_present|high_overlay_entropy|post_security_overlay_present|high_post_security_overlay_entropy|high_file_entropy|benign_label_malware_like_static_shape,no_import_directory|has_resource_directory|overlay_present|overlay_after_security_present|high_file_entropy|high_overlay_entropy,source_size_bytes|file_entropy|mz_signature|pe_parse_status|pe_machine|pe_characteristics|pe_optional_magic|pe_subsystem|pe_dll_characteristics|pe_number_of_sections|pe_section_names|pe_section_raw_size_total|pe_has_export_directory|pe_has_import_directory|pe_has_resource_directory|pe_has_security_directory|overlay_size|overlay_entropy|overlay_after_security_size|overlay_after_security_entropy,535750,7.923424,ok,2,.rsrc|.its,false,0,true,16,false,0,533858,7.930337,533858,7.930337,false,,0,
blind-00168,0,benign_label_content_review,overlay_present|high_overlay_entropy|post_security_overlay_present|high_post_security_overlay_entropy|high_file_entropy|benign_label_malware_like_static_shape,has_resource_directory|overlay_present|overlay_after_security_present|high_file_entropy|high_overlay_entropy,source_size_bytes|file_entropy|mz_signature|pe_parse_status|pe_machine|pe_characteristics|pe_optional_magic|pe_subsystem|pe_dll_characteristics|pe_number_of_sections|pe_section_names|pe_section_raw_size_total|pe_has_export_directory|pe_has_import_directory|pe_has_resource_directory|pe_has_security_directory|overlay_size|overlay_entropy|overlay_after_security_size|overlay_after_security_entropy,14628661,7.999853,ok,5,.text|.rdata|.data|.ndata|.rsrc,true,160,true,29256,false,0,14564661,7.999988,14564661,7.999988,false,,0,
blind-00214,0,benign_label_content_review,overlay_present|high_overlay_entropy|post_security_overlay_present|high_post_security_overlay_entropy|high_file_entropy|benign_label_malware_like_static_shape,has_resource_directory|overlay_present|overlay_after_security_present|high_file_entropy|high_overlay_entropy,source_size_bytes|file_entropy|mz_signature|pe_parse_status|pe_machine|pe_characteristics|pe_optional_magic|pe_subsystem|pe_dll_characteristics|pe_number_of_sections|pe_section_names|pe_section_raw_size_total|pe_has_export_directory|pe_has_import_directory|pe_has_resource_directory|pe_has_security_directory|overlay_size|overlay_entropy|overlay_after_security_size|overlay_after_security_entropy,4522086,7.962037,ok,6,.text|.rdata|.data|.pdata|.rsrc|.reloc,true,120,true,117092,false,0,4140134,7.999364,4140134,7.999364,false,,0,
blind-00239,0,benign_label_content_review,overlay_present|high_overlay_entropy|post_security_overlay_present|high_post_security_overlay_entropy|high_file_entropy|benign_label_malware_like_static_shape,has_resource_directory|overlay_present|overlay_after_security_present|high_file_entropy|high_overlay_entropy,source_size_bytes|file_entropy|mz_signature|pe_parse_status|pe_machine|pe_characteristics|pe_optional_magic|pe_subsystem|pe_dll_characteristics|pe_number_of_sections|pe_section_names|pe_section_raw_size_total|pe_has_export_directory|pe_has_import_directory|pe_has_resource_directory|pe_has_security_directory|overlay_size|overlay_entropy|overlay_after_security_size|overlay_after_security_entropy,46841827,7.997444,ok,7,.text|.rdata|.data|.pdata|_rdata|.rsrc|.reloc,true,120,true,38528,false,0,46571491,7.997455,46571491,7.997455,false,,0,
blind-00452,0,benign_label_content_review,overlay_present|high_overlay_entropy|post_security_overlay_present|high_post_security_overlay_entropy|high_file_entropy|benign_label_malware_like_static_shape,has_resource_directory|overlay_present|overlay_after_security_present|high_file_entropy|high_overlay_entropy,source_size_bytes|file_entropy|mz_signature|pe_parse_status|pe_machine|pe_characteristics|pe_optional_magic|pe_subsystem|pe_dll_characteristics|pe_number_of_sections|pe_section_names|pe_section_raw_size_total|pe_has_export_directory|pe_has_import_directory|pe_has_resource_directory|pe_has_security_directory|overlay_size|overlay_entropy|overlay_after_security_size|overlay_after_security_entropy,8470880,7.999551,ok,5,.text|.rdata|.data|.ndata|.rsrc,true,160,true,17936,false,0,8418144,7.999979,8418144,7.999979,false,,0,
blind-00533,0,benign_label_content_review,overlay_present|high_overlay_entropy|post_security_overlay_present|high_post_security_overlay_entropy|high_file_entropy|benign_label_malware_like_static_shape,has_resource_directory|overlay_present|overlay_after_security_present|high_file_entropy|high_overlay_entropy,source_size_bytes|file_entropy|mz_signature|pe_parse_status|pe_machine|pe_characteristics|pe_optional_magic|pe_subsystem|pe_dll_characteristics|pe_number_of_sections|pe_section_names|pe_section_raw_size_total|pe_has_export_directory|pe_has_import_directory|pe_has_resource_directory|pe_has_security_directory|overlay_size|overlay_entropy|overlay_after_security_size|overlay_after_security_entropy,188637260,7.986109,ok,5,.text|.rdata|.data|.rsrc|.reloc,true,40,true,156596,false,0,185415756,7.999885,185415756,7.999885,false,,0,
blind-00595,0,benign_label_content_review,overlay_present|high_overlay_entropy|post_security_overlay_present|high_post_security_overlay_entropy|high_file_entropy|benign_label_malware_like_static_shape,has_resource_directory|overlay_present|overlay_after_security_present|high_file_entropy|high_overlay_entropy,source_size_bytes|file_entropy|mz_signature|pe_parse_status|pe_machine|pe_characteristics|pe_optional_magic|pe_subsystem|pe_dll_characteristics|pe_number_of_sections|pe_section_names|pe_section_raw_size_total|pe_has_export_directory|pe_has_import_directory|pe_has_resource_directory|pe_has_security_directory|overlay_size|overlay_entropy|overlay_after_security_size|overlay_after_security_entropy,1659510,7.990933,ok,5,.text|.rdata|.data|.ndata|.rsrc,true,180,true,21992,false,0,1607286,7.999895,1607286,7.999895,false,,0,
blind-00754,0,benign_label_content_review,overlay_present|high_overlay_entropy|post_security_overlay_present|high_post_security_overlay_entropy|high_file_entropy|benign_label_malware_like_static_shape,has_resource_directory|overlay_present|overlay_after_security_present|high_file_entropy|high_overlay_entropy,source_size_bytes|file_entropy|mz_signature|pe_parse_status|pe_machine|pe_characteristics|pe_optional_magic|pe_subsystem|pe_dll_characteristics|pe_number_of_sections|pe_section_names|pe_section_raw_size_total|pe_has_export_directory|pe_has_import_directory|pe_has_resource_directory|pe_has_security_directory|overlay_size|overlay_entropy|overlay_after_security_size|overlay_after_security_entropy,5749339,7.984515,ok,7,.text|.rdata|.data|.pdata|_rdata|.rsrc|.reloc,true,60,true,61452,false,0,5429851,7.999029,5429851,7.999029,false,,0,
blind-00755,0,benign_label_content_review,overlay_present|high_overlay_entropy|post_security_overlay_present|high_post_security_overlay_entropy|high_file_entropy|benign_label_malware_like_static_shape,no_import_directory|has_resource_directory|overlay_present|overlay_after_security_present|high_file_entropy|high_overlay_entropy,source_size_bytes|file_entropy|mz_signature|pe_parse_status|pe_machine|pe_characteristics|pe_optional_magic|pe_subsystem|pe_dll_characteristics|pe_number_of_sections|pe_section_names|pe_section_raw_size_total|pe_has_export_directory|pe_has_import_directory|pe_has_resource_directory|pe_has_security_directory|overlay_size|overlay_entropy|overlay_after_security_size|overlay_after_security_entropy,798422,7.947073,ok,2,.rsrc|.its,false,0,true,16,false,0,796530,7.951149,796530,7.951149,false,,0,
blind-00759,0,benign_label_content_review,overlay_present|high_overlay_entropy|post_security_overlay_present|high_post_security_overlay_entropy|high_file_entropy|benign_label_malware_like_static_shape,has_resource_directory|overlay_present|overlay_after_security_present|high_file_entropy|high_overlay_entropy,source_size_bytes|file_entropy|mz_signature|pe_parse_status|pe_machine|pe_characteristics|pe_optional_magic|pe_subsystem|pe_dll_characteristics|pe_number_of_sections|pe_section_names|pe_section_raw_size_total|pe_has_export_directory|pe_has_import_directory|pe_has_resource_directory|pe_has_security_directory|overlay_size|overlay_entropy|overlay_after_security_size|overlay_after_security_entropy,512615,7.974357,ok,5,.text|.rdata|.data|.ndata|.rsrc,true,180,true,4096,false,0,478311,7.999658,478311,7.999658,false,,0,
blind-00762,0,benign_label_content_review,overlay_present|high_overlay_entropy|post_security_overlay_present|high_post_security_overlay_entropy|high_file_entropy|benign_label_malware_like_static_shape,has_resource_directory|overlay_present|overlay_after_security_present|high_file_entropy|high_overlay_entropy,source_size_bytes|file_entropy|mz_signature|pe_parse_status|pe_machine|pe_characteristics|pe_optional_magic|pe_subsystem|pe_dll_characteristics|pe_number_of_sections|pe_section_names|pe_section_raw_size_total|pe_has_export_directory|pe_has_import_directory|pe_has_resource_directory|pe_has_security_directory|overlay_size|overlay_entropy|overlay_after_security_size|overlay_after_security_entropy,534146,7.967184,ok,4,.text|.rdata|.data|.rsrc,true,180,true,3544,false,0,497794,7.997449,497794,7.997449,false,,0,
blind-00805,0,benign_label_content_review,overlay_present|high_overlay_entropy|post_security_overlay_present|high_post_security_overlay_entropy|high_file_entropy|benign_label_malware_like_static_shape,has_resource_directory|overlay_present|overlay_after_security_present|high_file_entropy|high_overlay_entropy,source_size_bytes|file_entropy|mz_signature|pe_parse_status|pe_machine|pe_characteristics|pe_optional_magic|pe_subsystem|pe_dll_characteristics|pe_number_of_sections|pe_section_names|pe_section_raw_size_total|pe_has_export_directory|pe_has_import_directory|pe_has_resource_directory|pe_has_security_directory|overlay_size|overlay_entropy|overlay_after_security_size|overlay_after_security_entropy,37229230,7.999978,ok,5,.text|.rdata|.data|.ndata|.rsrc,true,160,true,54824,false,0,37139630,7.999995,37139630,7.999995,false,,0,
blind-00910,0,benign_label_content_review,overlay_present|high_overlay_entropy|post_security_overlay_present|high_post_security_overlay_entropy|high_file_entropy|benign_label_malware_like_static_shape,has_resource_directory|overlay_present|overlay_after_security_present|high_file_entropy|high_overlay_entropy,source_size_bytes|file_entropy|mz_signature|pe_parse_status|pe_machine|pe_characteristics|pe_optional_magic|pe_subsystem|pe_dll_characteristics|pe_number_of_sections|pe_section_names|pe_section_raw_size_total|pe_has_export_directory|pe_has_import_directory|pe_has_resource_directory|pe_has_security_directory|overlay_size|overlay_entropy|overlay_after_security_size|overlay_after_security_entropy,106283798,7.999935,ok,5,.text|.rdata|.data|.ndata|.rsrc,true,160,true,59520,false,0,106189078,7.999950,106189078,7.999950,false,,0,
blind-00917,0,benign_label_content_review,overlay_present|high_overlay_entropy|post_security_overlay_present|high_post_security_overlay_entropy|high_file_entropy|benign_label_malware_like_static_shape,has_resource_directory|overlay_present|overlay_after_security_present|high_file_entropy|high_overlay_entropy,source_size_bytes|file_entropy|mz_signature|pe_parse_status|pe_machine|pe_characteristics|pe_optional_magic|pe_subsystem|pe_dll_characteristics|pe_number_of_sections|pe_section_names|pe_section_raw_size_total|pe_has_export_directory|pe_has_import_directory|pe_has_resource_directory|pe_has_security_directory|overlay_size|overlay_entropy|overlay_after_security_size|overlay_after_security_entropy,421447,7.911623,ok,5,.text|.rdata|.data|.ndata|.rsrc,true,160,true,54824,false,0,331847,7.999400,331847,7.999400,false,,0,
blind-01002,0,benign_label_content_review,overlay_present|high_overlay_entropy|post_security_overlay_present|high_post_security_overlay_entropy|high_file_entropy|benign_label_malware_like_static_shape,has_resource_directory|overlay_present|overlay_after_security_present|high_file_entropy|high_overlay_entropy,source_size_bytes|file_entropy|mz_signature|pe_parse_status|pe_machine|pe_characteristics|pe_optional_magic|pe_subsystem|pe_dll_characteristics|pe_number_of_sections|pe_section_names|pe_section_raw_size_total|pe_has_export_directory|pe_has_import_directory|pe_has_resource_directory|pe_has_security_directory|overlay_size|overlay_entropy|overlay_after_security_size|overlay_after_security_entropy,26134986,7.997000,ok,4,.text|.rdata|.data|.rsrc,true,220,true,80404,false,0,25512394,7.999990,25512394,7.999990,false,,0,
blind-01036,0,benign_label_content_review,overlay_present|high_overlay_entropy|post_security_overlay_present|high_post_security_overlay_entropy|high_file_entropy|benign_label_malware_like_static_shape,has_resource_directory|overlay_present|overlay_after_security_present|high_file_entropy|high_overlay_entropy,source_size_bytes|file_entropy|mz_signature|pe_parse_status|pe_machine|pe_characteristics|pe_optional_magic|pe_subsystem|pe_dll_characteristics|pe_number_of_sections|pe_section_names|pe_section_raw_size_total|pe_has_export_directory|pe_has_import_directory|pe_has_resource_directory|pe_has_security_directory|overlay_size|overlay_entropy|overlay_after_security_size|overlay_after_security_entropy,6936246,7.992289,ok,4,.text|.rdata|.data|.rsrc,true,160,true,70152,false,0,6772406,7.999338,6772406,7.999338,false,,0,
blind-01050,0,benign_label_content_review,overlay_present|high_overlay_entropy|post_security_overlay_present|high_post_security_overlay_entropy|high_file_entropy|benign_label_malware_like_static_shape,has_resource_directory|overlay_present|overlay_after_security_present|high_file_entropy|high_overlay_entropy,source_size_bytes|file_entropy|mz_signature|pe_parse_status|pe_machine|pe_characteristics|pe_optional_magic|pe_subsystem|pe_dll_characteristics|pe_number_of_sections|pe_section_names|pe_section_raw_size_total|pe_has_export_directory|pe_has_import_directory|pe_has_resource_directory|pe_has_security_directory|overlay_size|overlay_entropy|overlay_after_security_size|overlay_after_security_entropy,1669134,7.957388,ok,4,.text|.rdata|.data|.rsrc,true,160,true,182952,false,0,1390606,7.999077,1390606,7.999077,false,,0,
blind-01087,0,benign_label_content_review,overlay_present|high_overlay_entropy|post_security_overlay_present|high_post_security_overlay_entropy|high_file_entropy|benign_label_malware_like_static_shape,has_resource_directory|overlay_present|overlay_after_security_present|high_file_entropy|high_overlay_entropy,source_size_bytes|file_entropy|mz_signature|pe_parse_status|pe_machine|pe_characteristics|pe_optional_magic|pe_subsystem|pe_dll_characteristics|pe_number_of_sections|pe_section_names|pe_section_raw_size_total|pe_has_export_directory|pe_has_import_directory|pe_has_resource_directory|pe_has_security_directory|overlay_size|overlay_entropy|overlay_after_security_size|overlay_after_security_entropy,6955303,7.992116,ok,4,.text|.rdata|.data|.rsrc,true,160,true,5104,false,0,6759207,7.997727,6759207,7.997727,false,,0,
blind-01187,0,benign_label_content_review,overlay_present|high_overlay_entropy|post_security_overlay_present|high_post_security_overlay_entropy|high_file_entropy|benign_label_malware_like_static_shape,has_resource_directory|overlay_present|overlay_after_security_present|high_file_entropy|high_overlay_entropy,source_size_bytes|file_entropy|mz_signature|pe_parse_status|pe_machine|pe_characteristics|pe_optional_magic|pe_subsystem|pe_dll_characteristics|pe_number_of_sections|pe_section_names|pe_section_raw_size_total|pe_has_export_directory|pe_has_import_directory|pe_has_resource_directory|pe_has_security_directory|overlay_size|overlay_entropy|overlay_after_security_size|overlay_after_security_entropy,102260828,7.997144,ok,6,.text|.rdata|.data|.eh_fram|.rsrc|.reloc,true,280,true,29560,false,0,100861020,7.998193,100861020,7.998193,false,,0,
blind-01222,0,benign_label_content_review,overlay_present|high_overlay_entropy|post_security_overlay_present|high_post_security_overlay_entropy|high_file_entropy|benign_label_malware_like_static_shape,has_resource_directory|overlay_present|overlay_after_security_present|high_file_entropy|high_overlay_entropy,source_size_bytes|file_entropy|mz_signature|pe_parse_status|pe_machine|pe_characteristics|pe_optional_magic|pe_subsystem|pe_dll_characteristics|pe_number_of_sections|pe_section_names|pe_section_raw_size_total|pe_has_export_directory|pe_has_import_directory|pe_has_resource_directory|pe_has_security_directory|overlay_size|overlay_entropy|overlay_after_security_size|overlay_after_security_entropy,10295668,7.993686,ok,7,.text|.rdata|.data|.pdata|_rdata|.rsrc|.reloc,true,60,true,61444,false,0,9980276,7.997651,9980276,7.997651,false,,0,
blind-01227,0,benign_label_content_review,overlay_present|high_overlay_entropy|post_security_overlay_present|high_post_security_overlay_entropy|high_file_entropy|benign_label_malware_like_static_shape,has_resource_directory|overlay_present|overlay_after_security_present|high_file_entropy|high_overlay_entropy,source_size_bytes|file_entropy|mz_signature|pe_parse_status|pe_machine|pe_characteristics|pe_optional_magic|pe_subsystem|pe_dll_characteristics|pe_number_of_sections|pe_section_names|pe_section_raw_size_total|pe_has_export_directory|pe_has_import_directory|pe_has_resource_directory|pe_has_security_directory|overlay_size|overlay_entropy|overlay_after_security_size|overlay_after_security_entropy,17365114,7.995436,ok,6,.text|.rdata|.data|.pdata|.rsrc|.reloc,true,120,true,62492,false,0,17037434,7.997528,17037434,7.997528,false,,0,
blind-01284,0,benign_label_content_review,overlay_present|high_overlay_entropy|post_security_overlay_present|high_post_security_overlay_entropy|high_file_entropy|benign_label_malware_like_static_shape,has_resource_directory|overlay_present|overlay_after_security_present|high_file_entropy|high_overlay_entropy,source_size_bytes|file_entropy|mz_signature|pe_parse_status|pe_machine|pe_characteristics|pe_optional_magic|pe_subsystem|pe_dll_characteristics|pe_number_of_sections|pe_section_names|pe_section_raw_size_total|pe_has_export_directory|pe_has_import_directory|pe_has_resource_directory|pe_has_security_directory|overlay_size|overlay_entropy|overlay_after_security_size|overlay_after_security_entropy,421098,7.912191,ok,5,.text|.rdata|.data|.ndata|.rsrc,true,160,true,54432,false,0,332010,7.999515,332010,7.999515,false,,0,
blind-01295,0,benign_label_content_review,overlay_present|high_overlay_entropy|post_security_overlay_present|high_post_security_overlay_entropy|high_file_entropy|benign_label_malware_like_static_shape,has_resource_directory|overlay_present|overlay_after_security_present|high_file_entropy|high_overlay_entropy,source_size_bytes|file_entropy|mz_signature|pe_parse_status|pe_machine|pe_characteristics|pe_optional_magic|pe_subsystem|pe_dll_characteristics|pe_number_of_sections|pe_section_names|pe_section_raw_size_total|pe_has_export_directory|pe_has_import_directory|pe_has_resource_directory|pe_has_security_directory|overlay_size|overlay_entropy|overlay_after_security_size|overlay_after_security_entropy,5845976,7.996878,ok,4,.text|.rdata|.data|.rsrc,true,180,true,50924,false,0,5705688,7.999882,5705688,7.999882,false,,0,
blind-01410,0,benign_label_content_review,overlay_present|high_overlay_entropy|post_security_overlay_present|high_post_security_overlay_entropy|high_file_entropy|benign_label_malware_like_static_shape,no_import_directory|has_resource_directory|overlay_present|overlay_after_security_present|high_file_entropy|high_overlay_entropy,source_size_bytes|file_entropy|mz_signature|pe_parse_status|pe_machine|pe_characteristics|pe_optional_magic|pe_subsystem|pe_dll_characteristics|pe_number_of_sections|pe_section_names|pe_section_raw_size_total|pe_has_export_directory|pe_has_import_directory|pe_has_resource_directory|pe_has_security_directory|overlay_size|overlay_entropy|overlay_after_security_size|overlay_after_security_entropy,1565076,7.979705,ok,2,.rsrc|.its,false,0,true,16,false,0,1563184,7.981312,1563184,7.981312,false,,0,
blind-01442,0,benign_label_content_review,overlay_present|high_overlay_entropy|post_security_overlay_present|high_post_security_overlay_entropy|high_file_entropy|benign_label_malware_like_static_shape,has_resource_directory|overlay_present|overlay_after_security_present|high_file_entropy|high_overlay_entropy,source_size_bytes|file_entropy|mz_signature|pe_parse_status|pe_machine|pe_characteristics|pe_optional_magic|pe_subsystem|pe_dll_characteristics|pe_number_of_sections|pe_section_names|pe_section_raw_size_total|pe_has_export_directory|pe_has_import_directory|pe_has_resource_directory|pe_has_security_directory|overlay_size|overlay_entropy|overlay_after_security_size|overlay_after_security_entropy,634731,7.758873,ok,5,.text|.rdata|.data|.ndata|.rsrc,true,160,true,127896,false,0,471403,7.996442,471403,7.996442,false,,0,
blind-01479,0,benign_label_content_review,overlay_present|high_overlay_entropy|post_security_overlay_present|high_post_security_overlay_entropy|high_file_entropy|benign_label_malware_like_static_shape,has_resource_directory|overlay_present|overlay_after_security_present|high_file_entropy|high_overlay_entropy,source_size_bytes|file_entropy|mz_signature|pe_parse_status|pe_machine|pe_characteristics|pe_optional_magic|pe_subsystem|pe_dll_characteristics|pe_number_of_sections|pe_section_names|pe_section_raw_size_total|pe_has_export_directory|pe_has_import_directory|pe_has_resource_directory|pe_has_security_directory|overlay_size|overlay_entropy|overlay_after_security_size|overlay_after_security_entropy,55607106,7.999817,ok,5,.text|.rdata|.data|.ndata|.rsrc,true,160,true,26832,false,0,55534914,7.999857,55534914,7.999857,false,,0,
blind-01519,0,benign_label_content_review,overlay_present|high_overlay_entropy|post_security_overlay_present|high_post_security_overlay_entropy|high_file_entropy|benign_label_malware_like_static_shape,has_resource_directory|overlay_present|overlay_after_security_present|high_file_entropy|high_overlay_entropy,source_size_bytes|file_entropy|mz_signature|pe_parse_status|pe_machine|pe_characteristics|pe_optional_magic|pe_subsystem|pe_dll_characteristics|pe_number_of_sections|pe_section_names|pe_section_raw_size_total|pe_has_export_directory|pe_has_import_directory|pe_has_resource_directory|pe_has_security_directory|overlay_size|overlay_entropy|overlay_after_security_size|overlay_after_security_entropy,11640660,7.998764,ok,5,.text|.rdata|.data|.ndata|.rsrc,true,160,true,46592,false,0,11559764,7.999981,11559764,7.999981,false,,0,
blind-01527,0,benign_label_content_review,overlay_present|high_overlay_entropy|post_security_overlay_present|high_post_security_overlay_entropy|high_file_entropy|benign_label_malware_like_static_shape,has_resource_directory|overlay_present|overlay_after_security_present|high_file_entropy|high_overlay_entropy,source_size_bytes|file_entropy|mz_signature|pe_parse_status|pe_machine|pe_characteristics|pe_optional_magic|pe_subsystem|pe_dll_characteristics|pe_number_of_sections|pe_section_names|pe_section_raw_size_total|pe_has_export_directory|pe_has_import_directory|pe_has_resource_directory|pe_has_security_directory|overlay_size|overlay_entropy|overlay_after_security_size|overlay_after_security_entropy,77429776,7.998051,ok,5,.text|.rdata|.data|.ndata|.rsrc,true,160,true,382264,false,0,77012496,7.999979,77012496,7.999979,false,,0,
blind-01578,0,benign_label_content_review,overlay_present|high_overlay_entropy|post_security_overlay_present|high_post_security_overlay_entropy|high_file_entropy|benign_label_malware_like_static_shape,has_resource_directory|overlay_present|overlay_after_security_present|high_file_entropy|high_overlay_entropy,source_size_bytes|file_entropy|mz_signature|pe_parse_status|pe_machine|pe_characteristics|pe_optional_magic|pe_subsystem|pe_dll_characteristics|pe_number_of_sections|pe_section_names|pe_section_raw_size_total|pe_has_export_directory|pe_has_import_directory|pe_has_resource_directory|pe_has_security_directory|overlay_size|overlay_entropy|overlay_after_security_size|overlay_after_security_entropy,907916,7.964340,ok,5,.text|.rdata|.data|.crt|.rsrc,true,200,true,9972,false,0,821900,7.999242,821900,7.999242,false,,0,
blind-01828,0,benign_label_content_review,overlay_present|high_overlay_entropy|post_security_overlay_present|high_post_security_overlay_entropy|high_file_entropy|benign_label_malware_like_static_shape,has_resource_directory|overlay_present|overlay_after_security_present|high_file_entropy|high_overlay_entropy,source_size_bytes|file_entropy|mz_signature|pe_parse_status|pe_machine|pe_characteristics|pe_optional_magic|pe_subsystem|pe_dll_characteristics|pe_number_of_sections|pe_section_names|pe_section_raw_size_total|pe_has_export_directory|pe_has_import_directory|pe_has_resource_directory|pe_has_security_directory|overlay_size|overlay_entropy|overlay_after_security_size|overlay_after_security_entropy,539644,7.990599,ok,3,upx0|upx1|.rsrc,true,596,true,6016,false,0,449020,7.999603,449020,7.999603,false,,0,
blind-00524,0,benign_label_content_review,overlay_present|high_overlay_entropy|post_security_overlay_present|high_post_security_overlay_entropy|high_file_entropy|benign_label_malware_like_static_shape,has_resource_directory|overlay_present|overlay_after_security_present|high_file_entropy|high_overlay_entropy,source_size_bytes|file_entropy|mz_signature|pe_parse_status|pe_machine|pe_characteristics|pe_optional_magic|pe_subsystem|pe_dll_characteristics|pe_number_of_sections|pe_section_names|pe_section_raw_size_total|pe_has_export_directory|pe_has_import_directory|pe_has_resource_directory|pe_has_security_directory|overlay_size|overlay_entropy|overlay_after_security_size|overlay_after_security_entropy,136674,7.683623,ok,3,.text|.rsrc|.reloc,true,79,true,36752,false,0,94690,7.923214,94690,7.923214,false,,0,
blind-00195,0,benign_label_content_review,overlay_present|high_overlay_entropy|post_security_overlay_present|high_post_security_overlay_entropy|high_file_entropy|many_sections|benign_label_malware_like_static_shape,has_resource_directory|overlay_present|overlay_after_security_present|high_file_entropy|high_overlay_entropy|many_sections,source_size_bytes|file_entropy|mz_signature|pe_parse_status|pe_machine|pe_characteristics|pe_optional_magic|pe_subsystem|pe_dll_characteristics|pe_number_of_sections|pe_section_names|pe_section_raw_size_total|pe_has_export_directory|pe_has_import_directory|pe_has_resource_directory|pe_has_security_directory|overlay_size|overlay_entropy|overlay_after_security_size|overlay_after_security_entropy,3441768,7.960027,ok,8,|        |        |        |.idata|.rsrc|.themida|.boot,true,360,true,31028,false,0,13416,7.341277,13416,7.341277,false,,0,
blind-00112,0,benign_label_content_review,overlay_present|high_overlay_entropy|post_security_overlay_present|high_post_security_overlay_entropy|high_file_entropy|many_sections|benign_label_malware_like_static_shape,has_resource_directory|overlay_present|overlay_after_security_present|high_file_entropy|high_overlay_entropy|many_sections,source_size_bytes|file_entropy|mz_signature|pe_parse_status|pe_machine|pe_characteristics|pe_optional_magic|pe_subsystem|pe_dll_characteristics|pe_number_of_sections|pe_section_names|pe_section_raw_size_total|pe_has_export_directory|pe_has_import_directory|pe_has_resource_directory|pe_has_security_directory|overlay_size|overlay_entropy|overlay_after_security_size|overlay_after_security_entropy,2729168,7.944809,ok,8,|        |        |        |.idata|.rsrc|.themida|.boot,true,332,true,3636,false,0,11984,7.416326,11984,7.416326,false,,0,
blind-00502,0,benign_label_content_review,overlay_present|high_overlay_entropy|post_security_overlay_present|high_post_security_overlay_entropy|high_file_entropy|many_sections|benign_label_malware_like_static_shape,has_resource_directory|overlay_present|overlay_after_security_present|high_file_entropy|high_overlay_entropy|many_sections,source_size_bytes|file_entropy|mz_signature|pe_parse_status|pe_machine|pe_characteristics|pe_optional_magic|pe_subsystem|pe_dll_characteristics|pe_number_of_sections|pe_section_names|pe_section_raw_size_total|pe_has_export_directory|pe_has_import_directory|pe_has_resource_directory|pe_has_security_directory|overlay_size|overlay_entropy|overlay_after_security_size|overlay_after_security_entropy,3358472,7.911997,ok,11,|        |        |        |        |.idata|.tls|.rsrc|.themida|.boot|.reloc,true,360,true,110632,false,0,5368,7.336302,5368,7.336302,false,,0,
blind-01848,0,benign_label_content_review,overlay_present|high_overlay_entropy|post_security_overlay_present|high_post_security_overlay_entropy|high_file_entropy|benign_label_malware_like_static_shape,has_resource_directory|overlay_present|overlay_after_security_present|high_file_entropy|high_overlay_entropy,source_size_bytes|file_entropy|mz_signature|pe_parse_status|pe_machine|pe_characteristics|pe_optional_magic|pe_subsystem|pe_dll_characteristics|pe_number_of_sections|pe_section_names|pe_section_raw_size_total|pe_has_export_directory|pe_has_import_directory|pe_has_resource_directory|pe_has_security_directory|overlay_size|overlay_entropy|overlay_after_security_size|overlay_after_security_entropy,97847,7.419129,ok,5,.text|.rdata|.data|.ndata|.rsrc,true,180,true,13912,false,0,53303,7.996724,53303,7.996724,false,,0,
blind-00465,0,benign_label_content_review,overlay_present|high_overlay_entropy|post_security_overlay_present|high_post_security_overlay_entropy|high_file_entropy|many_sections|benign_label_malware_like_static_shape,has_resource_directory|overlay_present|overlay_after_security_present|high_file_entropy|high_overlay_entropy|many_sections,source_size_bytes|file_entropy|mz_signature|pe_parse_status|pe_machine|pe_characteristics|pe_optional_magic|pe_subsystem|pe_dll_characteristics|pe_number_of_sections|pe_section_names|pe_section_raw_size_total|pe_has_export_directory|pe_has_import_directory|pe_has_resource_directory|pe_has_security_directory|overlay_size|overlay_entropy|overlay_after_security_size|overlay_after_security_entropy,2878320,7.937474,ok,8,|        |        |        |.idata|.rsrc|.themida|.boot,true,332,true,1094,false,0,7024,7.375438,7024,7.375438,false,,0,
blind-01426,0,benign_label_content_review,overlay_present|high_overlay_entropy|post_security_overlay_present|high_post_security_overlay_entropy|high_file_entropy|many_sections|benign_label_malware_like_static_shape,has_resource_directory|overlay_present|overlay_after_security_present|high_file_entropy|high_overlay_entropy|many_sections,source_size_bytes|file_entropy|mz_signature|pe_parse_status|pe_machine|pe_characteristics|pe_optional_magic|pe_subsystem|pe_dll_characteristics|pe_number_of_sections|pe_section_names|pe_section_raw_size_total|pe_has_export_directory|pe_has_import_directory|pe_has_resource_directory|pe_has_security_directory|overlay_size|overlay_entropy|overlay_after_security_size|overlay_after_security_entropy,2759480,7.943450,ok,8,|        |        |        |.idata|.rsrc|.themida|.boot,true,304,true,2746,false,0,6968,7.367968,6968,7.367968,false,,0,
blind-01829,0,benign_label_content_review,overlay_present|high_overlay_entropy|post_security_overlay_present|high_post_security_overlay_entropy|high_file_entropy|benign_label_malware_like_static_shape,has_resource_directory|overlay_present|overlay_after_security_present|high_overlay_entropy,source_size_bytes|file_entropy|mz_signature|pe_parse_status|pe_machine|pe_characteristics|pe_optional_magic|pe_subsystem|pe_dll_characteristics|pe_number_of_sections|pe_section_names|pe_section_raw_size_total|pe_has_export_directory|pe_has_import_directory|pe_has_resource_directory|pe_has_security_directory|overlay_size|overlay_entropy|overlay_after_security_size|overlay_after_security_entropy,81526,7.067216,ok,6,.text|.rdata|.data|.ndata|.rsrc|.reloc,true,180,true,4976,false,0,31350,7.967870,31350,7.967870,false,,0,
blind-00926,0,benign_label_content_review,overlay_present|high_overlay_entropy|post_security_overlay_present|high_post_security_overlay_entropy|high_file_entropy|benign_label_malware_like_static_shape,has_resource_directory|overlay_present|overlay_after_security_present|high_file_entropy|high_overlay_entropy,source_size_bytes|file_entropy|mz_signature|pe_parse_status|pe_machine|pe_characteristics|pe_optional_magic|pe_subsystem|pe_dll_characteristics|pe_number_of_sections|pe_section_names|pe_section_raw_size_total|pe_has_export_directory|pe_has_import_directory|pe_has_resource_directory|pe_has_security_directory|overlay_size|overlay_entropy|overlay_after_security_size|overlay_after_security_entropy,158819,7.304197,ok,5,.text|.rdata|.data|.ndata|.rsrc,true,160,true,83432,false,0,30819,7.978044,30819,7.978044,false,,0,
blind-01443,0,benign_label_content_review,overlay_present|high_overlay_entropy|post_security_overlay_present|high_post_security_overlay_entropy|high_file_entropy|benign_label_malware_like_static_shape,has_resource_directory|overlay_present|overlay_after_security_present|high_overlay_entropy,source_size_bytes|file_entropy|mz_signature|pe_parse_status|pe_machine|pe_characteristics|pe_optional_magic|pe_subsystem|pe_dll_characteristics|pe_number_of_sections|pe_section_names|pe_section_raw_size_total|pe_has_export_directory|pe_has_import_directory|pe_has_resource_directory|pe_has_security_directory|overlay_size|overlay_entropy|overlay_after_security_size|overlay_after_security_entropy,78745,7.069075,ok,5,.text|.rdata|.data|.ndata|.rsrc,true,160,true,17936,false,0,26009,7.991615,26009,7.991615,false,,0,
blind-00371,1,malicious_label_content_review,duplicate_content_group|overlay_present|high_overlay_entropy|has_security_directory,has_resource_directory|has_security_directory|overlay_present|high_overlay_entropy,source_size_bytes|file_entropy|mz_signature|pe_parse_status|pe_machine|pe_characteristics|pe_optional_magic|pe_subsystem|pe_dll_characteristics|pe_number_of_sections|pe_section_names|pe_section_raw_size_total|pe_has_export_directory|pe_has_import_directory|pe_has_resource_directory|pe_has_security_directory|overlay_size|overlay_entropy|overlay_after_security_size|overlay_after_security_entropy,2210600,6.460861,ok,6,.text|.rdata|.data|.pdata|.rsrc|.reloc,true,1280,true,1552,true,9512,9512,7.456958,0,,true,2,0,
blind-01575,1,malicious_label_content_review,duplicate_content_group|overlay_present|high_overlay_entropy|has_security_directory,has_resource_directory|has_security_directory|overlay_present|high_overlay_entropy,source_size_bytes|file_entropy|mz_signature|pe_parse_status|pe_machine|pe_characteristics|pe_optional_magic|pe_subsystem|pe_dll_characteristics|pe_number_of_sections|pe_section_names|pe_section_raw_size_total|pe_has_export_directory|pe_has_import_directory|pe_has_resource_directory|pe_has_security_directory|overlay_size|overlay_entropy|overlay_after_security_size|overlay_after_security_entropy,2210600,6.460861,ok,6,.text|.rdata|.data|.pdata|.rsrc|.reloc,true,1280,true,1552,true,9512,9512,7.456958,0,,true,2,0,
blind-00095,0,benign_label_content_review,overlay_present|high_overlay_entropy|post_security_overlay_present|high_post_security_overlay_entropy|high_file_entropy|benign_label_malware_like_static_shape,has_resource_directory|overlay_present|overlay_after_security_present|high_file_entropy,source_size_bytes|file_entropy|mz_signature|pe_parse_status|pe_machine|pe_characteristics|pe_optional_magic|pe_subsystem|pe_dll_characteristics|pe_number_of_sections|pe_section_names|pe_section_raw_size_total|pe_has_export_directory|pe_has_import_directory|pe_has_resource_directory|pe_has_security_directory|overlay_size|overlay_entropy|overlay_after_security_size|overlay_after_security_entropy,1221640,7.861403,ok,3,upx0|upx1|.rsrc,true,712,true,128116,false,0,18440,7.187889,18440,7.187889,false,,0,
blind-00121,0,benign_label_content_review,overlay_present|high_overlay_entropy|post_security_overlay_present|high_post_security_overlay_entropy|high_file_entropy|benign_label_malware_like_static_shape,has_resource_directory|overlay_present|overlay_after_security_present|high_file_entropy,source_size_bytes|file_entropy|mz_signature|pe_parse_status|pe_machine|pe_characteristics|pe_optional_magic|pe_subsystem|pe_dll_characteristics|pe_number_of_sections|pe_section_names|pe_section_raw_size_total|pe_has_export_directory|pe_has_import_directory|pe_has_resource_directory|pe_has_security_directory|overlay_size|overlay_entropy|overlay_after_security_size|overlay_after_security_entropy,1072136,7.921521,ok,2,.text|.rsrc,true,793,true,128092,false,0,18440,7.187889,18440,7.187889,false,,0,
blind-00518,0,benign_label_content_review,overlay_present|high_overlay_entropy|post_security_overlay_present|high_post_security_overlay_entropy|high_file_entropy|benign_label_malware_like_static_shape,has_resource_directory|overlay_present|overlay_after_security_present|high_file_entropy|high_overlay_entropy,source_size_bytes|file_entropy|mz_signature|pe_parse_status|pe_machine|pe_characteristics|pe_optional_magic|pe_subsystem|pe_dll_characteristics|pe_number_of_sections|pe_section_names|pe_section_raw_size_total|pe_has_export_directory|pe_has_import_directory|pe_has_resource_directory|pe_has_security_directory|overlay_size|overlay_entropy|overlay_after_security_size|overlay_after_security_entropy,285760,7.679812,ok,3,upx0|upx1|.rsrc,true,856,true,37172,false,0,17472,7.466322,17472,7.466322,false,,0,
blind-00273,0,benign_label_content_review,overlay_present|high_overlay_entropy|post_security_overlay_present|high_post_security_overlay_entropy|high_file_entropy|benign_label_malware_like_static_shape,has_resource_directory|overlay_present|overlay_after_security_present|high_file_entropy|high_overlay_entropy,source_size_bytes|file_entropy|mz_signature|pe_parse_status|pe_machine|pe_characteristics|pe_optional_magic|pe_subsystem|pe_dll_characteristics|pe_number_of_sections|pe_section_names|pe_section_raw_size_total|pe_has_export_directory|pe_has_import_directory|pe_has_resource_directory|pe_has_security_directory|overlay_size|overlay_entropy|overlay_after_security_size|overlay_after_security_entropy,1142504,7.929577,ok,3,upx0|upx1|.rsrc,true,1232,true,8472,false,0,16616,7.348112,16616,7.348112,false,,0,
blind-00200,0,benign_label_content_review,overlay_present|high_overlay_entropy|post_security_overlay_present|high_post_security_overlay_entropy|high_file_entropy|benign_label_malware_like_static_shape,has_resource_directory|overlay_present|overlay_after_security_present|high_file_entropy|high_overlay_entropy,source_size_bytes|file_entropy|mz_signature|pe_parse_status|pe_machine|pe_characteristics|pe_optional_magic|pe_subsystem|pe_dll_characteristics|pe_number_of_sections|pe_section_names|pe_section_raw_size_total|pe_has_export_directory|pe_has_import_directory|pe_has_resource_directory|pe_has_security_directory|overlay_size|overlay_entropy|overlay_after_security_size|overlay_after_security_entropy,158984,7.884111,ok,3,upx0|upx1|.rsrc,true,788,true,2672,false,0,16136,7.419048,16136,7.419048,false,,0,
blind-00096,0,benign_label_content_review,overlay_present|high_overlay_entropy|post_security_overlay_present|high_post_security_overlay_entropy|high_file_entropy|benign_label_malware_like_static_shape,has_resource_directory|overlay_present|overlay_after_security_present|high_file_entropy|high_overlay_entropy,source_size_bytes|file_entropy|mz_signature|pe_parse_status|pe_machine|pe_characteristics|pe_optional_magic|pe_subsystem|pe_dll_characteristics|pe_number_of_sections|pe_section_names|pe_section_raw_size_total|pe_has_export_directory|pe_has_import_directory|pe_has_resource_directory|pe_has_security_directory|overlay_size|overlay_entropy|overlay_after_security_size|overlay_after_security_entropy,1033448,7.995682,ok,3,.text|.rsrc|.reloc,true,1430,true,8461,false,0,16104,7.421500,16104,7.421500,false,,0,
blind-00216,0,benign_label_content_review,overlay_present|high_overlay_entropy|post_security_overlay_present|high_post_security_overlay_entropy|high_file_entropy|benign_label_malware_like_static_shape,has_resource_directory|overlay_present|overlay_after_security_present|high_file_entropy|high_overlay_entropy,source_size_bytes|file_entropy|mz_signature|pe_parse_status|pe_machine|pe_characteristics|pe_optional_magic|pe_subsystem|pe_dll_characteristics|pe_number_of_sections|pe_section_names|pe_section_raw_size_total|pe_has_export_directory|pe_has_import_directory|pe_has_resource_directory|pe_has_security_directory|overlay_size|overlay_entropy|overlay_after_security_size|overlay_after_security_entropy,1091304,7.997313,ok,3,packerby|bero^fr |.rsrc,true,95,true,7724,false,0,16104,7.421500,16104,7.421500,false,,0,
blind-01423,0,benign_label_content_review,overlay_present|high_overlay_entropy|post_security_overlay_present|high_post_security_overlay_entropy|high_file_entropy|benign_label_malware_like_static_shape,has_resource_directory|overlay_present|overlay_after_security_present|high_file_entropy|high_overlay_entropy,source_size_bytes|file_entropy|mz_signature|pe_parse_status|pe_machine|pe_characteristics|pe_optional_magic|pe_subsystem|pe_dll_characteristics|pe_number_of_sections|pe_section_names|pe_section_raw_size_total|pe_has_export_directory|pe_has_import_directory|pe_has_resource_directory|pe_has_security_directory|overlay_size|overlay_entropy|overlay_after_security_size|overlay_after_security_entropy,74416,7.880869,ok,2,.text|.rsrc,true,143,true,1365,false,0,16048,7.426438,16048,7.426438,false,,0,
blind-01344,0,benign_label_content_review,overlay_present|high_overlay_entropy|post_security_overlay_present|high_post_security_overlay_entropy|high_file_entropy|benign_label_malware_like_static_shape,has_resource_directory|overlay_present|overlay_after_security_present|high_file_entropy|high_overlay_entropy,source_size_bytes|file_entropy|mz_signature|pe_parse_status|pe_machine|pe_characteristics|pe_optional_magic|pe_subsystem|pe_dll_characteristics|pe_number_of_sections|pe_section_names|pe_section_raw_size_total|pe_has_export_directory|pe_has_import_directory|pe_has_resource_directory|pe_has_security_directory|overlay_size|overlay_entropy|overlay_after_security_size|overlay_after_security_entropy,72872,7.894298,ok,2,.text|.rsrc,true,477,true,1357,false,0,16040,7.429534,16040,7.429534,false,,0,
blind-01715,0,benign_label_content_review,overlay_present|high_overlay_entropy|post_security_overlay_present|high_post_security_overlay_entropy|high_file_entropy|benign_label_malware_like_static_shape,has_resource_directory|overlay_present|overlay_after_security_present|high_file_entropy|high_overlay_entropy,source_size_bytes|file_entropy|mz_signature|pe_parse_status|pe_machine|pe_characteristics|pe_optional_magic|pe_subsystem|pe_dll_characteristics|pe_number_of_sections|pe_section_names|pe_section_raw_size_total|pe_has_export_directory|pe_has_import_directory|pe_has_resource_directory|pe_has_security_directory|overlay_size|overlay_entropy|overlay_after_security_size|overlay_after_security_entropy,92328,7.920063,ok,2,.text|.rsrc,true,143,true,1365,false,0,16040,7.425830,16040,7.425830,false,,0,
blind-00116,0,benign_label_content_review,overlay_present|high_overlay_entropy|post_security_overlay_present|high_post_security_overlay_entropy|high_file_entropy|benign_label_malware_like_static_shape,has_resource_directory|overlay_present|overlay_after_security_present|high_file_entropy|high_overlay_entropy,source_size_bytes|file_entropy|mz_signature|pe_parse_status|pe_machine|pe_characteristics|pe_optional_magic|pe_subsystem|pe_dll_characteristics|pe_number_of_sections|pe_section_names|pe_section_raw_size_total|pe_has_export_directory|pe_has_import_directory|pe_has_resource_directory|pe_has_security_directory|overlay_size|overlay_entropy|overlay_after_security_size|overlay_after_security_entropy,73376,7.892535,ok,2,.text|.rsrc,true,143,true,1349,false,0,16032,7.423322,16032,7.423322,false,,0,
blind-00198,0,benign_label_content_review,overlay_present|high_overlay_entropy|post_security_overlay_present|high_post_security_overlay_entropy|high_file_entropy|benign_label_malware_like_static_shape,has_resource_directory|overlay_present|overlay_after_security_present|high_file_entropy|high_overlay_entropy,source_size_bytes|file_entropy|mz_signature|pe_parse_status|pe_machine|pe_characteristics|pe_optional_magic|pe_subsystem|pe_dll_characteristics|pe_number_of_sections|pe_section_names|pe_section_raw_size_total|pe_has_export_directory|pe_has_import_directory|pe_has_resource_directory|pe_has_security_directory|overlay_size|overlay_entropy|overlay_after_security_size|overlay_after_security_entropy,67744,7.869166,ok,2,.text|.rsrc,true,143,true,1373,false,0,16032,7.429371,16032,7.429371,false,,0,
blind-00447,0,benign_label_content_review,overlay_present|high_overlay_entropy|post_security_overlay_present|high_post_security_overlay_entropy|high_file_entropy|benign_label_malware_like_static_shape,has_resource_directory|overlay_present|overlay_after_security_present|high_file_entropy|high_overlay_entropy,source_size_bytes|file_entropy|mz_signature|pe_parse_status|pe_machine|pe_characteristics|pe_optional_magic|pe_subsystem|pe_dll_characteristics|pe_number_of_sections|pe_section_names|pe_section_raw_size_total|pe_has_export_directory|pe_has_import_directory|pe_has_resource_directory|pe_has_security_directory|overlay_size|overlay_entropy|overlay_after_security_size|overlay_after_security_entropy,72352,7.857453,ok,3,.text|.rsrc|.reloc,true,143,true,1413,false,0,16032,7.421713,16032,7.421713,false,,0,
blind-00817,0,benign_label_content_review,overlay_present|high_overlay_entropy|post_security_overlay_present|high_post_security_overlay_entropy|high_file_entropy|benign_label_malware_like_static_shape,has_resource_directory|overlay_present|overlay_after_security_present|high_file_entropy|high_overlay_entropy,source_size_bytes|file_entropy|mz_signature|pe_parse_status|pe_machine|pe_characteristics|pe_optional_magic|pe_subsystem|pe_dll_characteristics|pe_number_of_sections|pe_section_names|pe_section_raw_size_total|pe_has_export_directory|pe_has_import_directory|pe_has_resource_directory|pe_has_security_directory|overlay_size|overlay_entropy|overlay_after_security_size|overlay_after_security_entropy,72864,7.867835,ok,3,.text|.rsrc|.reloc,true,143,true,1381,false,0,16032,7.428745,16032,7.428745,false,,0,
blind-00974,0,benign_label_content_review,overlay_present|high_overlay_entropy|post_security_overlay_present|high_post_security_overlay_entropy|high_file_entropy|benign_label_malware_like_static_shape,has_resource_directory|overlay_present|overlay_after_security_present|high_file_entropy|high_overlay_entropy,source_size_bytes|file_entropy|mz_signature|pe_parse_status|pe_machine|pe_characteristics|pe_optional_magic|pe_subsystem|pe_dll_characteristics|pe_number_of_sections|pe_section_names|pe_section_raw_size_total|pe_has_export_directory|pe_has_import_directory|pe_has_resource_directory|pe_has_security_directory|overlay_size|overlay_entropy|overlay_after_security_size|overlay_after_security_entropy,84640,7.902221,ok,2,.text|.rsrc,true,143,true,1349,false,0,16032,7.426755,16032,7.426755,false,,0,
blind-01860,0,benign_label_content_review,overlay_present|high_overlay_entropy|post_security_overlay_present|high_post_security_overlay_entropy|high_file_entropy|benign_label_malware_like_static_shape,has_resource_directory|overlay_present|overlay_after_security_present|high_file_entropy|high_overlay_entropy,source_size_bytes|file_entropy|mz_signature|pe_parse_status|pe_machine|pe_characteristics|pe_optional_magic|pe_subsystem|pe_dll_characteristics|pe_number_of_sections|pe_section_names|pe_section_raw_size_total|pe_has_export_directory|pe_has_import_directory|pe_has_resource_directory|pe_has_security_directory|overlay_size|overlay_entropy|overlay_after_security_size|overlay_after_security_entropy,93856,7.915101,ok,2,.text|.rsrc,true,143,true,1381,false,0,16032,7.432197,16032,7.432197,false,,0,
blind-00792,0,benign_label_content_review,overlay_present|high_overlay_entropy|post_security_overlay_present|high_post_security_overlay_entropy|high_file_entropy|benign_label_malware_like_static_shape,has_resource_directory|overlay_present|overlay_after_security_present|high_file_entropy|high_overlay_entropy,source_size_bytes|file_entropy|mz_signature|pe_parse_status|pe_machine|pe_characteristics|pe_optional_magic|pe_subsystem|pe_dll_characteristics|pe_number_of_sections|pe_section_names|pe_section_raw_size_total|pe_has_export_directory|pe_has_import_directory|pe_has_resource_directory|pe_has_security_directory|overlay_size|overlay_entropy|overlay_after_security_size|overlay_after_security_entropy,249496,7.622421,ok,3,upx0|upx1|.rsrc,true,876,true,37172,false,0,16024,7.433747,16024,7.433747,false,,0,
blind-01173,0,benign_label_content_review,overlay_present|high_overlay_entropy|post_security_overlay_present|high_post_security_overlay_entropy|high_file_entropy|benign_label_malware_like_static_shape,has_resource_directory|overlay_present|overlay_after_security_present|high_file_entropy|high_overlay_entropy,source_size_bytes|file_entropy|mz_signature|pe_parse_status|pe_machine|pe_characteristics|pe_optional_magic|pe_subsystem|pe_dll_characteristics|pe_number_of_sections|pe_section_names|pe_section_raw_size_total|pe_has_export_directory|pe_has_import_directory|pe_has_resource_directory|pe_has_security_directory|overlay_size|overlay_entropy|overlay_after_security_size|overlay_after_security_entropy,69784,7.852943,ok,3,.text|.rsrc|.reloc,true,143,true,1325,false,0,16024,7.428186,16024,7.428186,false,,0,
blind-01374,0,benign_label_content_review,overlay_present|high_overlay_entropy|post_security_overlay_present|high_post_security_overlay_entropy|high_file_entropy|benign_label_malware_like_static_shape,has_resource_directory|overlay_present|overlay_after_security_present|high_file_entropy|high_overlay_entropy,source_size_bytes|file_entropy|mz_signature|pe_parse_status|pe_machine|pe_characteristics|pe_optional_magic|pe_subsystem|pe_dll_characteristics|pe_number_of_sections|pe_section_names|pe_section_raw_size_total|pe_has_export_directory|pe_has_import_directory|pe_has_resource_directory|pe_has_security_directory|overlay_size|overlay_entropy|overlay_after_security_size|overlay_after_security_entropy,2527824,7.882260,ok,3,upx0|upx1|.rsrc,true,1016,true,167256,false,0,15440,7.353705,15440,7.353705,false,,0,
blind-00463,0,benign_label_content_review,overlay_present|high_overlay_entropy|post_security_overlay_present|high_post_security_overlay_entropy|high_file_entropy|benign_label_malware_like_static_shape,has_resource_directory|overlay_present|overlay_after_security_present|high_file_entropy|high_overlay_entropy,source_size_bytes|file_entropy|mz_signature|pe_parse_status|pe_machine|pe_characteristics|pe_optional_magic|pe_subsystem|pe_dll_characteristics|pe_number_of_sections|pe_section_names|pe_section_raw_size_total|pe_has_export_directory|pe_has_import_directory|pe_has_resource_directory|pe_has_security_directory|overlay_size|overlay_entropy|overlay_after_security_size|overlay_after_security_entropy,7467728,7.999949,ok,3,packerby|bero^fr |.rsrc,true,95,true,25476,false,0,14032,7.278049,14032,7.278049,false,,0,
blind-00464,0,benign_label_content_review,overlay_present|high_overlay_entropy|post_security_overlay_present|high_post_security_overlay_entropy|high_file_entropy|benign_label_malware_like_static_shape,has_resource_directory|overlay_present|overlay_after_security_present|high_file_entropy|high_overlay_entropy,source_size_bytes|file_entropy|mz_signature|pe_parse_status|pe_machine|pe_characteristics|pe_optional_magic|pe_subsystem|pe_dll_characteristics|pe_number_of_sections|pe_section_names|pe_section_raw_size_total|pe_has_export_directory|pe_has_import_directory|pe_has_resource_directory|pe_has_security_directory|overlay_size|overlay_entropy|overlay_after_security_size|overlay_after_security_entropy,7462420,7.995740,ok,2,.packed|.rlpack,true,420,true,125046,false,0,14032,7.278049,14032,7.278049,false,,0,
blind-00540,0,benign_label_content_review,overlay_present|high_overlay_entropy|post_security_overlay_present|high_post_security_overlay_entropy|high_file_entropy|benign_label_malware_like_static_shape,has_resource_directory|overlay_present|overlay_after_security_present|high_file_entropy|high_overlay_entropy,source_size_bytes|file_entropy|mz_signature|pe_parse_status|pe_machine|pe_characteristics|pe_optional_magic|pe_subsystem|pe_dll_characteristics|pe_number_of_sections|pe_section_names|pe_section_raw_size_total|pe_has_export_directory|pe_has_import_directory|pe_has_resource_directory|pe_has_security_directory|overlay_size|overlay_entropy|overlay_after_security_size|overlay_after_security_entropy,8702160,7.898272,ok,3,upx0|upx1|.rsrc,true,1108,true,125088,false,0,14032,7.278049,14032,7.278049,false,,0,
blind-01047,0,benign_label_content_review,overlay_present|high_overlay_entropy|post_security_overlay_present|high_post_security_overlay_entropy|high_file_entropy|benign_label_malware_like_static_shape,has_resource_directory|overlay_present|overlay_after_security_present|high_file_entropy|high_overlay_entropy,source_size_bytes|file_entropy|mz_signature|pe_parse_status|pe_machine|pe_characteristics|pe_optional_magic|pe_subsystem|pe_dll_characteristics|pe_number_of_sections|pe_section_names|pe_section_raw_size_total|pe_has_export_directory|pe_has_import_directory|pe_has_resource_directory|pe_has_security_directory|overlay_size|overlay_entropy|overlay_after_security_size|overlay_after_security_entropy,9494736,7.930790,ok,7,.text|.rdata|.data|.qtmetad|.rsrc|.reloc|.packman,true,420,true,125044,false,0,14032,7.278049,14032,7.278049,false,,0,
blind-00511,0,benign_label_content_review,overlay_present|high_overlay_entropy|post_security_overlay_present|high_post_security_overlay_entropy|high_file_entropy|benign_label_malware_like_static_shape,has_resource_directory|overlay_present|overlay_after_security_present|high_file_entropy|high_overlay_entropy,source_size_bytes|file_entropy|mz_signature|pe_parse_status|pe_machine|pe_characteristics|pe_optional_magic|pe_subsystem|pe_dll_characteristics|pe_number_of_sections|pe_section_names|pe_section_raw_size_total|pe_has_export_directory|pe_has_import_directory|pe_has_resource_directory|pe_has_security_directory|overlay_size|overlay_entropy|overlay_after_security_size|overlay_after_security_entropy,605288,7.851722,ok,3,upx0|upx1|.rsrc,true,700,true,31560,false,0,13416,7.341277,13416,7.341277,false,,0,
blind-01085,0,benign_label_content_review,overlay_present|high_overlay_entropy|post_security_overlay_present|high_post_security_overlay_entropy|high_file_entropy|benign_label_malware_like_static_shape,has_resource_directory|overlay_present|overlay_after_security_present|high_file_entropy|high_overlay_entropy,source_size_bytes|file_entropy|mz_signature|pe_parse_status|pe_machine|pe_characteristics|pe_optional_magic|pe_subsystem|pe_dll_characteristics|pe_number_of_sections|pe_section_names|pe_section_raw_size_total|pe_has_export_directory|pe_has_import_directory|pe_has_resource_directory|pe_has_security_directory|overlay_size|overlay_entropy|overlay_after_security_size|overlay_after_security_entropy,48848,7.678959,ok,2,.text|.rsrc,true,715,true,4154,false,0,11984,7.421695,11984,7.421695,false,,0,
blind-01245,0,benign_label_content_review,overlay_present|high_overlay_entropy|post_security_overlay_present|high_post_security_overlay_entropy|high_file_entropy|benign_label_malware_like_static_shape,has_resource_directory|overlay_present|overlay_after_security_present|high_file_entropy|high_overlay_entropy,source_size_bytes|file_entropy|mz_signature|pe_parse_status|pe_machine|pe_characteristics|pe_optional_magic|pe_subsystem|pe_dll_characteristics|pe_number_of_sections|pe_section_names|pe_section_raw_size_total|pe_has_export_directory|pe_has_import_directory|pe_has_resource_directory|pe_has_security_directory|overlay_size|overlay_entropy|overlay_after_security_size|overlay_after_security_entropy,65232,7.689032,ok,2,.text|.rsrc,true,745,true,8824,false,0,11984,7.414166,11984,7.414166,false,,0,
blind-01768,0,benign_label_content_review,overlay_present|high_overlay_entropy|post_security_overlay_present|high_post_security_overlay_entropy|high_file_entropy|benign_label_malware_like_static_shape,has_resource_directory|overlay_present|overlay_after_security_present|high_file_entropy|high_overlay_entropy,source_size_bytes|file_entropy|mz_signature|pe_parse_status|pe_machine|pe_characteristics|pe_optional_magic|pe_subsystem|pe_dll_characteristics|pe_number_of_sections|pe_section_names|pe_section_raw_size_total|pe_has_export_directory|pe_has_import_directory|pe_has_resource_directory|pe_has_security_directory|overlay_size|overlay_entropy|overlay_after_security_size|overlay_after_security_entropy,71376,7.750106,ok,2,.text|.rsrc,true,143,true,8706,false,0,11984,7.411736,11984,7.411736,false,,0,
blind-01131,0,benign_label_content_review,overlay_present|high_overlay_entropy|post_security_overlay_present|high_post_security_overlay_entropy|has_security_directory|security_directory_with_extra_overlay|benign_label_malware_like_static_shape,has_resource_directory|has_security_directory|overlay_present|overlay_after_security_present,source_size_bytes|file_entropy|mz_signature|pe_parse_status|pe_machine|pe_characteristics|pe_optional_magic|pe_subsystem|pe_dll_characteristics|pe_number_of_sections|pe_section_names|pe_section_raw_size_total|pe_has_export_directory|pe_has_import_directory|pe_has_resource_directory|pe_has_security_directory|overlay_size|overlay_entropy|overlay_after_security_size|overlay_after_security_entropy,930708,5.246843,ok,5,.text|.rdata|.data|qdata|.rsrc,true,160,true,464762,true,5608,5608,7.199555,5608,7.199555,false,,0,
blind-00866,0,benign_label_content_review,overlay_present|high_overlay_entropy|high_file_entropy|many_sections|has_security_directory|large_resource_directory|benign_label_malware_like_static_shape,has_resource_directory|has_security_directory|overlay_present|high_file_entropy|high_overlay_entropy|many_sections,source_size_bytes|file_entropy|mz_signature|pe_parse_status|pe_machine|pe_characteristics|pe_optional_magic|pe_subsystem|pe_dll_characteristics|pe_number_of_sections|pe_section_names|pe_section_raw_size_total|pe_has_export_directory|pe_has_import_directory|pe_has_resource_directory|pe_has_security_directory|overlay_size|overlay_entropy|overlay_after_security_size|overlay_after_security_entropy,15314336,7.857444,ok,10,.text|.itext|.data|.bss|.idata|.didata|.edata|.rdata|.reloc|.rsrc,true,16454,true,11944960,true,20400,24480,7.611564,0,,false,,0,
blind-01176,0,benign_label_content_review,overlay_present|high_overlay_entropy|post_security_overlay_present|high_post_security_overlay_entropy|high_file_entropy|benign_label_malware_like_static_shape,has_resource_directory|overlay_present|overlay_after_security_present|high_file_entropy|high_overlay_entropy,source_size_bytes|file_entropy|mz_signature|pe_parse_status|pe_machine|pe_characteristics|pe_optional_magic|pe_subsystem|pe_dll_characteristics|pe_number_of_sections|pe_section_names|pe_section_raw_size_total|pe_has_export_directory|pe_has_import_directory|pe_has_resource_directory|pe_has_security_directory|overlay_size|overlay_entropy|overlay_after_security_size|overlay_after_security_entropy,36156200,7.876497,ok,3,upx0|upx1|.rsrc,true,1708,true,548132,false,0,10536,7.649605,10536,7.649605,false,,0,
blind-00962,0,benign_label_content_review,overlay_present|high_overlay_entropy|high_file_entropy|many_sections|has_security_directory|large_resource_directory|benign_label_malware_like_static_shape,has_resource_directory|has_security_directory|overlay_present|high_file_entropy|high_overlay_entropy|many_sections,source_size_bytes|file_entropy|mz_signature|pe_parse_status|pe_machine|pe_characteristics|pe_optional_magic|pe_subsystem|pe_dll_characteristics|pe_number_of_sections|pe_section_names|pe_section_raw_size_total|pe_has_export_directory|pe_has_import_directory|pe_has_resource_directory|pe_has_security_directory|overlay_size|overlay_entropy|overlay_after_security_size|overlay_after_security_entropy,12007296,7.536204,ok,13,.text|.rdata|.data|.drectve|.ctors|.eh_fram|.reloc|.text1|.adata|.data1|.reloc1|.pdata|.rsrc,true,100,true,3075876,true,6016,6016,7.290796,0,,false,,0,
blind-00878,0,benign_label_content_review,overlay_present|high_overlay_entropy|post_security_overlay_present|high_post_security_overlay_entropy|high_file_entropy|benign_label_malware_like_static_shape,overlay_present|overlay_after_security_present|high_file_entropy|high_overlay_entropy,source_size_bytes|file_entropy|mz_signature|pe_parse_status|pe_machine|pe_characteristics|pe_optional_magic|pe_subsystem|pe_dll_characteristics|pe_number_of_sections|pe_section_names|pe_section_raw_size_total|pe_has_export_directory|pe_has_import_directory|pe_has_resource_directory|pe_has_security_directory|overlay_size|overlay_entropy|overlay_after_security_size|overlay_after_security_entropy,38200,7.883550,ok,2,.text|.rsrc,true,143,false,0,false,0,6968,7.380788,6968,7.380788,false,,0,
blind-01476,0,benign_label_content_review,overlay_present|high_overlay_entropy|post_security_overlay_present|high_post_security_overlay_entropy|high_file_entropy|benign_label_malware_like_static_shape,has_resource_directory|overlay_present|overlay_after_security_present|high_file_entropy|high_overlay_entropy,source_size_bytes|file_entropy|mz_signature|pe_parse_status|pe_machine|pe_characteristics|pe_optional_magic|pe_subsystem|pe_dll_characteristics|pe_number_of_sections|pe_section_names|pe_section_raw_size_total|pe_has_export_directory|pe_has_import_directory|pe_has_resource_directory|pe_has_security_directory|overlay_size|overlay_entropy|overlay_after_security_size|overlay_after_security_entropy,75064,7.854131,ok,2,.text|.rsrc,true,657,true,3937,false,0,6968,7.367968,6968,7.367968,false,,0,
blind-00688,0,benign_label_content_review,overlay_present|high_overlay_entropy|post_security_overlay_present|high_post_security_overlay_entropy|high_file_entropy|benign_label_malware_like_static_shape,has_resource_directory|overlay_present|overlay_after_security_present|high_file_entropy|high_overlay_entropy,source_size_bytes|file_entropy|mz_signature|pe_parse_status|pe_machine|pe_characteristics|pe_optional_magic|pe_subsystem|pe_dll_characteristics|pe_number_of_sections|pe_section_names|pe_section_raw_size_total|pe_has_export_directory|pe_has_import_directory|pe_has_resource_directory|pe_has_security_directory|overlay_size|overlay_entropy|overlay_after_security_size|overlay_after_security_entropy,133408,7.934684,ok,2,.text|.rsrc,true,845,true,4398,false,0,6944,7.405467,6944,7.405467,false,,0,
blind-01441,0,benign_label_content_review,overlay_present|high_overlay_entropy|post_security_overlay_present|high_post_security_overlay_entropy|high_file_entropy|benign_label_malware_like_static_shape,has_resource_directory|overlay_present|overlay_after_security_present|high_file_entropy|high_overlay_entropy,source_size_bytes|file_entropy|mz_signature|pe_parse_status|pe_machine|pe_characteristics|pe_optional_magic|pe_subsystem|pe_dll_characteristics|pe_number_of_sections|pe_section_names|pe_section_raw_size_total|pe_has_export_directory|pe_has_import_directory|pe_has_resource_directory|pe_has_security_directory|overlay_size|overlay_entropy|overlay_after_security_size|overlay_after_security_entropy,169144,7.896466,ok,3,upx0|upx1|.rsrc,true,396,true,1800,false,0,6840,7.448603,6840,7.448603,false,,0,
blind-00050,0,benign_label_content_review,overlay_present|high_overlay_entropy|post_security_overlay_present|high_post_security_overlay_entropy|high_file_entropy|benign_label_malware_like_static_shape,has_resource_directory|overlay_present|overlay_after_security_present|high_file_entropy|high_overlay_entropy,source_size_bytes|file_entropy|mz_signature|pe_parse_status|pe_machine|pe_characteristics|pe_optional_magic|pe_subsystem|pe_dll_characteristics|pe_number_of_sections|pe_section_names|pe_section_raw_size_total|pe_has_export_directory|pe_has_import_directory|pe_has_resource_directory|pe_has_security_directory|overlay_size|overlay_entropy|overlay_after_security_size|overlay_after_security_entropy,176728,7.839397,ok,2,.text|.rsrc,true,904,true,16476,false,0,6744,7.442696,6744,7.442696,false,,0,
blind-00646,0,benign_label_content_review,overlay_present|high_overlay_entropy|post_security_overlay_present|high_post_security_overlay_entropy|high_file_entropy|benign_label_malware_like_static_shape,has_resource_directory|overlay_present|overlay_after_security_present|high_file_entropy|high_overlay_entropy,source_size_bytes|file_entropy|mz_signature|pe_parse_status|pe_machine|pe_characteristics|pe_optional_magic|pe_subsystem|pe_dll_characteristics|pe_number_of_sections|pe_section_names|pe_section_raw_size_total|pe_has_export_directory|pe_has_import_directory|pe_has_resource_directory|pe_has_security_directory|overlay_size|overlay_entropy|overlay_after_security_size|overlay_after_security_entropy,60504,7.785934,ok,3,.text|.rsrc|.reloc,true,143,true,3700,false,0,6744,7.446137,6744,7.446137,false,,0,
blind-00045,0,benign_label_content_review,overlay_present|high_overlay_entropy|post_security_overlay_present|high_post_security_overlay_entropy|high_file_entropy|benign_label_malware_like_static_shape,has_resource_directory|overlay_present|overlay_after_security_present|high_file_entropy|high_overlay_entropy,source_size_bytes|file_entropy|mz_signature|pe_parse_status|pe_machine|pe_characteristics|pe_optional_magic|pe_subsystem|pe_dll_characteristics|pe_number_of_sections|pe_section_names|pe_section_raw_size_total|pe_has_export_directory|pe_has_import_directory|pe_has_resource_directory|pe_has_security_directory|overlay_size|overlay_entropy|overlay_after_security_size|overlay_after_security_entropy,57952,7.648795,ok,2,.text|.rsrc,true,143,true,7024,false,0,6240,7.411541,6240,7.411541,false,,0,
blind-00309,0,benign_label_content_review,overlay_present|high_overlay_entropy|post_security_overlay_present|high_post_security_overlay_entropy|high_file_entropy|benign_label_malware_like_static_shape,has_resource_directory|overlay_present|overlay_after_security_present|high_file_entropy|high_overlay_entropy,source_size_bytes|file_entropy|mz_signature|pe_parse_status|pe_machine|pe_characteristics|pe_optional_magic|pe_subsystem|pe_dll_characteristics|pe_number_of_sections|pe_section_names|pe_section_raw_size_total|pe_has_export_directory|pe_has_import_directory|pe_has_resource_directory|pe_has_security_directory|overlay_size|overlay_entropy|overlay_after_security_size|overlay_after_security_entropy,53856,7.764179,ok,2,.text|.rsrc,true,143,true,4741,false,0,6240,7.394573,6240,7.394573,false,,0,
blind-01297,0,benign_label_content_review,overlay_present|high_overlay_entropy|post_security_overlay_present|high_post_security_overlay_entropy|high_file_entropy|benign_label_malware_like_static_shape,has_resource_directory|overlay_present|overlay_after_security_present|high_file_entropy|high_overlay_entropy,source_size_bytes|file_entropy|mz_signature|pe_parse_status|pe_machine|pe_characteristics|pe_optional_magic|pe_subsystem|pe_dll_characteristics|pe_number_of_sections|pe_section_names|pe_section_raw_size_total|pe_has_export_directory|pe_has_import_directory|pe_has_resource_directory|pe_has_security_directory|overlay_size|overlay_entropy|overlay_after_security_size|overlay_after_security_entropy,64096,7.535113,ok,5,.text|.rdata|.data|.rsrc|.packman,true,220,true,7010,false,0,6240,7.411541,6240,7.411541,false,,0,
blind-00322,0,benign_label_content_review,overlay_present|high_overlay_entropy|post_security_overlay_present|high_post_security_overlay_entropy|many_sections|benign_label_malware_like_static_shape,has_resource_directory|overlay_present|overlay_after_security_present|high_overlay_entropy|many_sections,source_size_bytes|file_entropy|mz_signature|pe_parse_status|pe_machine|pe_characteristics|pe_optional_magic|pe_subsystem|pe_dll_characteristics|pe_number_of_sections|pe_section_names|pe_section_raw_size_total|pe_has_export_directory|pe_has_import_directory|pe_has_resource_directory|pe_has_security_directory|overlay_size|overlay_entropy|overlay_after_security_size|overlay_after_security_entropy,680504,6.801640,ok,12,.00cfg|.rdata|.bss|.data|.gfids|.rsrc|.text|.xdata|.idata|.reloc|.enigma1|.enigma2,true,5180,true,8488,false,0,12344,7.425290,12344,7.425290,false,,0,
blind-01028,0,benign_label_content_review,overlay_present|high_overlay_entropy|post_security_overlay_present|high_post_security_overlay_entropy|high_file_entropy|benign_label_malware_like_static_shape,has_resource_directory|overlay_present|overlay_after_security_present|high_file_entropy|high_overlay_entropy,source_size_bytes|file_entropy|mz_signature|pe_parse_status|pe_machine|pe_characteristics|pe_optional_magic|pe_subsystem|pe_dll_characteristics|pe_number_of_sections|pe_section_names|pe_section_raw_size_total|pe_has_export_directory|pe_has_import_directory|pe_has_resource_directory|pe_has_security_directory|overlay_size|overlay_entropy|overlay_after_security_size|overlay_after_security_entropy,2295816,7.923205,ok,3,upx0|upx1|.rsrc,true,940,true,35928,false,0,5640,7.256923,5640,7.256923,false,,0,
blind-00146,0,benign_label_content_review,overlay_present|high_overlay_entropy|post_security_overlay_present|high_post_security_overlay_entropy|high_file_entropy|benign_label_malware_like_static_shape,has_resource_directory|overlay_present|overlay_after_security_present|high_file_entropy|high_overlay_entropy,source_size_bytes|file_entropy|mz_signature|pe_parse_status|pe_machine|pe_characteristics|pe_optional_magic|pe_subsystem|pe_dll_characteristics|pe_number_of_sections|pe_section_names|pe_section_raw_size_total|pe_has_export_directory|pe_has_import_directory|pe_has_resource_directory|pe_has_security_directory|overlay_size|overlay_entropy|overlay_after_security_size|overlay_after_security_entropy,488184,7.321860,ok,3,upx0|upx1|.rsrc,true,688,true,111100,false,0,5368,7.336302,5368,7.336302,false,,0,
blind-00794,0,benign_label_content_review,overlay_present|high_overlay_entropy|high_file_entropy|many_sections|has_security_directory|benign_label_malware_like_static_shape,has_resource_directory|has_security_directory|overlay_present|high_file_entropy|high_overlay_entropy|many_sections,source_size_bytes|file_entropy|mz_signature|pe_parse_status|pe_machine|pe_characteristics|pe_optional_magic|pe_subsystem|pe_dll_characteristics|pe_number_of_sections|pe_section_names|pe_section_raw_size_total|pe_has_export_directory|pe_has_import_directory|pe_has_resource_directory|pe_has_security_directory|overlay_size|overlay_entropy|overlay_after_security_size|overlay_after_security_entropy,46635424,7.998305,ok,11,.text|.itext|.data|.bss|.idata|.didata|.edata|.tls|.rdata|.reloc|.rsrc,true,4076,true,51696,true,11016,45807520,7.999996,0,,false,,0,
blind-00936,0,benign_label_content_review,overlay_present|high_overlay_entropy|high_file_entropy|many_sections|has_security_directory|benign_label_malware_like_static_shape,has_resource_directory|has_security_directory|overlay_present|high_file_entropy|high_overlay_entropy|many_sections,source_size_bytes|file_entropy|mz_signature|pe_parse_status|pe_machine|pe_characteristics|pe_optional_magic|pe_subsystem|pe_dll_characteristics|pe_number_of_sections|pe_section_names|pe_section_raw_size_total|pe_has_export_directory|pe_has_import_directory|pe_has_resource_directory|pe_has_security_directory|overlay_size|overlay_entropy|overlay_after_security_size|overlay_after_security_entropy,2769485,7.709187,ok,11,.text|.itext|.data|.bss|.idata|.didata|.tls|.rdata|.reloc|.rsrc|.neolit,true,20766,true,743424,true,11032,1996461,7.997745,0,,false,,0,
blind-00177,0,benign_label_content_review,overlay_present|high_overlay_entropy|high_file_entropy|many_sections|has_security_directory|benign_label_malware_like_static_shape,has_resource_directory|has_security_directory|overlay_present|high_file_entropy|high_overlay_entropy|many_sections,source_size_bytes|file_entropy|mz_signature|pe_parse_status|pe_machine|pe_characteristics|pe_optional_magic|pe_subsystem|pe_dll_characteristics|pe_number_of_sections|pe_section_names|pe_section_raw_size_total|pe_has_export_directory|pe_has_import_directory|pe_has_resource_directory|pe_has_security_directory|overlay_size|overlay_entropy|overlay_after_security_size|overlay_after_security_entropy,23514504,7.996856,ok,10,.text|.itext|.data|.bss|.idata|.didata|.tls|.rdata|.reloc|.rsrc,true,3860,true,786060,true,10520,22563720,7.999975,0,,false,,0,
blind-01049,0,benign_label_content_review,overlay_present|high_overlay_entropy|high_file_entropy|many_sections|has_security_directory|benign_label_malware_like_static_shape,has_resource_directory|has_security_directory|overlay_present|high_file_entropy|high_overlay_entropy|many_sections,source_size_bytes|file_entropy|mz_signature|pe_parse_status|pe_machine|pe_characteristics|pe_optional_magic|pe_subsystem|pe_dll_characteristics|pe_number_of_sections|pe_section_names|pe_section_raw_size_total|pe_has_export_directory|pe_has_import_directory|pe_has_resource_directory|pe_has_security_directory|overlay_size|overlay_entropy|overlay_after_security_size|overlay_after_security_entropy,21179384,7.991166,ok,10,.text|.itext|.data|.bss|.idata|.didata|.edata|.tls|.rdata|.rsrc,true,4060,true,80840,true,7640,20335608,7.999991,0,,false,,0,
blind-00797,1,malicious_label_content_review,overlay_present|high_overlay_entropy|post_security_overlay_present|high_post_security_overlay_entropy|has_security_directory|security_directory_with_extra_overlay,has_resource_directory|has_security_directory|overlay_present|overlay_after_security_present|high_overlay_entropy,source_size_bytes|file_entropy|mz_signature|pe_parse_status|pe_machine|pe_characteristics|pe_optional_magic|pe_subsystem|pe_dll_characteristics|pe_number_of_sections|pe_section_names|pe_section_raw_size_total|pe_has_export_directory|pe_has_import_directory|pe_has_resource_directory|pe_has_security_directory|overlay_size|overlay_entropy|overlay_after_security_size|overlay_after_security_entropy,319360,6.600938,ok,6,.text|.rdata|.data|.pdata|.rsrc|.reloc,true,320,true,3485,true,20608,41344,7.650344,2048,7.687858,false,,0,
blind-01048,0,benign_label_content_review,overlay_present|high_overlay_entropy|post_security_overlay_present|high_post_security_overlay_entropy|high_file_entropy|benign_label_malware_like_static_shape,has_resource_directory|overlay_present|overlay_after_security_present|high_overlay_entropy,source_size_bytes|file_entropy|mz_signature|pe_parse_status|pe_machine|pe_characteristics|pe_optional_magic|pe_subsystem|pe_dll_characteristics|pe_number_of_sections|pe_section_names|pe_section_raw_size_total|pe_has_export_directory|pe_has_import_directory|pe_has_resource_directory|pe_has_security_directory|overlay_size|overlay_entropy|overlay_after_security_size|overlay_after_security_entropy,63925,7.095532,ok,5,.text|.rdata|.data|.ndata|.rsrc,true,160,true,26712,false,0,3509,7.951175,3509,7.951175,false,,0,
blind-01257,0,benign_label_content_review,overlay_present|high_overlay_entropy|post_security_overlay_present|high_post_security_overlay_entropy|benign_label_malware_like_static_shape,has_resource_directory|overlay_present|overlay_after_security_present|high_overlay_entropy,source_size_bytes|file_entropy|mz_signature|pe_parse_status|pe_machine|pe_characteristics|pe_optional_magic|pe_subsystem|pe_dll_characteristics|pe_number_of_sections|pe_section_names|pe_section_raw_size_total|pe_has_export_directory|pe_has_import_directory|pe_has_resource_directory|pe_has_security_directory|overlay_size|overlay_entropy|overlay_after_security_size|overlay_after_security_entropy,532404,4.386922,ok,5,.text|.rdata|.data|.ndata|.rsrc,true,160,true,373816,false,0,122804,7.996889,122804,7.996889,false,,0,
blind-01714,0,benign_label_content_review,overlay_present|high_overlay_entropy|post_security_overlay_present|high_post_security_overlay_entropy|many_sections|benign_label_malware_like_static_shape,has_resource_directory|overlay_present|overlay_after_security_present|high_overlay_entropy|many_sections,source_size_bytes|file_entropy|mz_signature|pe_parse_status|pe_machine|pe_characteristics|pe_optional_magic|pe_subsystem|pe_dll_characteristics|pe_number_of_sections|pe_section_names|pe_section_raw_size_total|pe_has_export_directory|pe_has_import_directory|pe_has_resource_directory|pe_has_security_directory|overlay_size|overlay_entropy|overlay_after_security_size|overlay_after_security_entropy,19742928,6.911361,ok,8,.text|.rdata|.data|.qtmetad|.rsrc|.reloc|.enigma1|.enigma2,true,5180,true,1630664,false,0,14032,7.278049,14032,7.278049,false,,0,
blind-00449,0,benign_label_content_review,overlay_present|high_overlay_entropy|high_file_entropy|many_sections|has_security_directory|benign_label_malware_like_static_shape,has_resource_directory|has_security_directory|overlay_present|high_file_entropy|high_overlay_entropy|many_sections,source_size_bytes|file_entropy|mz_signature|pe_parse_status|pe_machine|pe_characteristics|pe_optional_magic|pe_subsystem|pe_dll_characteristics|pe_number_of_sections|pe_section_names|pe_section_raw_size_total|pe_has_export_directory|pe_has_import_directory|pe_has_resource_directory|pe_has_security_directory|overlay_size|overlay_entropy|overlay_after_security_size|overlay_after_security_entropy,1382352,7.884273,ok,8,.text|.data|.idata|.00cfg|.gfids|.boxld01|.rsrc|.reloc,true,80,true,83136,true,9112,1119184,7.999748,0,,false,,0,
blind-00751,0,benign_label_content_review,overlay_present|high_overlay_entropy|high_file_entropy|many_sections|has_security_directory|benign_label_malware_like_static_shape,has_resource_directory|has_security_directory|overlay_present|high_file_entropy|high_overlay_entropy|many_sections,source_size_bytes|file_entropy|mz_signature|pe_parse_status|pe_machine|pe_characteristics|pe_optional_magic|pe_subsystem|pe_dll_characteristics|pe_number_of_sections|pe_section_names|pe_section_raw_size_total|pe_has_export_directory|pe_has_import_directory|pe_has_resource_directory|pe_has_security_directory|overlay_size|overlay_entropy|overlay_after_security_size|overlay_after_security_entropy,14328440,7.995562,ok,8,.text|.rdata|.data|.wixburn|.tls|.gfids|.rsrc|.reloc,true,180,true,15132,true,9208,13865080,7.999758,0,,false,,0,
blind-00883,0,benign_label_content_review,overlay_present|high_overlay_entropy|high_file_entropy|many_sections|has_security_directory|benign_label_malware_like_static_shape,has_resource_directory|has_security_directory|overlay_present|high_file_entropy|high_overlay_entropy|many_sections,source_size_bytes|file_entropy|mz_signature|pe_parse_status|pe_machine|pe_characteristics|pe_optional_magic|pe_subsystem|pe_dll_characteristics|pe_number_of_sections|pe_section_names|pe_section_raw_size_total|pe_has_export_directory|pe_has_import_directory|pe_has_resource_directory|pe_has_security_directory|overlay_size|overlay_entropy|overlay_after_security_size|overlay_after_security_entropy,15152552,7.999064,ok,8,.text|.itext|.data|.bss|.idata|.tls|.rdata|.rsrc,true,3536,true,45568,true,12072,15033256,7.999989,0,,false,,0,
blind-01194,0,benign_label_content_review,overlay_present|high_overlay_entropy|high_file_entropy|has_security_directory|large_resource_directory|benign_label_malware_like_static_shape,has_resource_directory|has_security_directory|overlay_present|high_file_entropy|high_overlay_entropy,source_size_bytes|file_entropy|mz_signature|pe_parse_status|pe_machine|pe_characteristics|pe_optional_magic|pe_subsystem|pe_dll_characteristics|pe_number_of_sections|pe_section_names|pe_section_raw_size_total|pe_has_export_directory|pe_has_import_directory|pe_has_resource_directory|pe_has_security_directory|overlay_size|overlay_entropy|overlay_after_security_size|overlay_after_security_entropy,16144504,7.254621,ok,7,.text|.rdata|.data|.pdata|_rdata|.rsrc|.reloc,true,360,true,6408696,true,10664,2973304,7.991533,0,,false,,0,
blind-01235,0,benign_label_content_review,overlay_present|high_overlay_entropy|high_file_entropy|many_sections|has_security_directory|benign_label_malware_like_static_shape,has_resource_directory|has_security_directory|overlay_present|high_overlay_entropy|many_sections,source_size_bytes|file_entropy|mz_signature|pe_parse_status|pe_machine|pe_characteristics|pe_optional_magic|pe_subsystem|pe_dll_characteristics|pe_number_of_sections|pe_section_names|pe_section_raw_size_total|pe_has_export_directory|pe_has_import_directory|pe_has_resource_directory|pe_has_security_directory|overlay_size|overlay_entropy|overlay_after_security_size|overlay_after_security_entropy,1236200,7.046578,ok,8,.text|.rdata|.data|.pdata|.didat|.wixburn|.rsrc|.reloc,true,160,true,72724,true,10264,302824,7.998009,0,,false,,0,
blind-01845,0,benign_label_content_review,overlay_present|high_overlay_entropy|high_file_entropy|many_sections|has_security_directory|benign_label_malware_like_static_shape,has_resource_directory|has_security_directory|overlay_present|high_file_entropy|high_overlay_entropy|many_sections,source_size_bytes|file_entropy|mz_signature|pe_parse_status|pe_machine|pe_characteristics|pe_optional_magic|pe_subsystem|pe_dll_characteristics|pe_number_of_sections|pe_section_names|pe_section_raw_size_total|pe_has_export_directory|pe_has_import_directory|pe_has_resource_directory|pe_has_security_directory|overlay_size|overlay_entropy|overlay_after_security_size|overlay_after_security_entropy,6832376,7.955057,ok,10,.text|.rdata|.data|.tls|.gfids|.giats|.vmp0|.vmp1|.reloc|.rsrc,true,480,true,1050124,true,21240,21240,7.640921,0,,false,,0,
blind-00532,0,benign_label_content_review,overlay_present|high_overlay_entropy|post_security_overlay_present|high_post_security_overlay_entropy|large_resource_directory|benign_label_malware_like_static_shape,has_resource_directory|overlay_present|overlay_after_security_present|high_overlay_entropy,source_size_bytes|file_entropy|mz_signature|pe_parse_status|pe_machine|pe_characteristics|pe_optional_magic|pe_subsystem|pe_dll_characteristics|pe_number_of_sections|pe_section_names|pe_section_raw_size_total|pe_has_export_directory|pe_has_import_directory|pe_has_resource_directory|pe_has_security_directory|overlay_size|overlay_entropy|overlay_after_security_size|overlay_after_security_entropy,7535808,2.494253,ok,7,.text|.rdata|.data|.rsrc|.reloc|.enigma1|.enigma2,true,5180,true,5697052,false,0,6848,7.443356,6848,7.443356,false,,0,
blind-00557,0,benign_label_content_review,overlay_present|high_overlay_entropy|post_security_overlay_present|high_post_security_overlay_entropy|benign_label_malware_like_static_shape,has_resource_directory|overlay_present|overlay_after_security_present|high_overlay_entropy,source_size_bytes|file_entropy|mz_signature|pe_parse_status|pe_machine|pe_characteristics|pe_optional_magic|pe_subsystem|pe_dll_characteristics|pe_number_of_sections|pe_section_names|pe_section_raw_size_total|pe_has_export_directory|pe_has_import_directory|pe_has_resource_directory|pe_has_security_directory|overlay_size|overlay_entropy|overlay_after_security_size|overlay_after_security_entropy,103170,6.897612,ok,5,.text|.rdata|.data|.ndata|.rsrc,true,160,true,23648,false,0,34562,7.994687,34562,7.994687,false,,0,
blind-01639,0,benign_label_content_review,overlay_present|high_overlay_entropy|high_file_entropy|many_sections|has_security_directory|benign_label_malware_like_static_shape,has_resource_directory|has_security_directory|overlay_present|high_file_entropy|high_overlay_entropy|many_sections,source_size_bytes|file_entropy|mz_signature|pe_parse_status|pe_machine|pe_characteristics|pe_optional_magic|pe_subsystem|pe_dll_characteristics|pe_number_of_sections|pe_section_names|pe_section_raw_size_total|pe_has_export_directory|pe_has_import_directory|pe_has_resource_directory|pe_has_security_directory|overlay_size|overlay_entropy|overlay_after_security_size|overlay_after_security_entropy,13065728,7.913829,ok,10,.text|.rdata|.data|.pdata|_rdata|.lh0|.lh1|.lh2|.rsrc|.reloc,true,500,true,269524,true,10752,10752,7.641902,0,,false,,0,
blind-00118,0,benign_label_content_review,overlay_present|high_overlay_entropy|post_security_overlay_present|high_post_security_overlay_entropy|benign_label_malware_like_static_shape,has_resource_directory|overlay_present|overlay_after_security_present|high_overlay_entropy,source_size_bytes|file_entropy|mz_signature|pe_parse_status|pe_machine|pe_characteristics|pe_optional_magic|pe_subsystem|pe_dll_characteristics|pe_number_of_sections|pe_section_names|pe_section_raw_size_total|pe_has_export_directory|pe_has_import_directory|pe_has_resource_directory|pe_has_security_directory|overlay_size|overlay_entropy|overlay_after_security_size|overlay_after_security_entropy,54650,6.764046,ok,6,code|data|const|.rsrc|.idata|.neolit,true,160,true,15104,false,0,30560,7.655197,30560,7.655197,false,,0,
blind-01386,0,benign_label_content_review,overlay_present|high_overlay_entropy|high_file_entropy|has_security_directory|large_resource_directory|benign_label_malware_like_static_shape,has_resource_directory|has_security_directory|overlay_present|high_file_entropy|high_overlay_entropy,source_size_bytes|file_entropy|mz_signature|pe_parse_status|pe_machine|pe_characteristics|pe_optional_magic|pe_subsystem|pe_dll_characteristics|pe_number_of_sections|pe_section_names|pe_section_raw_size_total|pe_has_export_directory|pe_has_import_directory|pe_has_resource_directory|pe_has_security_directory|overlay_size|overlay_entropy|overlay_after_security_size|overlay_after_security_entropy,107082080,7.999994,ok,5,.text|.rdata|.data|.rsrc|.reloc,true,80,true,107044272,true,20320,20320,7.630303,0,,false,,0,
blind-00937,1,malicious_label_content_review,overlay_present|high_overlay_entropy|high_file_entropy|many_sections|has_security_directory,has_resource_directory|has_security_directory|overlay_present|high_file_entropy|high_overlay_entropy|many_sections,source_size_bytes|file_entropy|mz_signature|pe_parse_status|pe_machine|pe_characteristics|pe_optional_magic|pe_subsystem|pe_dll_characteristics|pe_number_of_sections|pe_section_names|pe_section_raw_size_total|pe_has_export_directory|pe_has_import_directory|pe_has_resource_directory|pe_has_security_directory|overlay_size|overlay_entropy|overlay_after_security_size|overlay_after_security_entropy,19303112,7.998165,ok,11,.text|.data|.rdata|.pdata|.xdata|.bss|.idata|.crt|.tls|.rsrc|.reloc,true,5360,true,43744,true,12064,19122376,7.998944,0,,false,,0,
blind-01437,0,benign_label_content_review,overlay_present|high_overlay_entropy|high_file_entropy|has_security_directory|large_resource_directory|benign_label_malware_like_static_shape,has_resource_directory|has_security_directory|overlay_present|high_file_entropy|high_overlay_entropy,source_size_bytes|file_entropy|mz_signature|pe_parse_status|pe_machine|pe_characteristics|pe_optional_magic|pe_subsystem|pe_dll_characteristics|pe_number_of_sections|pe_section_names|pe_section_raw_size_total|pe_has_export_directory|pe_has_import_directory|pe_has_resource_directory|pe_has_security_directory|overlay_size|overlay_entropy|overlay_after_security_size|overlay_after_security_entropy,3960744,7.756709,ok,5,.text|.rdata|.data|.rsrc|.reloc,true,400,true,2827164,true,13584,14248,7.367860,0,,false,,0,
blind-00178,0,benign_label_content_review,overlay_present|high_overlay_entropy|high_file_entropy|has_security_directory|large_resource_directory|benign_label_malware_like_static_shape,has_resource_directory|has_security_directory|overlay_present|high_file_entropy|high_overlay_entropy,source_size_bytes|file_entropy|mz_signature|pe_parse_status|pe_machine|pe_characteristics|pe_optional_magic|pe_subsystem|pe_dll_characteristics|pe_number_of_sections|pe_section_names|pe_section_raw_size_total|pe_has_export_directory|pe_has_import_directory|pe_has_resource_directory|pe_has_security_directory|overlay_size|overlay_entropy|overlay_after_security_size|overlay_after_security_entropy,3290720,7.973380,ok,6,code|data|bss|.idata|.reloc|.rsrc,true,834,true,3267072,true,10336,10336,7.662812,0,,false,,0,
blind-00783,1,malicious_label_content_review,overlay_present|high_overlay_entropy|high_file_entropy|many_sections|has_security_directory,has_resource_directory|has_security_directory|overlay_present|high_file_entropy|high_overlay_entropy|many_sections,source_size_bytes|file_entropy|mz_signature|pe_parse_status|pe_machine|pe_characteristics|pe_optional_magic|pe_subsystem|pe_dll_characteristics|pe_number_of_sections|pe_section_names|pe_section_raw_size_total|pe_has_export_directory|pe_has_import_directory|pe_has_resource_directory|pe_has_security_directory|overlay_size|overlay_entropy|overlay_after_security_size|overlay_after_security_entropy,36331448,7.817132,ok,10,.text|.clr_uef|.rdata|.data|.pdata|.didat|section|_rdata|.rsrc|.reloc,true,360,true,1348620,true,10528,26692536,7.997311,0,,false,,0,
blind-00986,1,malicious_label_content_review,overlay_present|high_overlay_entropy|high_file_entropy|many_sections|has_security_directory,has_resource_directory|has_security_directory|overlay_present|high_file_entropy|high_overlay_entropy|many_sections,source_size_bytes|file_entropy|mz_signature|pe_parse_status|pe_machine|pe_characteristics|pe_optional_magic|pe_subsystem|pe_dll_characteristics|pe_number_of_sections|pe_section_names|pe_section_raw_size_total|pe_has_export_directory|pe_has_import_directory|pe_has_resource_directory|pe_has_security_directory|overlay_size|overlay_entropy|overlay_after_security_size|overlay_after_security_entropy,52287344,7.890535,ok,10,.text|.clr_uef|.rdata|.data|.pdata|.didat|section|_rdata|.rsrc|.reloc,true,360,true,1545412,true,12000,42451312,7.997508,0,,false,,0,
blind-01402,1,malicious_label_content_review,overlay_present|high_overlay_entropy|high_file_entropy|many_sections|has_security_directory,has_resource_directory|has_security_directory|overlay_present|high_file_entropy|high_overlay_entropy|many_sections,source_size_bytes|file_entropy|mz_signature|pe_parse_status|pe_machine|pe_characteristics|pe_optional_magic|pe_subsystem|pe_dll_characteristics|pe_number_of_sections|pe_section_names|pe_section_raw_size_total|pe_has_export_directory|pe_has_import_directory|pe_has_resource_directory|pe_has_security_directory|overlay_size|overlay_entropy|overlay_after_security_size|overlay_after_security_entropy,36214056,7.816348,ok,10,.text|.clr_uef|.rdata|.data|.pdata|.didat|section|_rdata|.rsrc|.reloc,true,360,true,1348540,true,11720,26575656,7.997245,0,,false,,0,
blind-01493,1,malicious_label_content_review,overlay_present|high_overlay_entropy|high_file_entropy|many_sections|has_security_directory,has_resource_directory|has_security_directory|overlay_present|high_file_entropy|high_overlay_entropy|many_sections,source_size_bytes|file_entropy|mz_signature|pe_parse_status|pe_machine|pe_characteristics|pe_optional_magic|pe_subsystem|pe_dll_characteristics|pe_number_of_sections|pe_section_names|pe_section_raw_size_total|pe_has_export_directory|pe_has_import_directory|pe_has_resource_directory|pe_has_security_directory|overlay_size|overlay_entropy|overlay_after_security_size|overlay_after_security_entropy,36333184,7.817154,ok,10,.text|.clr_uef|.rdata|.data|.pdata|.didat|section|_rdata|.rsrc|.reloc,true,360,true,1348684,true,10528,26694272,7.997308,0,,false,,0,
blind-01571,1,malicious_label_content_review,overlay_present|high_overlay_entropy|high_file_entropy|many_sections|has_security_directory,has_resource_directory|has_security_directory|overlay_present|high_file_entropy|high_overlay_entropy|many_sections,source_size_bytes|file_entropy|mz_signature|pe_parse_status|pe_machine|pe_characteristics|pe_optional_magic|pe_subsystem|pe_dll_characteristics|pe_number_of_sections|pe_section_names|pe_section_raw_size_total|pe_has_export_directory|pe_has_import_directory|pe_has_resource_directory|pe_has_security_directory|overlay_size|overlay_entropy|overlay_after_security_size|overlay_after_security_entropy,36333296,7.817158,ok,10,.text|.clr_uef|.rdata|.data|.pdata|.didat|section|_rdata|.rsrc|.reloc,true,360,true,1348748,true,10528,26694384,7.997309,0,,false,,0,
blind-01619,1,malicious_label_content_review,overlay_present|high_overlay_entropy|high_file_entropy|many_sections|has_security_directory,has_resource_directory|has_security_directory|overlay_present|high_file_entropy|high_overlay_entropy|many_sections,source_size_bytes|file_entropy|mz_signature|pe_parse_status|pe_machine|pe_characteristics|pe_optional_magic|pe_subsystem|pe_dll_characteristics|pe_number_of_sections|pe_section_names|pe_section_raw_size_total|pe_has_export_directory|pe_has_import_directory|pe_has_resource_directory|pe_has_security_directory|overlay_size|overlay_entropy|overlay_after_security_size|overlay_after_security_entropy,36331464,7.817135,ok,10,.text|.clr_uef|.rdata|.data|.pdata|.didat|section|_rdata|.rsrc|.reloc,true,360,true,1348620,true,10528,26692552,7.997311,0,,false,,0,
blind-01628,1,malicious_label_content_review,overlay_present|high_overlay_entropy|high_file_entropy|many_sections|has_security_directory,has_resource_directory|has_security_directory|overlay_present|high_file_entropy|high_overlay_entropy|many_sections,source_size_bytes|file_entropy|mz_signature|pe_parse_status|pe_machine|pe_characteristics|pe_optional_magic|pe_subsystem|pe_dll_characteristics|pe_number_of_sections|pe_section_names|pe_section_raw_size_total|pe_has_export_directory|pe_has_import_directory|pe_has_resource_directory|pe_has_security_directory|overlay_size|overlay_entropy|overlay_after_security_size|overlay_after_security_entropy,36333216,7.817155,ok,10,.text|.clr_uef|.rdata|.data|.pdata|.didat|section|_rdata|.rsrc|.reloc,true,360,true,1348684,true,10528,26694304,7.997308,0,,false,,0,
blind-01857,1,malicious_label_content_review,overlay_present|high_overlay_entropy|high_file_entropy|many_sections|has_security_directory|large_resource_directory,has_resource_directory|has_security_directory|overlay_present|high_file_entropy|high_overlay_entropy|many_sections,source_size_bytes|file_entropy|mz_signature|pe_parse_status|pe_machine|pe_characteristics|pe_optional_magic|pe_subsystem|pe_dll_characteristics|pe_number_of_sections|pe_section_names|pe_section_raw_size_total|pe_has_export_directory|pe_has_import_directory|pe_has_resource_directory|pe_has_security_directory|overlay_size|overlay_entropy|overlay_after_security_size|overlay_after_security_entropy,10163696,7.557421,ok,8,.text|.data|.tls|.idata|.didata|.edata|.rsrc|.reloc,true,15440,true,5254144,true,9712,9712,7.487521,0,,false,,0,
blind-00964,0,benign_label_content_review,overlay_present|high_overlay_entropy|high_file_entropy|has_security_directory|large_resource_directory|benign_label_malware_like_static_shape,has_resource_directory|has_security_directory|overlay_present|high_overlay_entropy,source_size_bytes|file_entropy|mz_signature|pe_parse_status|pe_machine|pe_characteristics|pe_optional_magic|pe_subsystem|pe_dll_characteristics|pe_number_of_sections|pe_section_names|pe_section_raw_size_total|pe_has_export_directory|pe_has_import_directory|pe_has_resource_directory|pe_has_security_directory|overlay_size|overlay_entropy|overlay_after_security_size|overlay_after_security_entropy,4763488,7.088813,ok,5,.text|.rdata|.data|.rsrc|.reloc,true,60,true,4687576,true,8544,8544,7.395413,0,,false,,0,
blind-01825,0,benign_label_content_review,overlay_present|high_overlay_entropy|high_file_entropy|has_security_directory|large_resource_directory|benign_label_malware_like_static_shape,has_resource_directory|has_security_directory|overlay_present|high_file_entropy|high_overlay_entropy,source_size_bytes|file_entropy|mz_signature|pe_parse_status|pe_machine|pe_characteristics|pe_optional_magic|pe_subsystem|pe_dll_characteristics|pe_number_of_sections|pe_section_names|pe_section_raw_size_total|pe_has_export_directory|pe_has_import_directory|pe_has_resource_directory|pe_has_security_directory|overlay_size|overlay_entropy|overlay_after_security_size|overlay_after_security_entropy,4626496,7.610518,ok,5,.text|.rdata|.data|.rsrc|.reloc,true,320,true,2806628,true,8256,8256,7.507881,0,,false,,0,
blind-00152,0,benign_label_content_review,overlay_present|high_overlay_entropy|post_security_overlay_present|high_post_security_overlay_entropy|benign_label_malware_like_static_shape,has_resource_directory|overlay_present|overlay_after_security_present|high_overlay_entropy,source_size_bytes|file_entropy|mz_signature|pe_parse_status|pe_machine|pe_characteristics|pe_optional_magic|pe_subsystem|pe_dll_characteristics|pe_number_of_sections|pe_section_names|pe_section_raw_size_total|pe_has_export_directory|pe_has_import_directory|pe_has_resource_directory|pe_has_security_directory|overlay_size|overlay_entropy|overlay_after_security_size|overlay_after_security_entropy,1132608,6.490492,ok,7,.text|.rdata|.data|.rsrc|.reloc|.enigma1|.enigma2,true,5180,true,107432,false,0,17472,7.466322,17472,7.466322,false,,0,
blind-01040,0,benign_label_content_review,overlay_present|high_overlay_entropy|post_security_overlay_present|high_post_security_overlay_entropy|benign_label_malware_like_static_shape,has_resource_directory|overlay_present|overlay_after_security_present|high_overlay_entropy,source_size_bytes|file_entropy|mz_signature|pe_parse_status|pe_machine|pe_characteristics|pe_optional_magic|pe_subsystem|pe_dll_characteristics|pe_number_of_sections|pe_section_names|pe_section_raw_size_total|pe_has_export_directory|pe_has_import_directory|pe_has_resource_directory|pe_has_security_directory|overlay_size|overlay_entropy|overlay_after_security_size|overlay_after_security_entropy,779528,6.618836,ok,7,.text|.rdata|.data|.rsrc|.reloc|.enigma1|.enigma2,true,5180,true,2664,false,0,16136,7.419048,16136,7.419048,false,,0,
blind-00021,0,benign_label_content_review,overlay_present|high_overlay_entropy|post_security_overlay_present|high_post_security_overlay_entropy|benign_label_malware_like_static_shape,has_resource_directory|overlay_present|overlay_after_security_present|high_overlay_entropy,source_size_bytes|file_entropy|mz_signature|pe_parse_status|pe_machine|pe_characteristics|pe_optional_magic|pe_subsystem|pe_dll_characteristics|pe_number_of_sections|pe_section_names|pe_section_raw_size_total|pe_has_export_directory|pe_has_import_directory|pe_has_resource_directory|pe_has_security_directory|overlay_size|overlay_entropy|overlay_after_security_size|overlay_after_security_entropy,651440,6.815586,ok,7,.text|.rdata|.data|.rsrc|.reloc|.enigma1|.enigma2,true,5180,true,94384,false,0,16048,7.438619,16048,7.438619,false,,0,
blind-00774,0,benign_label_content_review,overlay_present|high_overlay_entropy|post_security_overlay_present|high_post_security_overlay_entropy|benign_label_malware_like_static_shape,has_resource_directory|overlay_present|overlay_after_security_present|high_overlay_entropy,source_size_bytes|file_entropy|mz_signature|pe_parse_status|pe_machine|pe_characteristics|pe_optional_magic|pe_subsystem|pe_dll_characteristics|pe_number_of_sections|pe_section_names|pe_section_raw_size_total|pe_has_export_directory|pe_has_import_directory|pe_has_resource_directory|pe_has_security_directory|overlay_size|overlay_entropy|overlay_after_security_size|overlay_after_security_entropy,577704,6.636553,ok,6,.text|.rdata|.data|.rsrc|.enigma1|.enigma2,true,5180,true,1416,false,0,16040,7.425405,16040,7.425405,false,,0,
blind-01296,0,benign_label_content_review,overlay_present|high_overlay_entropy|post_security_overlay_present|high_post_security_overlay_entropy|benign_label_malware_like_static_shape,has_resource_directory|overlay_present|overlay_after_security_present|high_overlay_entropy,source_size_bytes|file_entropy|mz_signature|pe_parse_status|pe_machine|pe_characteristics|pe_optional_magic|pe_subsystem|pe_dll_characteristics|pe_number_of_sections|pe_section_names|pe_section_raw_size_total|pe_has_export_directory|pe_has_import_directory|pe_has_resource_directory|pe_has_security_directory|overlay_size|overlay_entropy|overlay_after_security_size|overlay_after_security_entropy,528552,6.686561,ok,6,.text|.rdata|.data|.rsrc|.enigma1|.enigma2,true,5180,true,1352,false,0,16040,7.431574,16040,7.431574,false,,0,
blind-00038,0,benign_label_content_review,overlay_present|high_overlay_entropy|post_security_overlay_present|high_post_security_overlay_entropy|benign_label_malware_like_static_shape,has_resource_directory|overlay_present|overlay_after_security_present|high_overlay_entropy,source_size_bytes|file_entropy|mz_signature|pe_parse_status|pe_machine|pe_characteristics|pe_optional_magic|pe_subsystem|pe_dll_characteristics|pe_number_of_sections|pe_section_names|pe_section_raw_size_total|pe_has_export_directory|pe_has_import_directory|pe_has_resource_directory|pe_has_security_directory|overlay_size|overlay_entropy|overlay_after_security_size|overlay_after_security_entropy,657056,6.667400,ok,7,.text|.rdata|.data|.rsrc|.reloc|.enigma1|.enigma2,true,5180,true,1416,false,0,16032,7.427653,16032,7.427653,false,,0,
blind-00684,0,benign_label_content_review,overlay_present|high_overlay_entropy|post_security_overlay_present|high_post_security_overlay_entropy|benign_label_malware_like_static_shape,has_resource_directory|overlay_present|overlay_after_security_present|high_overlay_entropy,source_size_bytes|file_entropy|mz_signature|pe_parse_status|pe_machine|pe_characteristics|pe_optional_magic|pe_subsystem|pe_dll_characteristics|pe_number_of_sections|pe_section_names|pe_section_raw_size_total|pe_has_export_directory|pe_has_import_directory|pe_has_resource_directory|pe_has_security_directory|overlay_size|overlay_entropy|overlay_after_security_size|overlay_after_security_entropy,524960,6.683562,ok,6,.text|.rdata|.data|.rsrc|.enigma1|.enigma2,true,5180,true,1376,false,0,16032,7.429371,16032,7.429371,false,,0,
blind-01000,0,benign_label_content_review,overlay_present|high_overlay_entropy|post_security_overlay_present|high_post_security_overlay_entropy|benign_label_malware_like_static_shape,has_resource_directory|overlay_present|overlay_after_security_present|high_overlay_entropy,source_size_bytes|file_entropy|mz_signature|pe_parse_status|pe_machine|pe_characteristics|pe_optional_magic|pe_subsystem|pe_dll_characteristics|pe_number_of_sections|pe_section_names|pe_section_raw_size_total|pe_has_export_directory|pe_has_import_directory|pe_has_resource_directory|pe_has_security_directory|overlay_size|overlay_entropy|overlay_after_security_size|overlay_after_security_entropy,3125920,6.329706,ok,7,.text|.rdata|.data|.rsrc|.reloc|.enigma1|.enigma2,true,5180,true,1669184,false,0,16032,7.432676,16032,7.432676,false,,0,
blind-01084,0,benign_label_content_review,overlay_present|high_overlay_entropy|post_security_overlay_present|high_post_security_overlay_entropy|benign_label_malware_like_static_shape,has_resource_directory|overlay_present|overlay_after_security_present|high_overlay_entropy,source_size_bytes|file_entropy|mz_signature|pe_parse_status|pe_machine|pe_characteristics|pe_optional_magic|pe_subsystem|pe_dll_characteristics|pe_number_of_sections|pe_section_names|pe_section_raw_size_total|pe_has_export_directory|pe_has_import_directory|pe_has_resource_directory|pe_has_security_directory|overlay_size|overlay_entropy|overlay_after_security_size|overlay_after_security_entropy,567968,6.642866,ok,6,.text|.rdata|.data|.rsrc|.enigma1|.enigma2,true,5180,true,1352,false,0,16032,7.426755,16032,7.426755,false,,0,
blind-01689,0,benign_label_content_review,overlay_present|high_overlay_entropy|post_security_overlay_present|high_post_security_overlay_entropy|benign_label_malware_like_static_shape,has_resource_directory|overlay_present|overlay_after_security_present|high_overlay_entropy,source_size_bytes|file_entropy|mz_signature|pe_parse_status|pe_machine|pe_characteristics|pe_optional_magic|pe_subsystem|pe_dll_characteristics|pe_number_of_sections|pe_section_names|pe_section_raw_size_total|pe_has_export_directory|pe_has_import_directory|pe_has_resource_directory|pe_has_security_directory|overlay_size|overlay_entropy|overlay_after_security_size|overlay_after_security_entropy,550560,6.739859,ok,7,.text|.rdata|.data|.rsrc|.reloc|.enigma1|.enigma2,true,5180,true,1416,false,0,16032,7.421713,16032,7.421713,false,,0,
blind-01411,0,benign_label_content_review,overlay_present|high_overlay_entropy|post_security_overlay_present|high_post_security_overlay_entropy|benign_label_malware_like_static_shape,has_resource_directory|overlay_present|overlay_after_security_present|high_overlay_entropy,source_size_bytes|file_entropy|mz_signature|pe_parse_status|pe_machine|pe_characteristics|pe_optional_magic|pe_subsystem|pe_dll_characteristics|pe_number_of_sections|pe_section_names|pe_section_raw_size_total|pe_has_export_directory|pe_has_import_directory|pe_has_resource_directory|pe_has_security_directory|overlay_size|overlay_entropy|overlay_after_security_size|overlay_after_security_entropy,544920,6.733788,ok,7,.text|.rdata|.data|.rsrc|.reloc|.enigma1|.enigma2,true,5180,true,1328,false,0,16024,7.428186,16024,7.428186,false,,0,
blind-01595,0,benign_label_content_review,overlay_present|high_overlay_entropy|post_security_overlay_present|high_post_security_overlay_entropy|benign_label_malware_like_static_shape,has_resource_directory|overlay_present|overlay_after_security_present|high_overlay_entropy,source_size_bytes|file_entropy|mz_signature|pe_parse_status|pe_machine|pe_characteristics|pe_optional_magic|pe_subsystem|pe_dll_characteristics|pe_number_of_sections|pe_section_names|pe_section_raw_size_total|pe_has_export_directory|pe_has_import_directory|pe_has_resource_directory|pe_has_security_directory|overlay_size|overlay_entropy|overlay_after_security_size|overlay_after_security_entropy,1047192,6.458851,ok,7,.text|.rdata|.data|.rsrc|.reloc|.enigma1|.enigma2,true,5180,true,107432,false,0,16024,7.433747,16024,7.433747,false,,0,
blind-00011,0,benign_label_content_review,overlay_present|high_overlay_entropy|post_security_overlay_present|high_post_security_overlay_entropy|benign_label_malware_like_static_shape,has_resource_directory|overlay_present|overlay_after_security_present|high_overlay_entropy,source_size_bytes|file_entropy|mz_signature|pe_parse_status|pe_machine|pe_characteristics|pe_optional_magic|pe_subsystem|pe_dll_characteristics|pe_number_of_sections|pe_section_names|pe_section_raw_size_total|pe_has_export_directory|pe_has_import_directory|pe_has_resource_directory|pe_has_security_directory|overlay_size|overlay_entropy|overlay_after_security_size|overlay_after_security_entropy,1045128,6.602116,ok,7,.text|.rdata|.data|.rsrc|.reloc|.enigma1|.enigma2,true,5180,true,363352,false,0,16008,7.427241,16008,7.427241,false,,0,
blind-00398,0,benign_label_content_review,overlay_present|high_overlay_entropy|post_security_overlay_present|high_post_security_overlay_entropy|benign_label_malware_like_static_shape,has_resource_directory|overlay_present|overlay_after_security_present|high_overlay_entropy,source_size_bytes|file_entropy|mz_signature|pe_parse_status|pe_machine|pe_characteristics|pe_optional_magic|pe_subsystem|pe_dll_characteristics|pe_number_of_sections|pe_section_names|pe_section_raw_size_total|pe_has_export_directory|pe_has_import_directory|pe_has_resource_directory|pe_has_security_directory|overlay_size|overlay_entropy|overlay_after_security_size|overlay_after_security_entropy,570480,6.731395,ok,7,.text|.rdata|.data|.rsrc|.reloc|.enigma1|.enigma2,true,5180,true,1344,false,0,15984,7.433373,15984,7.433373,false,,0,
blind-01266,0,benign_label_content_review,overlay_present|high_overlay_entropy|post_security_overlay_present|high_post_security_overlay_entropy|benign_label_malware_like_static_shape,has_resource_directory|overlay_present|overlay_after_security_present|high_overlay_entropy,source_size_bytes|file_entropy|mz_signature|pe_parse_status|pe_machine|pe_characteristics|pe_optional_magic|pe_subsystem|pe_dll_characteristics|pe_number_of_sections|pe_section_names|pe_section_raw_size_total|pe_has_export_directory|pe_has_import_directory|pe_has_resource_directory|pe_has_security_directory|overlay_size|overlay_entropy|overlay_after_security_size|overlay_after_security_entropy,96878,6.031994,ok,5,.text|.rdata|.data|.ndata|.rsrc,true,160,true,46592,false,0,15982,7.988417,15982,7.988417,false,,0,
blind-01806,1,malicious_label_content_review,overlay_present|high_overlay_entropy|high_file_entropy|many_sections|has_security_directory,has_security_directory|overlay_present|high_file_entropy|high_overlay_entropy|many_sections,source_size_bytes|file_entropy|mz_signature|pe_parse_status|pe_machine|pe_characteristics|pe_optional_magic|pe_subsystem|pe_dll_characteristics|pe_number_of_sections|pe_section_names|pe_section_raw_size_total|pe_has_export_directory|pe_has_import_directory|pe_has_resource_directory|pe_has_security_directory|overlay_size|overlay_entropy|overlay_after_security_size|overlay_after_security_entropy,69570392,7.997218,ok,9,.text|.data|.rdata|.pdata|.xdata|.bss|.idata|.crt|.tls,true,7352,false,0,true,11776,68519768,7.998424,0,,false,,0,
blind-00015,0,benign_label_content_review,overlay_present|high_overlay_entropy|high_file_entropy|has_security_directory|large_resource_directory|benign_label_malware_like_static_shape,has_resource_directory|has_security_directory|overlay_present|high_file_entropy|high_overlay_entropy,source_size_bytes|file_entropy|mz_signature|pe_parse_status|pe_machine|pe_characteristics|pe_optional_magic|pe_subsystem|pe_dll_characteristics|pe_number_of_sections|pe_section_names|pe_section_raw_size_total|pe_has_export_directory|pe_has_import_directory|pe_has_resource_directory|pe_has_security_directory|overlay_size|overlay_entropy|overlay_after_security_size|overlay_after_security_entropy,3175832,7.995340,ok,3,.text|.data|.rsrc,true,140,true,3127852,true,6040,6040,7.371543,0,,false,,0,
blind-00066,0,benign_label_content_review,overlay_present|high_overlay_entropy|post_security_overlay_present|high_post_security_overlay_entropy|benign_label_malware_like_static_shape,has_resource_directory|overlay_present|overlay_after_security_present|high_overlay_entropy,source_size_bytes|file_entropy|mz_signature|pe_parse_status|pe_machine|pe_characteristics|pe_optional_magic|pe_subsystem|pe_dll_characteristics|pe_number_of_sections|pe_section_names|pe_section_raw_size_total|pe_has_export_directory|pe_has_import_directory|pe_has_resource_directory|pe_has_security_directory|overlay_size|overlay_entropy|overlay_after_security_size|overlay_after_security_entropy,2057320,6.729994,ok,6,.text|.rdata|.data|.rsrc|.enigma1|.enigma2,true,5180,true,41400,false,0,13416,7.341277,13416,7.341277,false,,0,
blind-00039,0,benign_label_content_review,overlay_present|high_overlay_entropy|high_file_entropy|has_security_directory|benign_label_malware_like_static_shape,has_resource_directory|has_security_directory|overlay_present|high_file_entropy|high_overlay_entropy,source_size_bytes|file_entropy|mz_signature|pe_parse_status|pe_machine|pe_characteristics|pe_optional_magic|pe_subsystem|pe_dll_characteristics|pe_number_of_sections|pe_section_names|pe_section_raw_size_total|pe_has_export_directory|pe_has_import_directory|pe_has_resource_directory|pe_has_security_directory|overlay_size|overlay_entropy|overlay_after_security_size|overlay_after_security_entropy,12439728,7.994938,ok,7,.text|.rdata|.data|.pdata|_rdata|.rsrc|.reloc,true,120,true,62500,true,9640,12106928,7.998393,0,,false,,0,
blind-00082,0,benign_label_content_review,overlay_present|high_overlay_entropy|high_file_entropy|has_security_directory|benign_label_malware_like_static_shape,has_resource_directory|has_security_directory|overlay_present|high_file_entropy|high_overlay_entropy,source_size_bytes|file_entropy|mz_signature|pe_parse_status|pe_machine|pe_characteristics|pe_optional_magic|pe_subsystem|pe_dll_characteristics|pe_number_of_sections|pe_section_names|pe_section_raw_size_total|pe_has_export_directory|pe_has_import_directory|pe_has_resource_directory|pe_has_security_directory|overlay_size|overlay_entropy|overlay_after_security_size|overlay_after_security_entropy,3219511,7.982494,ok,5,.text|.rdata|.data|.ndata|.rsrc,true,160,true,64984,true,10264,3119159,7.997969,0,,false,,0,
blind-00140,0,benign_label_content_review,overlay_present|high_overlay_entropy|high_file_entropy|has_security_directory|benign_label_malware_like_static_shape,has_resource_directory|has_security_directory|overlay_present|high_file_entropy|high_overlay_entropy,source_size_bytes|file_entropy|mz_signature|pe_parse_status|pe_machine|pe_characteristics|pe_optional_magic|pe_subsystem|pe_dll_characteristics|pe_number_of_sections|pe_section_names|pe_section_raw_size_total|pe_has_export_directory|pe_has_import_directory|pe_has_resource_directory|pe_has_security_directory|overlay_size|overlay_entropy|overlay_after_security_size|overlay_after_security_entropy,2612832,7.974924,ok,3,upx0|upx1|.rsrc,true,532,true,136016,true,10560,2451552,7.999920,0,,false,,0,
blind-00228,0,benign_label_content_review,overlay_present|high_overlay_entropy|high_file_entropy|has_security_directory|benign_label_malware_like_static_shape,has_resource_directory|has_security_directory|overlay_present|high_file_entropy|high_overlay_entropy,source_size_bytes|file_entropy|mz_signature|pe_parse_status|pe_machine|pe_characteristics|pe_optional_magic|pe_subsystem|pe_dll_characteristics|pe_number_of_sections|pe_section_names|pe_section_raw_size_total|pe_has_export_directory|pe_has_import_directory|pe_has_resource_directory|pe_has_security_directory|overlay_size|overlay_entropy|overlay_after_security_size|overlay_after_security_entropy,34379944,7.998220,ok,7,.text|.rdata|.data|.pdata|_rdata|.rsrc|.reloc,true,120,true,62500,true,9640,34047144,7.999153,0,,false,,0,
blind-00349,1,malicious_label_content_review,overlay_present|high_overlay_entropy|high_file_entropy|has_security_directory|large_resource_directory,has_resource_directory|has_security_directory|overlay_present,source_size_bytes|file_entropy|mz_signature|pe_parse_status|pe_machine|pe_characteristics|pe_optional_magic|pe_subsystem|pe_dll_characteristics|pe_number_of_sections|pe_section_names|pe_section_raw_size_total|pe_has_export_directory|pe_has_import_directory|pe_has_resource_directory|pe_has_security_directory|overlay_size|overlay_entropy|overlay_after_security_size|overlay_after_security_entropy,10554544,7.071413,ok,5,.text|.rdata|.data|.rsrc|.reloc,true,380,true,2472233,true,15008,3927728,7.077550,0,,false,,0,
blind-00408,0,benign_label_content_review,overlay_present|high_overlay_entropy|high_file_entropy|has_security_directory|benign_label_malware_like_static_shape,has_resource_directory|has_security_directory|overlay_present|high_file_entropy|high_overlay_entropy,source_size_bytes|file_entropy|mz_signature|pe_parse_status|pe_machine|pe_characteristics|pe_optional_magic|pe_subsystem|pe_dll_characteristics|pe_number_of_sections|pe_section_names|pe_section_raw_size_total|pe_has_export_directory|pe_has_import_directory|pe_has_resource_directory|pe_has_security_directory|overlay_size|overlay_entropy|overlay_after_security_size|overlay_after_security_entropy,649688,7.942469,ok,5,.text|.rdata|.data|.ndata|.rsrc,true,160,true,45808,true,22208,569304,7.998826,0,,false,,0,
blind-00458,0,benign_label_content_review,overlay_present|high_overlay_entropy|high_file_entropy|has_security_directory|benign_label_malware_like_static_shape,has_resource_directory|has_security_directory|overlay_present|high_file_entropy|high_overlay_entropy,source_size_bytes|file_entropy|mz_signature|pe_parse_status|pe_machine|pe_characteristics|pe_optional_magic|pe_subsystem|pe_dll_characteristics|pe_number_of_sections|pe_section_names|pe_section_raw_size_total|pe_has_export_directory|pe_has_import_directory|pe_has_resource_directory|pe_has_security_directory|overlay_size|overlay_entropy|overlay_after_security_size|overlay_after_security_entropy,38063352,7.999530,ok,5,.text|.rdata|.data|.ndata|.rsrc,true,160,true,169992,true,10280,37858552,7.999995,0,,false,,0,
blind-00514,0,benign_label_content_review,overlay_present|high_overlay_entropy|high_file_entropy|has_security_directory|benign_label_malware_like_static_shape,has_resource_directory|has_security_directory|overlay_present|high_file_entropy|high_overlay_entropy,source_size_bytes|file_entropy|mz_signature|pe_parse_status|pe_machine|pe_characteristics|pe_optional_magic|pe_subsystem|pe_dll_characteristics|pe_number_of_sections|pe_section_names|pe_section_raw_size_total|pe_has_export_directory|pe_has_import_directory|pe_has_resource_directory|pe_has_security_directory|overlay_size|overlay_entropy|overlay_after_security_size|overlay_after_security_entropy,1829000,7.795341,ok,5,.text|.rdata|.data|.ndata|.rsrc,true,160,true,274008,true,13584,1519752,7.998464,0,,false,,0,
blind-00586,0,benign_label_content_review,overlay_present|high_overlay_entropy|high_file_entropy|has_security_directory|benign_label_malware_like_static_shape,has_resource_directory|has_security_directory|overlay_present|high_file_entropy|high_overlay_entropy,source_size_bytes|file_entropy|mz_signature|pe_parse_status|pe_machine|pe_characteristics|pe_optional_magic|pe_subsystem|pe_dll_characteristics|pe_number_of_sections|pe_section_names|pe_section_raw_size_total|pe_has_export_directory|pe_has_import_directory|pe_has_resource_directory|pe_has_security_directory|overlay_size|overlay_entropy|overlay_after_security_size|overlay_after_security_entropy,930088,7.889119,ok,5,.text|.rdata|.data|.ndata|.rsrc,true,180,true,95512,true,16768,803624,7.999511,0,,false,,0,
blind-00603,0,benign_label_content_review,overlay_present|high_overlay_entropy|high_file_entropy|has_security_directory|benign_label_malware_like_static_shape,has_resource_directory|has_security_directory|overlay_present|high_file_entropy|high_overlay_entropy,source_size_bytes|file_entropy|mz_signature|pe_parse_status|pe_machine|pe_characteristics|pe_optional_magic|pe_subsystem|pe_dll_characteristics|pe_number_of_sections|pe_section_names|pe_section_raw_size_total|pe_has_export_directory|pe_has_import_directory|pe_has_resource_directory|pe_has_security_directory|overlay_size|overlay_entropy|overlay_after_security_size|overlay_after_security_entropy,18906032,7.993033,ok,6,.text|.rdata|.data|.gfids|.rsrc|.reloc,true,40,true,213816,true,14736,18451376,7.999759,0,,false,,0,
blind-00606,0,benign_label_content_review,overlay_present|high_overlay_entropy|high_file_entropy|has_security_directory|benign_label_malware_like_static_shape,has_resource_directory|has_security_directory|overlay_present|high_file_entropy|high_overlay_entropy,source_size_bytes|file_entropy|mz_signature|pe_parse_status|pe_machine|pe_characteristics|pe_optional_magic|pe_subsystem|pe_dll_characteristics|pe_number_of_sections|pe_section_names|pe_section_raw_size_total|pe_has_export_directory|pe_has_import_directory|pe_has_resource_directory|pe_has_security_directory|overlay_size|overlay_entropy|overlay_after_security_size|overlay_after_security_entropy,1828672,7.795244,ok,5,.text|.rdata|.data|.ndata|.rsrc,true,160,true,274008,true,13256,1519424,7.998462,0,,false,,0,
blind-00652,0,benign_label_content_review,overlay_present|high_overlay_entropy|high_file_entropy|has_security_directory|benign_label_malware_like_static_shape,has_resource_directory|has_security_directory|overlay_present|high_file_entropy|high_overlay_entropy,source_size_bytes|file_entropy|mz_signature|pe_parse_status|pe_machine|pe_characteristics|pe_optional_magic|pe_subsystem|pe_dll_characteristics|pe_number_of_sections|pe_section_names|pe_section_raw_size_total|pe_has_export_directory|pe_has_import_directory|pe_has_resource_directory|pe_has_security_directory|overlay_size|overlay_entropy|overlay_after_security_size|overlay_after_security_entropy,66398752,7.999929,ok,3,upx0|upx1|.rsrc,true,180,true,123332,true,13656,66207776,7.999997,0,,false,,0,
blind-00732,0,benign_label_content_review,overlay_present|high_overlay_entropy|high_file_entropy|has_security_directory|benign_label_malware_like_static_shape,has_resource_directory|has_security_directory|overlay_present|high_file_entropy|high_overlay_entropy,source_size_bytes|file_entropy|mz_signature|pe_parse_status|pe_machine|pe_characteristics|pe_optional_magic|pe_subsystem|pe_dll_characteristics|pe_number_of_sections|pe_section_names|pe_section_raw_size_total|pe_has_export_directory|pe_has_import_directory|pe_has_resource_directory|pe_has_security_directory|overlay_size|overlay_entropy|overlay_after_security_size|overlay_after_security_entropy,915128,7.980474,ok,5,.text|.rdata|.data|.ndata|.rsrc,true,180,true,17320,true,7928,866488,7.998283,0,,false,,0,
blind-00765,0,benign_label_content_review,overlay_present|high_overlay_entropy|high_file_entropy|has_security_directory|benign_label_malware_like_static_shape,has_resource_directory|has_security_directory|overlay_present|high_file_entropy|high_overlay_entropy,source_size_bytes|file_entropy|mz_signature|pe_parse_status|pe_machine|pe_characteristics|pe_optional_magic|pe_subsystem|pe_dll_characteristics|pe_number_of_sections|pe_section_names|pe_section_raw_size_total|pe_has_export_directory|pe_has_import_directory|pe_has_resource_directory|pe_has_security_directory|overlay_size|overlay_entropy|overlay_after_security_size|overlay_after_security_entropy,314048,7.926717,ok,5,.text|.rdata|.data|.ndata|.rsrc,true,180,true,3880,true,14712,276160,7.996752,0,,false,,0,
blind-00823,0,benign_label_content_review,overlay_present|high_overlay_entropy|high_file_entropy|has_security_directory|benign_label_malware_like_static_shape,has_resource_directory|has_security_directory|overlay_present|high_file_entropy|high_overlay_entropy,source_size_bytes|file_entropy|mz_signature|pe_parse_status|pe_machine|pe_characteristics|pe_optional_magic|pe_subsystem|pe_dll_characteristics|pe_number_of_sections|pe_section_names|pe_section_raw_size_total|pe_has_export_directory|pe_has_import_directory|pe_has_resource_directory|pe_has_security_directory|overlay_size|overlay_entropy|overlay_after_security_size|overlay_after_security_entropy,4287808,7.998659,ok,5,.text|.rdata|.data|.ndata|.rsrc,true,160,true,15792,true,19136,4235584,7.999942,0,,false,,0,
blind-00880,0,benign_label_content_review,overlay_present|high_overlay_entropy|high_file_entropy|has_security_directory|benign_label_malware_like_static_shape,has_resource_directory|has_security_directory|overlay_present|high_file_entropy|high_overlay_entropy,source_size_bytes|file_entropy|mz_signature|pe_parse_status|pe_machine|pe_characteristics|pe_optional_magic|pe_subsystem|pe_dll_characteristics|pe_number_of_sections|pe_section_names|pe_section_raw_size_total|pe_has_export_directory|pe_has_import_directory|pe_has_resource_directory|pe_has_security_directory|overlay_size|overlay_entropy|overlay_after_security_size|overlay_after_security_entropy,44731104,7.999960,ok,5,.text|.rdata|.data|.ndata|.rsrc,true,160,true,87040,true,14240,44609760,7.999995,0,,false,,0,
blind-01109,0,benign_label_content_review,overlay_present|high_overlay_entropy|high_file_entropy|has_security_directory|benign_label_malware_like_static_shape,has_resource_directory|has_security_directory|overlay_present|high_file_entropy|high_overlay_entropy,source_size_bytes|file_entropy|mz_signature|pe_parse_status|pe_machine|pe_characteristics|pe_optional_magic|pe_subsystem|pe_dll_characteristics|pe_number_of_sections|pe_section_names|pe_section_raw_size_total|pe_has_export_directory|pe_has_import_directory|pe_has_resource_directory|pe_has_security_directory|overlay_size|overlay_entropy|overlay_after_security_size|overlay_after_security_entropy,1870888,7.944300,ok,5,.text|.rdata|.data|.ndata|.rsrc,true,160,true,766496,true,12096,1069096,7.997724,0,,false,,0,
blind-01145,1,malicious_label_content_review,overlay_present|high_overlay_entropy|high_file_entropy|many_sections|has_security_directory,has_resource_directory|has_security_directory|overlay_present|high_file_entropy|high_overlay_entropy|many_sections,source_size_bytes|file_entropy|mz_signature|pe_parse_status|pe_machine|pe_characteristics|pe_optional_magic|pe_subsystem|pe_dll_characteristics|pe_number_of_sections|pe_section_names|pe_section_raw_size_total|pe_has_export_directory|pe_has_import_directory|pe_has_resource_directory|pe_has_security_directory|overlay_size|overlay_entropy|overlay_after_security_size|overlay_after_security_entropy,2598928,7.938055,ok,8,.text|.rdata|.data|.pdata|.didat|_rdata|.rsrc|.reloc,true,60,true,83604,true,12048,2205200,7.999002,0,,false,,0,
blind-01185,0,benign_label_content_review,overlay_present|high_overlay_entropy|high_file_entropy|has_security_directory|benign_label_malware_like_static_shape,has_resource_directory|has_security_directory|overlay_present|high_file_entropy|high_overlay_entropy,source_size_bytes|file_entropy|mz_signature|pe_parse_status|pe_machine|pe_characteristics|pe_optional_magic|pe_subsystem|pe_dll_characteristics|pe_number_of_sections|pe_section_names|pe_section_raw_size_total|pe_has_export_directory|pe_has_import_directory|pe_has_resource_directory|pe_has_security_directory|overlay_size|overlay_entropy|overlay_after_security_size|overlay_after_security_entropy,209136,7.865654,ok,5,.text|.rdata|.data|.ndata|.rsrc,true,180,true,3880,true,11184,171248,7.996165,0,,false,,0,
blind-01313,0,benign_label_content_review,overlay_present|high_overlay_entropy|high_file_entropy|has_security_directory|benign_label_malware_like_static_shape,has_resource_directory|has_security_directory|overlay_present|high_file_entropy|high_overlay_entropy,source_size_bytes|file_entropy|mz_signature|pe_parse_status|pe_machine|pe_characteristics|pe_optional_magic|pe_subsystem|pe_dll_characteristics|pe_number_of_sections|pe_section_names|pe_section_raw_size_total|pe_has_export_directory|pe_has_import_directory|pe_has_resource_directory|pe_has_security_directory|overlay_size|overlay_entropy|overlay_after_security_size|overlay_after_security_entropy,411924,7.965338,ok,5,.text|.rdata|.data|.ndata|.rsrc,true,180,true,20512,true,11728,361236,7.999374,0,,false,,0,
blind-01379,0,benign_label_content_review,overlay_present|high_overlay_entropy|high_file_entropy|has_security_directory|benign_label_malware_like_static_shape,has_resource_directory|has_security_directory|overlay_present|high_overlay_entropy,source_size_bytes|file_entropy|mz_signature|pe_parse_status|pe_machine|pe_characteristics|pe_optional_magic|pe_subsystem|pe_dll_characteristics|pe_number_of_sections|pe_section_names|pe_section_raw_size_total|pe_has_export_directory|pe_has_import_directory|pe_has_resource_directory|pe_has_security_directory|overlay_size|overlay_entropy|overlay_after_security_size|overlay_after_security_entropy,546712,7.127192,ok,7,.text|.rdata|.data|.wixburn|.tls|.rsrc|.reloc,true,300,true,36628,true,6032,139672,7.995829,0,,false,,0,
blind-01439,0,benign_label_content_review,overlay_present|high_overlay_entropy|high_file_entropy|has_security_directory|benign_label_malware_like_static_shape,has_resource_directory|has_security_directory|overlay_present|high_file_entropy|high_overlay_entropy,source_size_bytes|file_entropy|mz_signature|pe_parse_status|pe_machine|pe_characteristics|pe_optional_magic|pe_subsystem|pe_dll_characteristics|pe_number_of_sections|pe_section_names|pe_section_raw_size_total|pe_has_export_directory|pe_has_import_directory|pe_has_resource_directory|pe_has_security_directory|overlay_size|overlay_entropy|overlay_after_security_size|overlay_after_security_entropy,19532224,7.995991,ok,7,.text|.rdata|.data|.pdata|_rdata|.rsrc|.reloc,true,120,true,62500,true,9640,19199424,7.997921,0,,false,,0,
blind-01449,0,benign_label_content_review,overlay_present|high_overlay_entropy|high_file_entropy|has_security_directory|benign_label_malware_like_static_shape,has_resource_directory|has_security_directory|overlay_present|high_file_entropy|high_overlay_entropy,source_size_bytes|file_entropy|mz_signature|pe_parse_status|pe_machine|pe_characteristics|pe_optional_magic|pe_subsystem|pe_dll_characteristics|pe_number_of_sections|pe_section_names|pe_section_raw_size_total|pe_has_export_directory|pe_has_import_directory|pe_has_resource_directory|pe_has_security_directory|overlay_size|overlay_entropy|overlay_after_security_size|overlay_after_security_entropy,940864,7.977060,ok,6,.text|.rdata|.data|.ndata|.rsrc|.reloc,true,180,true,4976,true,6464,890688,7.999633,0,,false,,0,
blind-01517,0,benign_label_content_review,overlay_present|high_overlay_entropy|high_file_entropy|has_security_directory|benign_label_malware_like_static_shape,has_resource_directory|has_security_directory|overlay_present|high_file_entropy|high_overlay_entropy,source_size_bytes|file_entropy|mz_signature|pe_parse_status|pe_machine|pe_characteristics|pe_optional_magic|pe_subsystem|pe_dll_characteristics|pe_number_of_sections|pe_section_names|pe_section_raw_size_total|pe_has_export_directory|pe_has_import_directory|pe_has_resource_directory|pe_has_security_directory|overlay_size|overlay_entropy|overlay_after_security_size|overlay_after_security_entropy,1162272,7.980138,ok,5,.text|.rdata|.data|.ndata|.rsrc,true,160,true,17552,true,10624,1103904,7.999792,0,,false,,0,
blind-01646,0,benign_label_content_review,overlay_present|high_overlay_entropy|high_file_entropy|has_security_directory|benign_label_malware_like_static_shape,has_resource_directory|has_security_directory|overlay_present|high_file_entropy|high_overlay_entropy,source_size_bytes|file_entropy|mz_signature|pe_parse_status|pe_machine|pe_characteristics|pe_optional_magic|pe_subsystem|pe_dll_characteristics|pe_number_of_sections|pe_section_names|pe_section_raw_size_total|pe_has_export_directory|pe_has_import_directory|pe_has_resource_directory|pe_has_security_directory|overlay_size|overlay_entropy|overlay_after_security_size|overlay_after_security_entropy,848368,7.548148,ok,5,.text|.rdata|.data|.ndata|.rsrc,true,160,true,174448,true,10800,640496,7.998143,0,,false,,0,
blind-01692,0,benign_label_content_review,overlay_present|high_overlay_entropy|high_file_entropy|has_security_directory|benign_label_malware_like_static_shape,has_resource_directory|has_security_directory|overlay_present|high_file_entropy|high_overlay_entropy,source_size_bytes|file_entropy|mz_signature|pe_parse_status|pe_machine|pe_characteristics|pe_optional_magic|pe_subsystem|pe_dll_characteristics|pe_number_of_sections|pe_section_names|pe_section_raw_size_total|pe_has_export_directory|pe_has_import_directory|pe_has_resource_directory|pe_has_security_directory|overlay_size|overlay_entropy|overlay_after_security_size|overlay_after_security_entropy,267696,7.616493,ok,5,.text|.rdata|.data|.ndata|.rsrc,true,160,true,49128,true,12136,184752,7.997057,0,,false,,0,
blind-01851,1,malicious_label_content_review,overlay_present|high_overlay_entropy|high_file_entropy|has_security_directory|large_resource_directory,has_resource_directory|has_security_directory|overlay_present|high_file_entropy|high_overlay_entropy,source_size_bytes|file_entropy|mz_signature|pe_parse_status|pe_machine|pe_characteristics|pe_optional_magic|pe_subsystem|pe_dll_characteristics|pe_number_of_sections|pe_section_names|pe_section_raw_size_total|pe_has_export_directory|pe_has_import_directory|pe_has_resource_directory|pe_has_security_directory|overlay_size|overlay_entropy|overlay_after_security_size|overlay_after_security_entropy,64193417,7.999629,ok,5,.text|.rdata|.data|.ndata|.rsrc,true,160,true,23298707,true,10560,40851337,7.999994,0,,false,,0,
blind-00003,0,benign_label_content_review,overlay_present|high_overlay_entropy|post_security_overlay_present|high_post_security_overlay_entropy|benign_label_malware_like_static_shape,has_resource_directory|overlay_present|overlay_after_security_present|high_overlay_entropy,source_size_bytes|file_entropy|mz_signature|pe_parse_status|pe_machine|pe_characteristics|pe_optional_magic|pe_subsystem|pe_dll_characteristics|pe_number_of_sections|pe_section_names|pe_section_raw_size_total|pe_has_export_directory|pe_has_import_directory|pe_has_resource_directory|pe_has_security_directory|overlay_size|overlay_entropy|overlay_after_security_size|overlay_after_security_entropy,77520,6.341869,ok,4,.text|.rdata|.data|.rsrc,true,240,true,13724,false,0,11984,7.421695,11984,7.421695,false,,0,
blind-00487,0,benign_label_content_review,overlay_present|high_overlay_entropy|post_security_overlay_present|high_post_security_overlay_entropy|benign_label_malware_like_static_shape,has_resource_directory|overlay_present|overlay_after_security_present|high_overlay_entropy,source_size_bytes|file_entropy|mz_signature|pe_parse_status|pe_machine|pe_characteristics|pe_optional_magic|pe_subsystem|pe_dll_characteristics|pe_number_of_sections|pe_section_names|pe_section_raw_size_total|pe_has_export_directory|pe_has_import_directory|pe_has_resource_directory|pe_has_security_directory|overlay_size|overlay_entropy|overlay_after_security_size|overlay_after_security_entropy,466640,6.661911,ok,6,.text|.rdata|.data|.rsrc|.enigma1|.enigma2,true,5180,true,13724,false,0,11984,7.421695,11984,7.421695,false,,0,
blind-00727,0,benign_label_content_review,overlay_present|high_overlay_entropy|post_security_overlay_present|high_post_security_overlay_entropy|benign_label_malware_like_static_shape,has_resource_directory|overlay_present|overlay_after_security_present|high_overlay_entropy,source_size_bytes|file_entropy|mz_signature|pe_parse_status|pe_machine|pe_characteristics|pe_optional_magic|pe_subsystem|pe_dll_characteristics|pe_number_of_sections|pe_section_names|pe_section_raw_size_total|pe_has_export_directory|pe_has_import_directory|pe_has_resource_directory|pe_has_security_directory|overlay_size|overlay_entropy|overlay_after_security_size|overlay_after_security_entropy,124624,6.291598,ok,4,.text|.rdata|.data|.rsrc,true,200,true,36584,false,0,11984,7.418686,11984,7.418686,false,,0,
blind-01777,0,benign_label_content_review,overlay_present|high_overlay_entropy|post_security_overlay_present|high_post_security_overlay_entropy|benign_label_malware_like_static_shape,has_resource_directory|overlay_present|overlay_after_security_present|high_overlay_entropy,source_size_bytes|file_entropy|mz_signature|pe_parse_status|pe_machine|pe_characteristics|pe_optional_magic|pe_subsystem|pe_dll_characteristics|pe_number_of_sections|pe_section_names|pe_section_raw_size_total|pe_has_export_directory|pe_has_import_directory|pe_has_resource_directory|pe_has_security_directory|overlay_size|overlay_entropy|overlay_after_security_size|overlay_after_security_entropy,93904,5.607791,ok,4,.text|.rdata|.data|.rsrc,true,200,true,12784,false,0,11984,7.420137,11984,7.420137,false,,0,
blind-00531,0,benign_label_content_review,overlay_present|high_overlay_entropy|many_sections|has_security_directory|large_resource_directory|benign_label_malware_like_static_shape,has_resource_directory|has_security_directory|overlay_present|high_overlay_entropy|many_sections,source_size_bytes|file_entropy|mz_signature|pe_parse_status|pe_machine|pe_characteristics|pe_optional_magic|pe_subsystem|pe_dll_characteristics|pe_number_of_sections|pe_section_names|pe_section_raw_size_total|pe_has_export_directory|pe_has_import_directory|pe_has_resource_directory|pe_has_security_directory|overlay_size|overlay_entropy|overlay_after_security_size|overlay_after_security_entropy,5504872,6.973315,ok,10,.text|.itext|.data|.bss|.idata|.edata|.tls|.rdata|.reloc|.rsrc,true,123278,true,2963468,true,24936,24936,7.637213,0,,false,,0,
blind-00569,0,benign_label_content_review,overlay_present|high_overlay_entropy|high_file_entropy|has_security_directory|benign_label_malware_like_static_shape,has_resource_directory|has_security_directory|overlay_present|high_file_entropy|high_overlay_entropy,source_size_bytes|file_entropy|mz_signature|pe_parse_status|pe_machine|pe_characteristics|pe_optional_magic|pe_subsystem|pe_dll_characteristics|pe_number_of_sections|pe_section_names|pe_section_raw_size_total|pe_has_export_directory|pe_has_import_directory|pe_has_resource_directory|pe_has_security_directory|overlay_size|overlay_entropy|overlay_after_security_size|overlay_after_security_entropy,243396,7.272797,ok,7,.text|.data|.rdata|.bss|.idata|.ndata|.rsrc,true,5112,true,93312,true,20064,73412,7.997376,0,,false,,0,
blind-01240,0,benign_label_content_review,overlay_present|high_overlay_entropy|high_file_entropy|has_security_directory|benign_label_malware_like_static_shape,has_resource_directory|has_security_directory|overlay_present|high_file_entropy|high_overlay_entropy,source_size_bytes|file_entropy|mz_signature|pe_parse_status|pe_machine|pe_characteristics|pe_optional_magic|pe_subsystem|pe_dll_characteristics|pe_number_of_sections|pe_section_names|pe_section_raw_size_total|pe_has_export_directory|pe_has_import_directory|pe_has_resource_directory|pe_has_security_directory|overlay_size|overlay_entropy|overlay_after_security_size|overlay_after_security_entropy,102314,7.452945,ok,5,.text|.rdata|.data|.rsrc|.neolit,true,240,true,22000,true,11984,68494,7.984764,0,,false,,0,
blind-01188,1,malicious_label_content_review,overlay_present|high_overlay_entropy|high_file_entropy|many_sections|has_security_directory,has_resource_directory|has_security_directory|overlay_present|high_file_entropy|high_overlay_entropy|many_sections,source_size_bytes|file_entropy|mz_signature|pe_parse_status|pe_machine|pe_characteristics|pe_optional_magic|pe_subsystem|pe_dll_characteristics|pe_number_of_sections|pe_section_names|pe_section_raw_size_total|pe_has_export_directory|pe_has_import_directory|pe_has_resource_directory|pe_has_security_directory|overlay_size|overlay_entropy|overlay_after_security_size|overlay_after_security_entropy,67728216,7.999717,ok,11,.text|.data|.rdata|.pdata|.xdata|.bss|.edata|.idata|.tls|.reloc|.rsrc,true,5500,true,144555,true,21336,21336,7.651056,0,,false,,0,
blind-00049,0,benign_label_content_review,overlay_present|high_overlay_entropy|many_sections|has_security_directory|large_resource_directory|benign_label_malware_like_static_shape,has_resource_directory|has_security_directory|overlay_present|high_overlay_entropy|many_sections,source_size_bytes|file_entropy|mz_signature|pe_parse_status|pe_machine|pe_characteristics|pe_optional_magic|pe_subsystem|pe_dll_characteristics|pe_number_of_sections|pe_section_names|pe_section_raw_size_total|pe_has_export_directory|pe_has_import_directory|pe_has_resource_directory|pe_has_security_directory|overlay_size|overlay_entropy|overlay_after_security_size|overlay_after_security_entropy,35126872,6.812698,ok,9,code|data|bss|.idata|.edata|.tls|.rdata|.reloc|.rsrc,true,20654,true,28149137,true,23128,23128,7.630191,0,,false,,0,
blind-01167,0,benign_label_content_review,overlay_present|high_overlay_entropy|high_file_entropy|has_security_directory|benign_label_malware_like_static_shape,has_resource_directory|has_security_directory|overlay_present|high_file_entropy|high_overlay_entropy,source_size_bytes|file_entropy|mz_signature|pe_parse_status|pe_machine|pe_characteristics|pe_optional_magic|pe_subsystem|pe_dll_characteristics|pe_number_of_sections|pe_section_names|pe_section_raw_size_total|pe_has_export_directory|pe_has_import_directory|pe_has_resource_directory|pe_has_security_directory|overlay_size|overlay_entropy|overlay_after_security_size|overlay_after_security_entropy,82976,7.440762,ok,5,.text|.rdata|.data|.ndata|.rsrc,true,160,true,3528,true,20880,46112,7.914598,0,,false,,0,
blind-00657,0,benign_label_content_review,overlay_present|high_overlay_entropy|high_file_entropy|has_security_directory|benign_label_malware_like_static_shape,has_resource_directory|has_security_directory|overlay_present|high_overlay_entropy,source_size_bytes|file_entropy|mz_signature|pe_parse_status|pe_machine|pe_characteristics|pe_optional_magic|pe_subsystem|pe_dll_characteristics|pe_number_of_sections|pe_section_names|pe_section_raw_size_total|pe_has_export_directory|pe_has_import_directory|pe_has_resource_directory|pe_has_security_directory|overlay_size|overlay_entropy|overlay_after_security_size|overlay_after_security_entropy,258948,7.176531,ok,5,.text|.rdata|.data|.ndata|.rsrc,true,180,true,183592,true,5488,43908,7.996095,0,,false,,0,
blind-00172,0,benign_label_content_review,overlay_present|high_overlay_entropy|high_file_entropy|has_security_directory|benign_label_malware_like_static_shape,has_resource_directory|has_security_directory|overlay_present|high_file_entropy|high_overlay_entropy,source_size_bytes|file_entropy|mz_signature|pe_parse_status|pe_machine|pe_characteristics|pe_optional_magic|pe_subsystem|pe_dll_characteristics|pe_number_of_sections|pe_section_names|pe_section_raw_size_total|pe_has_export_directory|pe_has_import_directory|pe_has_resource_directory|pe_has_security_directory|overlay_size|overlay_entropy|overlay_after_security_size|overlay_after_security_entropy,96024,7.215543,ok,5,.text|.rdata|.data|.ndata|.rsrc,true,180,true,18224,true,11976,43800,7.963678,0,,false,,0,
blind-00892,0,benign_label_content_review,overlay_present|high_overlay_entropy|post_security_overlay_present|high_post_security_overlay_entropy|benign_label_malware_like_static_shape,has_resource_directory|overlay_present|overlay_after_security_present|high_overlay_entropy,source_size_bytes|file_entropy|mz_signature|pe_parse_status|pe_machine|pe_characteristics|pe_optional_magic|pe_subsystem|pe_dll_characteristics|pe_number_of_sections|pe_section_names|pe_section_raw_size_total|pe_has_export_directory|pe_has_import_directory|pe_has_resource_directory|pe_has_security_directory|overlay_size|overlay_entropy|overlay_after_security_size|overlay_after_security_entropy,689952,6.730521,ok,6,.text|.rdata|.data|.rsrc|.enigma1|.enigma2,true,5180,true,9224,false,0,6944,7.405467,6944,7.405467,false,,0,
blind-01345,0,benign_label_content_review,overlay_present|high_overlay_entropy|post_security_overlay_present|high_post_security_overlay_entropy|benign_label_malware_like_static_shape,has_resource_directory|overlay_present|overlay_after_security_present|high_overlay_entropy,source_size_bytes|file_entropy|mz_signature|pe_parse_status|pe_machine|pe_characteristics|pe_optional_magic|pe_subsystem|pe_dll_characteristics|pe_number_of_sections|pe_section_names|pe_section_raw_size_total|pe_has_export_directory|pe_has_import_directory|pe_has_resource_directory|pe_has_security_directory|overlay_size|overlay_entropy|overlay_after_security_size|overlay_after_security_entropy,1293496,4.625357,ok,7,.text|.rdata|.data|.rsrc|.reloc|.enigma1|.enigma2,true,5180,true,478768,false,0,6840,7.448603,6840,7.448603,false,,0,
blind-00389,0,benign_label_content_review,overlay_present|high_overlay_entropy|post_security_overlay_present|high_post_security_overlay_entropy|benign_label_malware_like_static_shape,has_resource_directory|overlay_present|overlay_after_security_present|high_overlay_entropy,source_size_bytes|file_entropy|mz_signature|pe_parse_status|pe_machine|pe_characteristics|pe_optional_magic|pe_subsystem|pe_dll_characteristics|pe_number_of_sections|pe_section_names|pe_section_raw_size_total|pe_has_export_directory|pe_has_import_directory|pe_has_resource_directory|pe_has_security_directory|overlay_size|overlay_entropy|overlay_after_security_size|overlay_after_security_entropy,2826904,6.158685,ok,7,.text|.rdata|.data|.rsrc|.reloc|.enigma1|.enigma2,true,5180,true,1913792,false,0,6808,7.444541,6808,7.444541,false,,0,
blind-00434,0,benign_label_content_review,overlay_present|high_overlay_entropy|post_security_overlay_present|high_post_security_overlay_entropy|benign_label_malware_like_static_shape,has_resource_directory|overlay_present|overlay_after_security_present|high_overlay_entropy,source_size_bytes|file_entropy|mz_signature|pe_parse_status|pe_machine|pe_characteristics|pe_optional_magic|pe_subsystem|pe_dll_characteristics|pe_number_of_sections|pe_section_names|pe_section_raw_size_total|pe_has_export_directory|pe_has_import_directory|pe_has_resource_directory|pe_has_security_directory|overlay_size|overlay_entropy|overlay_after_security_size|overlay_after_security_entropy,518232,6.760352,ok,7,.text|.rdata|.data|.rsrc|.reloc|.enigma1|.enigma2,true,5180,true,9156,false,0,6744,7.446137,6744,7.446137,false,,0,
blind-01567,0,benign_label_content_review,overlay_present|high_overlay_entropy|post_security_overlay_present|high_post_security_overlay_entropy|benign_label_malware_like_static_shape,has_resource_directory|overlay_present|overlay_after_security_present|high_overlay_entropy,source_size_bytes|file_entropy|mz_signature|pe_parse_status|pe_machine|pe_characteristics|pe_optional_magic|pe_subsystem|pe_dll_characteristics|pe_number_of_sections|pe_section_names|pe_section_raw_size_total|pe_has_export_directory|pe_has_import_directory|pe_has_resource_directory|pe_has_security_directory|overlay_size|overlay_entropy|overlay_after_security_size|overlay_after_security_entropy,1044040,6.513716,ok,5,.text|.data|.rsrc|.enigma1|.enigma2,true,5180,true,631856,false,0,6728,7.338189,6728,7.338189,false,,0,
blind-00592,0,benign_label_content_review,overlay_present|high_overlay_entropy|many_sections|has_security_directory|large_resource_directory|benign_label_malware_like_static_shape,has_resource_directory|has_security_directory|overlay_present|high_overlay_entropy|many_sections,source_size_bytes|file_entropy|mz_signature|pe_parse_status|pe_machine|pe_characteristics|pe_optional_magic|pe_subsystem|pe_dll_characteristics|pe_number_of_sections|pe_section_names|pe_section_raw_size_total|pe_has_export_directory|pe_has_import_directory|pe_has_resource_directory|pe_has_security_directory|overlay_size|overlay_entropy|overlay_after_security_size|overlay_after_security_entropy,15205784,6.742301,ok,11,.text|.itext|.data|.bss|.idata|.didata|.edata|.tls|.rdata|.reloc|.rsrc,true,20076,true,4950528,true,7576,7576,7.471565,0,,false,,0,
blind-01412,0,benign_label_content_review,overlay_present|high_overlay_entropy|many_sections|has_security_directory|large_resource_directory|benign_label_malware_like_static_shape,has_resource_directory|has_security_directory|overlay_present|high_overlay_entropy|many_sections,source_size_bytes|file_entropy|mz_signature|pe_parse_status|pe_machine|pe_characteristics|pe_optional_magic|pe_subsystem|pe_dll_characteristics|pe_number_of_sections|pe_section_names|pe_section_raw_size_total|pe_has_export_directory|pe_has_import_directory|pe_has_resource_directory|pe_has_security_directory|overlay_size|overlay_entropy|overlay_after_security_size|overlay_after_security_entropy,16115608,6.792036,ok,11,.text|.itext|.data|.bss|.idata|.didata|.edata|.tls|.rdata|.reloc|.rsrc,true,22858,true,5363100,true,7576,7576,7.471124,0,,false,,0,
blind-00331,0,benign_label_content_review,overlay_present|high_overlay_entropy|post_security_overlay_present|high_post_security_overlay_entropy|benign_label_malware_like_static_shape,has_resource_directory|overlay_present|overlay_after_security_present|high_overlay_entropy,source_size_bytes|file_entropy|mz_signature|pe_parse_status|pe_machine|pe_characteristics|pe_optional_magic|pe_subsystem|pe_dll_characteristics|pe_number_of_sections|pe_section_names|pe_section_raw_size_total|pe_has_export_directory|pe_has_import_directory|pe_has_resource_directory|pe_has_security_directory|overlay_size|overlay_entropy|overlay_after_security_size|overlay_after_security_entropy,81504,6.213480,ok,4,.text|.rdata|.data|.rsrc,true,220,true,14096,false,0,6240,7.404011,6240,7.404011,false,,0,
blind-00859,0,benign_label_content_review,overlay_present|high_overlay_entropy|post_security_overlay_present|high_post_security_overlay_entropy|benign_label_malware_like_static_shape,has_resource_directory|overlay_present|overlay_after_security_present|high_overlay_entropy,source_size_bytes|file_entropy|mz_signature|pe_parse_status|pe_machine|pe_characteristics|pe_optional_magic|pe_subsystem|pe_dll_characteristics|pe_number_of_sections|pe_section_names|pe_section_raw_size_total|pe_has_export_directory|pe_has_import_directory|pe_has_resource_directory|pe_has_security_directory|overlay_size|overlay_entropy|overlay_after_security_size|overlay_after_security_entropy,490592,6.656677,ok,6,.text|.rdata|.data|.rsrc|.enigma1|.enigma2,true,5180,true,19412,false,0,6240,7.394573,6240,7.394573,false,,0,
blind-01769,1,malicious_label_content_review,overlay_present|high_overlay_entropy|high_file_entropy|many_sections|has_security_directory,has_resource_directory|has_security_directory|overlay_present|high_file_entropy|high_overlay_entropy|many_sections,source_size_bytes|file_entropy|mz_signature|pe_parse_status|pe_machine|pe_characteristics|pe_optional_magic|pe_subsystem|pe_dll_characteristics|pe_number_of_sections|pe_section_names|pe_section_raw_size_total|pe_has_export_directory|pe_has_import_directory|pe_has_resource_directory|pe_has_security_directory|overlay_size|overlay_entropy|overlay_after_security_size|overlay_after_security_entropy,1099376,7.829223,ok,10,.text|.data|.rdata|.pdata|.xdata|.bss|.idata|.tls|.rsrc|.reloc,true,5580,true,552,true,12912,12912,7.429100,0,,false,,0,
blind-00916,0,benign_label_content_review,overlay_present|high_overlay_entropy|post_security_overlay_present|high_post_security_overlay_entropy|benign_label_malware_like_static_shape,has_resource_directory|overlay_present|overlay_after_security_present|high_overlay_entropy,source_size_bytes|file_entropy|mz_signature|pe_parse_status|pe_machine|pe_characteristics|pe_optional_magic|pe_subsystem|pe_dll_characteristics|pe_number_of_sections|pe_section_names|pe_section_raw_size_total|pe_has_export_directory|pe_has_import_directory|pe_has_resource_directory|pe_has_security_directory|overlay_size|overlay_entropy|overlay_after_security_size|overlay_after_security_entropy,1547000,6.530543,ok,7,.text|.rdata|.data|.rsrc|.reloc|.enigma1|.enigma2,true,5180,true,125208,false,0,5368,7.336302,5368,7.336302,false,,0,
blind-00453,0,benign_label_content_review,overlay_present|high_overlay_entropy|high_file_entropy|has_security_directory|benign_label_malware_like_static_shape,no_import_directory|has_resource_directory|has_security_directory|overlay_present|high_overlay_entropy,source_size_bytes|file_entropy|mz_signature|pe_parse_status|pe_machine|pe_characteristics|pe_optional_magic|pe_subsystem|pe_dll_characteristics|pe_number_of_sections|pe_section_names|pe_section_raw_size_total|pe_has_export_directory|pe_has_import_directory|pe_has_resource_directory|pe_has_security_directory|overlay_size|overlay_entropy|overlay_after_security_size|overlay_after_security_entropy,177776,7.150417,ok,2,.text|.rsrc,false,0,true,153320,true,21104,21104,7.638060,0,,false,,0,
blind-01548,0,benign_label_content_review,overlay_present|high_overlay_entropy|high_file_entropy|has_security_directory|benign_label_malware_like_static_shape,no_import_directory|has_resource_directory|has_security_directory|overlay_present|high_file_entropy|high_overlay_entropy,source_size_bytes|file_entropy|mz_signature|pe_parse_status|pe_machine|pe_characteristics|pe_optional_magic|pe_subsystem|pe_dll_characteristics|pe_number_of_sections|pe_section_names|pe_section_raw_size_total|pe_has_export_directory|pe_has_import_directory|pe_has_resource_directory|pe_has_security_directory|overlay_size|overlay_entropy|overlay_after_security_size|overlay_after_security_entropy,5638464,7.999548,ok,6,.text|.itext|.rdata|.data|.rsrc|.reloc,false,0,true,18512,true,20800,20800,7.654328,0,,false,,0,
blind-00530,0,benign_label_content_review,overlay_present|high_overlay_entropy|high_file_entropy|has_security_directory|benign_label_malware_like_static_shape,no_import_directory|has_resource_directory|has_security_directory|overlay_present|high_file_entropy|high_overlay_entropy,source_size_bytes|file_entropy|mz_signature|pe_parse_status|pe_machine|pe_characteristics|pe_optional_magic|pe_subsystem|pe_dll_characteristics|pe_number_of_sections|pe_section_names|pe_section_raw_size_total|pe_has_export_directory|pe_has_import_directory|pe_has_resource_directory|pe_has_security_directory|overlay_size|overlay_entropy|overlay_after_security_size|overlay_after_security_entropy,1980040,7.589569,ok,2,.text|.rsrc,false,0,true,119028,true,19592,19592,7.495606,0,,false,,0,
blind-00059,1,malicious_label_content_review,overlay_present|high_overlay_entropy|high_file_entropy|many_sections|has_security_directory,has_security_directory|overlay_present|high_file_entropy|high_overlay_entropy|many_sections,source_size_bytes|file_entropy|mz_signature|pe_parse_status|pe_machine|pe_characteristics|pe_optional_magic|pe_subsystem|pe_dll_characteristics|pe_number_of_sections|pe_section_names|pe_section_raw_size_total|pe_has_export_directory|pe_has_import_directory|pe_has_resource_directory|pe_has_security_directory|overlay_size|overlay_entropy|overlay_after_security_size|overlay_after_security_entropy,2546992,7.438258,ok,8,.text|.data|.rdata|.eh_fram|.bss|.idata|.crt|.tls,true,3024,false,0,true,18736,18736,7.431862,0,,false,,0,
blind-01110,0,benign_label_content_review,overlay_present|high_overlay_entropy|post_security_overlay_present|high_post_security_overlay_entropy|benign_label_malware_like_static_shape,has_resource_directory|overlay_present|overlay_after_security_present|high_overlay_entropy,source_size_bytes|file_entropy|mz_signature|pe_parse_status|pe_machine|pe_characteristics|pe_optional_magic|pe_subsystem|pe_dll_characteristics|pe_number_of_sections|pe_section_names|pe_section_raw_size_total|pe_has_export_directory|pe_has_import_directory|pe_has_resource_directory|pe_has_security_directory|overlay_size|overlay_entropy|overlay_after_security_size|overlay_after_security_entropy,108449,6.059173,ok,5,.text|.rdata|.data|.ndata|.rsrc,true,160,true,70120,false,0,4513,7.956083,4513,7.956083,false,,0,
blind-01684,1,malicious_label_content_review,overlay_present|high_overlay_entropy|high_file_entropy|many_sections|has_security_directory,has_security_directory|overlay_present|high_file_entropy|high_overlay_entropy|many_sections,source_size_bytes|file_entropy|mz_signature|pe_parse_status|pe_machine|pe_characteristics|pe_optional_magic|pe_subsystem|pe_dll_characteristics|pe_number_of_sections|pe_section_names|pe_section_raw_size_total|pe_has_export_directory|pe_has_import_directory|pe_has_resource_directory|pe_has_security_directory|overlay_size|overlay_entropy|overlay_after_security_size|overlay_after_security_entropy,1852608,7.954764,ok,9,data0|data1|data2|data3|data4|.text|.data|.idata|.reloc,true,400,false,0,true,11456,11456,7.640892,0,,false,,0,
blind-01417,1,malicious_label_content_review,overlay_present|high_overlay_entropy|high_file_entropy|has_security_directory|large_resource_directory,has_resource_directory|has_security_directory|overlay_present|high_file_entropy|high_overlay_entropy,source_size_bytes|file_entropy|mz_signature|pe_parse_status|pe_machine|pe_characteristics|pe_optional_magic|pe_subsystem|pe_dll_characteristics|pe_number_of_sections|pe_section_names|pe_section_raw_size_total|pe_has_export_directory|pe_has_import_directory|pe_has_resource_directory|pe_has_security_directory|overlay_size|overlay_entropy|overlay_after_security_size|overlay_after_security_entropy,4266288,7.705841,ok,5,.text|.rdata|.data|.rsrc|.reloc,true,440,true,2611368,true,15664,15664,7.336294,0,,false,,0,
blind-01460,0,benign_label_content_review,overlay_present|high_overlay_entropy|many_sections|has_security_directory|large_resource_directory|benign_label_malware_like_static_shape,has_resource_directory|has_security_directory|overlay_present|high_overlay_entropy|many_sections,source_size_bytes|file_entropy|mz_signature|pe_parse_status|pe_machine|pe_characteristics|pe_optional_magic|pe_subsystem|pe_dll_characteristics|pe_number_of_sections|pe_section_names|pe_section_raw_size_total|pe_has_export_directory|pe_has_import_directory|pe_has_resource_directory|pe_has_security_directory|overlay_size|overlay_entropy|overlay_after_security_size|overlay_after_security_entropy,19319912,6.905146,ok,8,code|data|bss|.idata|.tls|.rdata|.reloc|.rsrc,true,32176,true,6096384,true,10344,10344,7.635599,0,,false,,0,
blind-01120,0,benign_label_content_review,overlay_present|high_overlay_entropy|many_sections|has_security_directory|benign_label_malware_like_static_shape,has_security_directory|overlay_present|high_overlay_entropy|many_sections,source_size_bytes|file_entropy|mz_signature|pe_parse_status|pe_machine|pe_characteristics|pe_optional_magic|pe_subsystem|pe_dll_characteristics|pe_number_of_sections|pe_section_names|pe_section_raw_size_total|pe_has_export_directory|pe_has_import_directory|pe_has_resource_directory|pe_has_security_directory|overlay_size|overlay_entropy|overlay_after_security_size|overlay_after_security_entropy,6498616,6.863871,ok,14,.text|.rdata|.data|/4|/19|/32|/46|/63|/80|/99|/112|/124|.idata|.symtab,true,786,false,0,true,20792,20792,7.656485,0,,false,,0,
blind-00208,1,malicious_label_content_review,overlay_present|high_overlay_entropy|post_security_overlay_present|many_sections|has_security_directory|security_directory_with_extra_overlay,has_resource_directory|has_security_directory|overlay_present|overlay_after_security_present|high_overlay_entropy|many_sections,source_size_bytes|file_entropy|mz_signature|pe_parse_status|pe_machine|pe_characteristics|pe_optional_magic|pe_subsystem|pe_dll_characteristics|pe_number_of_sections|pe_section_names|pe_section_raw_size_total|pe_has_export_directory|pe_has_import_directory|pe_has_resource_directory|pe_has_security_directory|overlay_size|overlay_entropy|overlay_after_security_size|overlay_after_security_entropy,786573,6.359573,ok,8,.text|.rdata|.data|.pdata|.gxfg|.gehcont|.rsrc|.reloc,true,220,true,58976,true,28808,28813,7.633317,5,0.000000,false,,0,
blind-01473,0,benign_label_content_review,overlay_present|high_overlay_entropy|high_file_entropy|has_security_directory|benign_label_malware_like_static_shape,has_resource_directory|has_security_directory|overlay_present|high_file_entropy|high_overlay_entropy,source_size_bytes|file_entropy|mz_signature|pe_parse_status|pe_machine|pe_characteristics|pe_optional_magic|pe_subsystem|pe_dll_characteristics|pe_number_of_sections|pe_section_names|pe_section_raw_size_total|pe_has_export_directory|pe_has_import_directory|pe_has_resource_directory|pe_has_security_directory|overlay_size|overlay_entropy|overlay_after_security_size|overlay_after_security_entropy,1551312,7.741819,ok,3,upx0|upx1|.rsrc,true,696,true,122684,true,13264,13264,7.641826,0,,false,,0,
blind-00327,0,benign_label_content_review,overlay_present|high_overlay_entropy|many_sections|has_security_directory|benign_label_malware_like_static_shape,has_resource_directory|has_security_directory|overlay_present|high_overlay_entropy|many_sections,source_size_bytes|file_entropy|mz_signature|pe_parse_status|pe_machine|pe_characteristics|pe_optional_magic|pe_subsystem|pe_dll_characteristics|pe_number_of_sections|pe_section_names|pe_section_raw_size_total|pe_has_export_directory|pe_has_import_directory|pe_has_resource_directory|pe_has_security_directory|overlay_size|overlay_entropy|overlay_after_security_size|overlay_after_security_entropy,3222504,6.438347,ok,11,.text|.itext|.data|.bss|.idata|.didata|.edata|.tls|.rdata|.reloc|.rsrc,true,19796,true,670696,true,60392,60392,7.791306,0,,false,,0,
blind-00361,0,benign_label_content_review,overlay_present|high_overlay_entropy|high_file_entropy|has_security_directory|benign_label_malware_like_static_shape,no_import_directory|has_resource_directory|has_security_directory|overlay_present|high_file_entropy|high_overlay_entropy,source_size_bytes|file_entropy|mz_signature|pe_parse_status|pe_machine|pe_characteristics|pe_optional_magic|pe_subsystem|pe_dll_characteristics|pe_number_of_sections|pe_section_names|pe_section_raw_size_total|pe_has_export_directory|pe_has_import_directory|pe_has_resource_directory|pe_has_security_directory|overlay_size|overlay_entropy|overlay_after_security_size|overlay_after_security_entropy,50253984,7.717520,ok,2,.text|.rsrc,false,0,true,161836,true,11936,11936,7.651354,0,,false,,0,
blind-00494,0,benign_label_content_review,overlay_present|high_overlay_entropy|high_file_entropy|has_security_directory|benign_label_malware_like_static_shape,has_resource_directory|has_security_directory|overlay_present|high_overlay_entropy,source_size_bytes|file_entropy|mz_signature|pe_parse_status|pe_machine|pe_characteristics|pe_optional_magic|pe_subsystem|pe_dll_characteristics|pe_number_of_sections|pe_section_names|pe_section_raw_size_total|pe_has_export_directory|pe_has_import_directory|pe_has_resource_directory|pe_has_security_directory|overlay_size|overlay_entropy|overlay_after_security_size|overlay_after_security_entropy,1569976,7.118234,ok,3,.text|.rsrc|.reloc,true,79,true,134868,true,11448,11448,7.647718,0,,false,,0,
blind-01230,0,benign_label_content_review,overlay_present|high_overlay_entropy|high_file_entropy|has_security_directory|benign_label_malware_like_static_shape,has_resource_directory|has_security_directory|overlay_present|high_file_entropy|high_overlay_entropy,source_size_bytes|file_entropy|mz_signature|pe_parse_status|pe_machine|pe_characteristics|pe_optional_magic|pe_subsystem|pe_dll_characteristics|pe_number_of_sections|pe_section_names|pe_section_raw_size_total|pe_has_export_directory|pe_has_import_directory|pe_has_resource_directory|pe_has_security_directory|overlay_size|overlay_entropy|overlay_after_security_size|overlay_after_security_entropy,967800,7.949112,ok,3,upx0|upx1|.rsrc,true,840,true,40348,true,10872,10872,7.380450,0,,false,,0,
blind-00161,0,benign_label_content_review,overlay_present|high_overlay_entropy|high_file_entropy|has_security_directory|benign_label_malware_like_static_shape,has_resource_directory|has_security_directory|overlay_present|high_overlay_entropy,source_size_bytes|file_entropy|mz_signature|pe_parse_status|pe_machine|pe_characteristics|pe_optional_magic|pe_subsystem|pe_dll_characteristics|pe_number_of_sections|pe_section_names|pe_section_raw_size_total|pe_has_export_directory|pe_has_import_directory|pe_has_resource_directory|pe_has_security_directory|overlay_size|overlay_entropy|overlay_after_security_size|overlay_after_security_entropy,1777144,7.038406,ok,5,.text|.rdata|.data|.rsrc|.reloc,true,160,true,176156,true,10744,10744,7.630875,0,,false,,0,
blind-00274,1,malicious_label_content_review,overlay_present|high_overlay_entropy|high_file_entropy|has_security_directory|large_resource_directory,has_resource_directory|has_security_directory|overlay_present|high_file_entropy|high_overlay_entropy,source_size_bytes|file_entropy|mz_signature|pe_parse_status|pe_machine|pe_characteristics|pe_optional_magic|pe_subsystem|pe_dll_characteristics|pe_number_of_sections|pe_section_names|pe_section_raw_size_total|pe_has_export_directory|pe_has_import_directory|pe_has_resource_directory|pe_has_security_directory|overlay_size|overlay_entropy|overlay_after_security_size|overlay_after_security_entropy,8510296,7.761744,ok,5,.text|.rdata|.data|.rsrc|.reloc,true,180,true,8262048,true,10584,10584,7.657479,0,,false,,0,
blind-01215,0,benign_label_content_review,overlay_present|high_overlay_entropy|high_file_entropy|has_security_directory|benign_label_malware_like_static_shape,has_resource_directory|has_security_directory|overlay_present|high_file_entropy|high_overlay_entropy,source_size_bytes|file_entropy|mz_signature|pe_parse_status|pe_machine|pe_characteristics|pe_optional_magic|pe_subsystem|pe_dll_characteristics|pe_number_of_sections|pe_section_names|pe_section_raw_size_total|pe_has_export_directory|pe_has_import_directory|pe_has_resource_directory|pe_has_security_directory|overlay_size|overlay_entropy|overlay_after_security_size|overlay_after_security_entropy,301664,7.902688,ok,3,upx0|upx1|.rsrc,true,708,true,4380,true,10336,10336,7.661135,0,,false,,0,
blind-01564,0,benign_label_content_review,overlay_present|high_overlay_entropy|high_file_entropy|has_security_directory|benign_label_malware_like_static_shape,no_import_directory|has_resource_directory|has_security_directory|overlay_present|high_file_entropy|high_overlay_entropy,source_size_bytes|file_entropy|mz_signature|pe_parse_status|pe_machine|pe_characteristics|pe_optional_magic|pe_subsystem|pe_dll_characteristics|pe_number_of_sections|pe_section_names|pe_section_raw_size_total|pe_has_export_directory|pe_has_import_directory|pe_has_resource_directory|pe_has_security_directory|overlay_size|overlay_entropy|overlay_after_security_size|overlay_after_security_entropy,2411576,7.280750,ok,2,.text|.rsrc,false,0,true,100708,true,10296,10296,7.498514,0,,false,,0,
blind-01736,1,malicious_label_content_review,overlay_present|high_overlay_entropy|high_file_entropy|has_security_directory|large_resource_directory,has_resource_directory|has_security_directory|overlay_present|high_file_entropy|high_overlay_entropy,source_size_bytes|file_entropy|mz_signature|pe_parse_status|pe_machine|pe_characteristics|pe_optional_magic|pe_subsystem|pe_dll_characteristics|pe_number_of_sections|pe_section_names|pe_section_raw_size_total|pe_has_export_directory|pe_has_import_directory|pe_has_resource_directory|pe_has_security_directory|overlay_size|overlay_entropy|overlay_after_security_size|overlay_after_security_entropy,4542912,7.731831,ok,5,.text|.rdata|.data|.rsrc|.reloc,true,300,true,3986764,true,10176,10176,7.489184,0,,false,,0,
blind-01119,1,malicious_label_content_review,overlay_present|high_overlay_entropy|high_file_entropy|has_security_directory|large_resource_directory,has_resource_directory|has_security_directory|overlay_present|high_file_entropy|high_overlay_entropy,source_size_bytes|file_entropy|mz_signature|pe_parse_status|pe_machine|pe_characteristics|pe_optional_magic|pe_subsystem|pe_dll_characteristics|pe_number_of_sections|pe_section_names|pe_section_raw_size_total|pe_has_export_directory|pe_has_import_directory|pe_has_resource_directory|pe_has_security_directory|overlay_size|overlay_entropy|overlay_after_security_size|overlay_after_security_entropy,2957512,7.985944,ok,5,.text|.data|.idata|.rsrc|.reloc,true,180,true,2909412,true,9928,9928,7.330561,0,,false,,0,
blind-00616,0,benign_label_content_review,overlay_present|high_overlay_entropy|high_file_entropy|has_security_directory|benign_label_malware_like_static_shape,has_resource_directory|has_security_directory|overlay_present|high_overlay_entropy,source_size_bytes|file_entropy|mz_signature|pe_parse_status|pe_machine|pe_characteristics|pe_optional_magic|pe_subsystem|pe_dll_characteristics|pe_number_of_sections|pe_section_names|pe_section_raw_size_total|pe_has_export_directory|pe_has_import_directory|pe_has_resource_directory|pe_has_security_directory|overlay_size|overlay_entropy|overlay_after_security_size|overlay_after_security_entropy,9922664,7.029834,ok,6,.text|.rdata|.data|_rdata|.rsrc|.reloc,true,400,true,1445024,true,6504,9832,7.297380,0,,false,,0,
blind-00703,1,malicious_label_content_review,overlay_present|high_overlay_entropy|high_file_entropy|has_security_directory|large_resource_directory,has_resource_directory|has_security_directory|overlay_present|high_file_entropy|high_overlay_entropy,source_size_bytes|file_entropy|mz_signature|pe_parse_status|pe_machine|pe_characteristics|pe_optional_magic|pe_subsystem|pe_dll_characteristics|pe_number_of_sections|pe_section_names|pe_section_raw_size_total|pe_has_export_directory|pe_has_import_directory|pe_has_resource_directory|pe_has_security_directory|overlay_size|overlay_entropy|overlay_after_security_size|overlay_after_security_entropy,3206144,7.899672,ok,5,.orpc|.text|.data|.rsrc|.reloc,true,300,true,3121816,true,9728,9728,7.530669,0,,false,,0,
blind-00988,0,benign_label_content_review,overlay_present|high_overlay_entropy|high_file_entropy|has_security_directory|benign_label_malware_like_static_shape,has_resource_directory|has_security_directory|overlay_present|high_file_entropy|high_overlay_entropy,source_size_bytes|file_entropy|mz_signature|pe_parse_status|pe_machine|pe_characteristics|pe_optional_magic|pe_subsystem|pe_dll_characteristics|pe_number_of_sections|pe_section_names|pe_section_raw_size_total|pe_has_export_directory|pe_has_import_directory|pe_has_resource_directory|pe_has_security_directory|overlay_size|overlay_entropy|overlay_after_security_size|overlay_after_security_entropy,681360,7.555622,ok,3,upx0|upx1|.rsrc,true,320,true,116616,true,9616,9616,7.568103,0,,false,,0,
blind-01089,1,malicious_label_content_review,overlay_present|high_overlay_entropy|high_file_entropy|many_sections|has_security_directory,has_resource_directory|has_security_directory|overlay_present|high_file_entropy|high_overlay_entropy|many_sections,source_size_bytes|file_entropy|mz_signature|pe_parse_status|pe_machine|pe_characteristics|pe_optional_magic|pe_subsystem|pe_dll_characteristics|pe_number_of_sections|pe_section_names|pe_section_raw_size_total|pe_has_export_directory|pe_has_import_directory|pe_has_resource_directory|pe_has_security_directory|overlay_size|overlay_entropy|overlay_after_security_size|overlay_after_security_entropy,1332024,7.919623,ok,9,.text|.rdata|.data|.pdata|.upx0|.tls|.upx1|.reloc|.rsrc,true,360,true,1040,true,6456,6456,7.318807,0,,false,,0,
blind-00203,1,malicious_label_content_review,overlay_present|high_overlay_entropy|high_file_entropy|many_sections|has_security_directory,has_resource_directory|has_security_directory|overlay_present|high_file_entropy|high_overlay_entropy|many_sections,source_size_bytes|file_entropy|mz_signature|pe_parse_status|pe_machine|pe_characteristics|pe_optional_magic|pe_subsystem|pe_dll_characteristics|pe_number_of_sections|pe_section_names|pe_section_raw_size_total|pe_has_export_directory|pe_has_import_directory|pe_has_resource_directory|pe_has_security_directory|overlay_size|overlay_entropy|overlay_after_security_size|overlay_after_security_entropy,839456,7.928595,ok,9,.text|.rdata|.data|.pdata|.upx0|.tls|.upx1|.reloc|.rsrc,true,360,true,1040,true,6432,6432,7.316208,0,,false,,0,
blind-00911,1,malicious_label_content_review,overlay_present|high_overlay_entropy|high_file_entropy|many_sections|has_security_directory,has_resource_directory|has_security_directory|overlay_present|high_file_entropy|high_overlay_entropy|many_sections,source_size_bytes|file_entropy|mz_signature|pe_parse_status|pe_machine|pe_characteristics|pe_optional_magic|pe_subsystem|pe_dll_characteristics|pe_number_of_sections|pe_section_names|pe_section_raw_size_total|pe_has_export_directory|pe_has_import_directory|pe_has_resource_directory|pe_has_security_directory|overlay_size|overlay_entropy|overlay_after_security_size|overlay_after_security_entropy,839456,7.928564,ok,9,.text|.rdata|.data|.pdata|.upx0|.tls|.upx1|.reloc|.rsrc,true,360,true,1040,true,6432,6432,7.314428,0,,false,,0,
blind-01472,0,benign_label_content_review,overlay_present|high_overlay_entropy|high_file_entropy|has_security_directory|benign_label_malware_like_static_shape,has_resource_directory|has_security_directory|overlay_present|high_file_entropy|high_overlay_entropy,source_size_bytes|file_entropy|mz_signature|pe_parse_status|pe_machine|pe_characteristics|pe_optional_magic|pe_subsystem|pe_dll_characteristics|pe_number_of_sections|pe_section_names|pe_section_raw_size_total|pe_has_export_directory|pe_has_import_directory|pe_has_resource_directory|pe_has_security_directory|overlay_size|overlay_entropy|overlay_after_security_size|overlay_after_security_entropy,10169048,7.997812,ok,3,upx0|upx1|.rsrc,true,1144,true,81108,true,9432,9432,7.621835,0,,false,,0,
blind-01221,0,benign_label_content_review,overlay_present|high_overlay_entropy|high_file_entropy|has_security_directory|benign_label_malware_like_static_shape,has_resource_directory|has_security_directory|overlay_present|high_file_entropy|high_overlay_entropy,source_size_bytes|file_entropy|mz_signature|pe_parse_status|pe_machine|pe_characteristics|pe_optional_magic|pe_subsystem|pe_dll_characteristics|pe_number_of_sections|pe_section_names|pe_section_raw_size_total|pe_has_export_directory|pe_has_import_directory|pe_has_resource_directory|pe_has_security_directory|overlay_size|overlay_entropy|overlay_after_security_size|overlay_after_security_entropy,2275640,7.989639,ok,3,.text|.rsrc|.reloc,true,681,true,51654,true,8504,8504,7.476828,0,,false,,0,
blind-00023,1,malicious_label_content_review,overlay_present|high_overlay_entropy|high_file_entropy|many_sections|has_security_directory,has_resource_directory|has_security_directory|overlay_present|high_file_entropy|high_overlay_entropy|many_sections,source_size_bytes|file_entropy|mz_signature|pe_parse_status|pe_machine|pe_characteristics|pe_optional_magic|pe_subsystem|pe_dll_characteristics|pe_number_of_sections|pe_section_names|pe_section_raw_size_total|pe_has_export_directory|pe_has_import_directory|pe_has_resource_directory|pe_has_security_directory|overlay_size|overlay_entropy|overlay_after_security_size|overlay_after_security_entropy,1026040,7.882466,ok,9,.text|.rdata|.data|.pdata|.upx0|.tls|.upx1|.reloc|.rsrc,true,400,true,16932,true,5624,5624,7.378967,0,,false,,0,
blind-00367,0,benign_label_content_review,overlay_present|high_overlay_entropy|high_file_entropy|has_security_directory|benign_label_malware_like_static_shape,has_resource_directory|has_security_directory|overlay_present|high_file_entropy|high_overlay_entropy,source_size_bytes|file_entropy|mz_signature|pe_parse_status|pe_machine|pe_characteristics|pe_optional_magic|pe_subsystem|pe_dll_characteristics|pe_number_of_sections|pe_section_names|pe_section_raw_size_total|pe_has_export_directory|pe_has_import_directory|pe_has_resource_directory|pe_has_security_directory|overlay_size|overlay_entropy|overlay_after_security_size|overlay_after_security_entropy,1346472,7.807113,ok,3,.text|.rsrc|.reloc,true,79,true,1528,true,8104,8104,7.326835,0,,false,,0,
blind-00457,1,malicious_label_content_review,overlay_present|high_overlay_entropy|high_file_entropy|many_sections|has_security_directory,has_resource_directory|has_security_directory|overlay_present|high_file_entropy|high_overlay_entropy|many_sections,source_size_bytes|file_entropy|mz_signature|pe_parse_status|pe_machine|pe_characteristics|pe_optional_magic|pe_subsystem|pe_dll_characteristics|pe_number_of_sections|pe_section_names|pe_section_raw_size_total|pe_has_export_directory|pe_has_import_directory|pe_has_resource_directory|pe_has_security_directory|overlay_size|overlay_entropy|overlay_after_security_size|overlay_after_security_entropy,1018896,7.929247,ok,8,.text|.rdata|.data|.upx0|.tls|.upx1|.reloc|.rsrc,true,360,true,1040,true,7696,7696,7.302027,0,,false,,0,
blind-00535,0,benign_label_content_review,overlay_present|high_overlay_entropy|many_sections|has_security_directory|benign_label_malware_like_static_shape,has_resource_directory|has_security_directory|overlay_present|high_overlay_entropy|many_sections,source_size_bytes|file_entropy|mz_signature|pe_parse_status|pe_machine|pe_characteristics|pe_optional_magic|pe_subsystem|pe_dll_characteristics|pe_number_of_sections|pe_section_names|pe_section_raw_size_total|pe_has_export_directory|pe_has_import_directory|pe_has_resource_directory|pe_has_security_directory|overlay_size|overlay_entropy|overlay_after_security_size|overlay_after_security_entropy,5297768,6.923338,ok,16,.text|.rdata|.data|.pdata|.xdata|/4|/19|/32|/46|/65|/78|/90|.idata|.rsrc|.reloc|.symtab,true,1364,true,356696,true,10344,10344,7.635491,0,,false,,0,
blind-00403,0,benign_label_content_review,overlay_present|high_overlay_entropy|many_sections|has_security_directory|benign_label_malware_like_static_shape,has_resource_directory|has_security_directory|overlay_present|high_overlay_entropy|many_sections,source_size_bytes|file_entropy|mz_signature|pe_parse_status|pe_machine|pe_characteristics|pe_optional_magic|pe_subsystem|pe_dll_characteristics|pe_number_of_sections|pe_section_names|pe_section_raw_size_total|pe_has_export_directory|pe_has_import_directory|pe_has_resource_directory|pe_has_security_directory|overlay_size|overlay_entropy|overlay_after_security_size|overlay_after_security_entropy,7831616,6.624573,ok,15,.text|.rdata|.data|/4|/19|/32|/46|/63|/80|/99|/112|/124|.idata|.symtab|.rsrc,true,948,true,7104,true,10304,10304,7.638288,0,,false,,0,
blind-00980,0,benign_label_content_review,overlay_present|high_overlay_entropy|many_sections|has_security_directory|benign_label_malware_like_static_shape,has_resource_directory|has_security_directory|overlay_present|high_overlay_entropy|many_sections,source_size_bytes|file_entropy|mz_signature|pe_parse_status|pe_machine|pe_characteristics|pe_optional_magic|pe_subsystem|pe_dll_characteristics|pe_number_of_sections|pe_section_names|pe_section_raw_size_total|pe_has_export_directory|pe_has_import_directory|pe_has_resource_directory|pe_has_security_directory|overlay_size|overlay_entropy|overlay_after_security_size|overlay_after_security_entropy,10819648,6.785028,ok,14,.text|.rdata|.data|/4|/19|/32|/46|/65|/78|/90|.idata|.rsrc|.reloc|.symtab,true,1164,true,672,true,10304,10304,7.636811,0,,false,,0,
blind-01249,0,benign_label_content_review,overlay_present|high_overlay_entropy|many_sections|has_security_directory|benign_label_malware_like_static_shape,has_security_directory|overlay_present|high_overlay_entropy|many_sections,source_size_bytes|file_entropy|mz_signature|pe_parse_status|pe_machine|pe_characteristics|pe_optional_magic|pe_subsystem|pe_dll_characteristics|pe_number_of_sections|pe_section_names|pe_section_raw_size_total|pe_has_export_directory|pe_has_import_directory|pe_has_resource_directory|pe_has_security_directory|overlay_size|overlay_entropy|overlay_after_security_size|overlay_after_security_entropy,7856704,6.624243,ok,14,.text|.rdata|.data|/4|/19|/32|/46|/63|/80|/99|/112|/124|.idata|.symtab,true,948,false,0,true,10304,10304,7.634846,0,,false,,0,
blind-00111,0,benign_label_content_review,overlay_present|high_overlay_entropy|high_file_entropy|has_security_directory|benign_label_malware_like_static_shape,has_resource_directory|has_security_directory|overlay_present|high_file_entropy|high_overlay_entropy,source_size_bytes|file_entropy|mz_signature|pe_parse_status|pe_machine|pe_characteristics|pe_optional_magic|pe_subsystem|pe_dll_characteristics|pe_number_of_sections|pe_section_names|pe_section_raw_size_total|pe_has_export_directory|pe_has_import_directory|pe_has_resource_directory|pe_has_security_directory|overlay_size|overlay_entropy|overlay_after_security_size|overlay_after_security_entropy,1343824,7.406458,ok,4,.text|.rdata|.data|.rsrc,true,340,true,730716,true,6864,6992,7.329061,0,,false,,0,
blind-00040,0,benign_label_content_review,overlay_present|post_security_overlay_present|many_sections|benign_label_malware_like_static_shape,has_resource_directory|overlay_present|overlay_after_security_present|many_sections,source_size_bytes|file_entropy|mz_signature|pe_parse_status|pe_machine|pe_characteristics|pe_optional_magic|pe_subsystem|pe_dll_characteristics|pe_number_of_sections|pe_section_names|pe_section_raw_size_total|pe_has_export_directory|pe_has_import_directory|pe_has_resource_directory|pe_has_security_directory|overlay_size|overlay_entropy|overlay_after_security_size|overlay_after_security_entropy,14852828,5.404698,ok,22,.text|.data|.rdata|.pdata|.xdata|.bss|.edata|.idata|.tls|.rsrc|.reloc|/4|/19|/31|/45|/57|/70|/81|/92|/106|/122|/138,true,14744,true,3048,false,0,625372,3.987746,625372,3.987746,false,,0,
blind-00225,0,benign_label_content_review,overlay_present|post_security_overlay_present|many_sections|benign_label_malware_like_static_shape,has_resource_directory|overlay_present|overlay_after_security_present|many_sections,source_size_bytes|file_entropy|mz_signature|pe_parse_status|pe_machine|pe_characteristics|pe_optional_magic|pe_subsystem|pe_dll_characteristics|pe_number_of_sections|pe_section_names|pe_section_raw_size_total|pe_has_export_directory|pe_has_import_directory|pe_has_resource_directory|pe_has_security_directory|overlay_size|overlay_entropy|overlay_after_security_size|overlay_after_security_entropy,1664680,6.000838,ok,20,.text|.data|.rdata|.pdata|.xdata|.bss|.idata|.crt|.tls|.rsrc|.reloc|/4|/19|/31|/45|/57|/70|/81|/97|/113,true,16780,true,1256,false,0,172200,4.120722,172200,4.120722,false,,0,
blind-00310,0,benign_label_content_review,overlay_present|post_security_overlay_present|many_sections|benign_label_malware_like_static_shape,has_resource_directory|overlay_present|overlay_after_security_present|many_sections,source_size_bytes|file_entropy|mz_signature|pe_parse_status|pe_machine|pe_characteristics|pe_optional_magic|pe_subsystem|pe_dll_characteristics|pe_number_of_sections|pe_section_names|pe_section_raw_size_total|pe_has_export_directory|pe_has_import_directory|pe_has_resource_directory|pe_has_security_directory|overlay_size|overlay_entropy|overlay_after_security_size|overlay_after_security_entropy,7468519,5.904517,ok,18,.text|.data|.rdata|/4|.pdata|.xdata|.bss|.idata|.crt|.tls|.rsrc|.reloc|/15|/30|/42|/56|/68|/81,true,110676,true,45192,false,0,4667367,5.160942,4667367,5.160942,false,,0,
blind-00803,0,benign_label_content_review,overlay_present|post_security_overlay_present|many_sections|benign_label_malware_like_static_shape,has_resource_directory|overlay_present|overlay_after_security_present|many_sections,source_size_bytes|file_entropy|mz_signature|pe_parse_status|pe_machine|pe_characteristics|pe_optional_magic|pe_subsystem|pe_dll_characteristics|pe_number_of_sections|pe_section_names|pe_section_raw_size_total|pe_has_export_directory|pe_has_import_directory|pe_has_resource_directory|pe_has_security_directory|overlay_size|overlay_entropy|overlay_after_security_size|overlay_after_security_entropy,714826,6.192592,ok,22,.text|.data|.rdata|.pdata|.xdata|.bss|.idata|.crt|.tls|.rsrc|.reloc|/4|/19|/31|/45|/57|/70|/81|/92|/106|/122|/138,true,11560,true,10288,false,0,122442,4.256638,122442,4.256638,false,,0,
blind-00979,0,benign_label_content_review,overlay_present|post_security_overlay_present|many_sections|benign_label_malware_like_static_shape,has_resource_directory|overlay_present|overlay_after_security_present|many_sections,source_size_bytes|file_entropy|mz_signature|pe_parse_status|pe_machine|pe_characteristics|pe_optional_magic|pe_subsystem|pe_dll_characteristics|pe_number_of_sections|pe_section_names|pe_section_raw_size_total|pe_has_export_directory|pe_has_import_directory|pe_has_resource_directory|pe_has_security_directory|overlay_size|overlay_entropy|overlay_after_security_size|overlay_after_security_entropy,14658470,5.423747,ok,22,.text|.data|.rdata|.pdata|.xdata|.bss|.edata|.idata|.tls|.rsrc|.reloc|/4|/19|/31|/45|/57|/70|/81|/92|/106|/122|/138,true,14976,true,3048,false,0,531366,4.276571,531366,4.276571,false,,0,
